TimeStamp,Nirs,PAM
2026-01-07 15:50:10,57.0,54.0
2026-01-07 15:50:20,,
2026-01-07 15:50:30,,
2026-01-07 15:50:40,,
2026-01-07 15:50:50,,
2026-01-07 15:51:00,,
2026-01-07 15:51:10,57.0,52.0
2026-01-07 15:51:20,,
2026-01-07 15:51:30,,
2026-01-07 15:51:40,,
2026-01-07 15:51:50,,
2026-01-07 15:52:00,,
2026-01-07 15:52:10,56.0,53.0
2026-01-07 15:52:20,,
2026-01-07 15:52:30,,
2026-01-07 15:52:40,,
2026-01-07 15:52:50,,
2026-01-07 15:53:00,,
2026-01-07 15:53:10,52.0,53.0
2026-01-07 15:53:20,,
2026-01-07 15:53:30,,
2026-01-07 15:53:40,,
2026-01-07 15:53:50,,
2026-01-07 15:54:00,,
2026-01-07 15:54:10,53.0,54.0
2026-01-07 15:54:20,,
2026-01-07 15:54:30,,
2026-01-07 15:54:40,,
2026-01-07 15:54:50,,
2026-01-07 15:55:00,,
2026-01-07 15:55:10,53.0,53.0
2026-01-07 15:55:20,,
2026-01-07 15:55:30,,
2026-01-07 15:55:40,,
2026-01-07 15:55:50,,
2026-01-07 15:56:00,,
2026-01-07 15:56:10,58.0,55.0
2026-01-07 15:56:20,,
2026-01-07 15:56:30,,
2026-01-07 15:56:40,,
2026-01-07 15:56:50,,
2026-01-07 15:57:00,,
2026-01-07 15:57:10,57.0,57.0
2026-01-07 15:57:20,,
2026-01-07 15:57:30,,
2026-01-07 15:57:40,,
2026-01-07 15:57:50,,
2026-01-07 15:58:00,,
2026-01-07 15:58:10,54.0,53.0
2026-01-07 15:58:20,,
2026-01-07 15:58:30,,
2026-01-07 15:58:40,,
2026-01-07 15:58:50,,
2026-01-07 15:59:00,,
2026-01-07 15:59:10,58.0,53.0
2026-01-07 15:59:20,,
2026-01-07 15:59:30,,
2026-01-07 15:59:40,,
2026-01-07 15:59:50,,
2026-01-07 16:00:00,,
2026-01-07 16:00:10,55.0,53.0
2026-01-07 16:00:20,,
2026-01-07 16:00:30,,
2026-01-07 16:00:40,,
2026-01-07 16:00:50,,
2026-01-07 16:01:00,,
2026-01-07 16:01:10,56.0,55.0
2026-01-07 16:01:20,,
2026-01-07 16:01:30,,
2026-01-07 16:01:40,,
2026-01-07 16:01:50,,
2026-01-07 16:02:00,,
2026-01-07 16:02:10,58.0,54.0
2026-01-07 16:02:20,,
2026-01-07 16:02:30,,
2026-01-07 16:02:40,,
2026-01-07 16:02:50,,
2026-01-07 16:03:00,,
2026-01-07 16:03:10,55.0,54.0
2026-01-07 16:03:20,,
2026-01-07 16:03:30,,
2026-01-07 16:03:40,,
2026-01-07 16:03:50,,
2026-01-07 16:04:00,,
2026-01-07 16:04:10,58.0,55.0
2026-01-07 16:04:20,,
2026-01-07 16:04:30,,
2026-01-07 16:04:40,,
2026-01-07 16:04:50,,
2026-01-07 16:05:00,,
2026-01-07 16:05:10,57.0,63.0
2026-01-07 16:05:20,,
2026-01-07 16:05:30,,
2026-01-07 16:05:40,,
2026-01-07 16:05:50,,
2026-01-07 16:06:00,,
2026-01-07 16:06:10,56.0,60.0
2026-01-07 16:06:20,,
2026-01-07 16:06:30,,
2026-01-07 16:06:40,,
2026-01-07 16:06:50,,
2026-01-07 16:07:00,,
2026-01-07 16:07:10,55.0,57.0
2026-01-07 16:07:20,,
2026-01-07 16:07:30,,
2026-01-07 16:07:40,,
2026-01-07 16:07:50,,
2026-01-07 16:08:00,,
2026-01-07 16:08:10,54.0,53.0
2026-01-07 16:08:20,,
2026-01-07 16:08:30,,
2026-01-07 16:08:40,,
2026-01-07 16:08:50,,
2026-01-07 16:09:00,,
2026-01-07 16:09:10,60.0,59.0
2026-01-07 16:09:20,,
2026-01-07 16:09:30,,
2026-01-07 16:09:40,,
2026-01-07 16:09:50,,
2026-01-07 16:10:00,,
2026-01-07 16:10:10,55.0,52.0
2026-01-07 16:10:20,,
2026-01-07 16:10:30,,
2026-01-07 16:10:40,,
2026-01-07 16:10:50,,
2026-01-07 16:11:00,,
2026-01-07 16:11:10,56.0,52.0
2026-01-07 16:11:20,,
2026-01-07 16:11:30,,
2026-01-07 16:11:40,,
2026-01-07 16:11:50,,
2026-01-07 16:12:00,,
2026-01-07 16:12:10,58.0,54.0
2026-01-07 16:12:20,,
2026-01-07 16:12:30,,
2026-01-07 16:12:40,,
2026-01-07 16:12:50,,
2026-01-07 16:13:00,,
2026-01-07 16:13:10,53.0,55.0
2026-01-07 16:13:20,,
2026-01-07 16:13:30,,
2026-01-07 16:13:40,,
2026-01-07 16:13:50,,
2026-01-07 16:14:00,,
2026-01-07 16:14:10,57.0,54.0
2026-01-07 16:14:20,,
2026-01-07 16:14:30,,
2026-01-07 16:14:40,,
2026-01-07 16:14:50,,
2026-01-07 16:15:00,,
2026-01-07 16:15:10,56.0,56.0
2026-01-07 16:15:20,,
2026-01-07 16:15:30,,
2026-01-07 16:15:40,,
2026-01-07 16:15:50,,
2026-01-07 16:16:00,,
2026-01-07 16:16:10,54.0,54.0
2026-01-07 16:16:20,,
2026-01-07 16:16:30,,
2026-01-07 16:16:40,,
2026-01-07 16:16:50,,
2026-01-07 16:17:00,,
2026-01-07 16:17:10,55.0,56.0
2026-01-07 16:17:20,,
2026-01-07 16:17:30,,
2026-01-07 16:17:40,,
2026-01-07 16:17:50,,
2026-01-07 16:18:00,,
2026-01-07 16:18:10,56.0,54.0
2026-01-07 16:18:20,,
2026-01-07 16:18:30,,
2026-01-07 16:18:40,,
2026-01-07 16:18:50,,
2026-01-07 16:19:00,,
2026-01-07 16:19:10,53.0,53.0
2026-01-07 16:19:20,,
2026-01-07 16:19:30,,
2026-01-07 16:19:40,,
2026-01-07 16:19:50,,
2026-01-07 16:20:00,,
2026-01-07 16:20:10,54.0,51.0
2026-01-07 16:20:20,,
2026-01-07 16:20:30,,
2026-01-07 16:20:40,,
2026-01-07 16:20:50,,
2026-01-07 16:21:00,,
2026-01-07 16:21:10,53.0,49.0
2026-01-07 16:21:20,,
2026-01-07 16:21:30,,
2026-01-07 16:21:40,,
2026-01-07 16:21:50,,
2026-01-07 16:22:00,,
2026-01-07 16:22:10,54.0,47.0
2026-01-07 16:22:20,,
2026-01-07 16:22:30,,
2026-01-07 16:22:40,,
2026-01-07 16:22:50,,
2026-01-07 16:23:00,,
2026-01-07 16:23:10,52.0,46.0
2026-01-07 16:23:20,,
2026-01-07 16:23:30,,
2026-01-07 16:23:40,,
2026-01-07 16:23:50,,
2026-01-07 16:24:00,,
2026-01-07 16:24:10,52.0,45.0
2026-01-07 16:24:20,,
2026-01-07 16:24:30,,
2026-01-07 16:24:40,,
2026-01-07 16:24:50,,
2026-01-07 16:25:00,,
2026-01-07 16:25:10,53.0,46.0
2026-01-07 16:25:20,,
2026-01-07 16:25:30,,
2026-01-07 16:25:40,,
2026-01-07 16:25:50,,
2026-01-07 16:26:00,,
2026-01-07 16:26:10,51.0,46.0
2026-01-07 16:26:20,,
2026-01-07 16:26:30,,
2026-01-07 16:26:40,,
2026-01-07 16:26:50,,
2026-01-07 16:27:00,,
2026-01-07 16:27:10,50.0,45.0
2026-01-07 16:27:20,,
2026-01-07 16:27:30,,
2026-01-07 16:27:40,,
2026-01-07 16:27:50,,
2026-01-07 16:28:00,,
2026-01-07 16:28:10,53.0,46.0
2026-01-07 16:28:20,,
2026-01-07 16:28:30,,
2026-01-07 16:28:40,,
2026-01-07 16:28:50,,
2026-01-07 16:29:00,,
2026-01-07 16:29:10,54.0,46.0
2026-01-07 16:29:20,,
2026-01-07 16:29:30,,
2026-01-07 16:29:40,,
2026-01-07 16:29:50,,
2026-01-07 16:30:00,,
2026-01-07 16:30:10,51.0,45.0
2026-01-07 16:30:20,,
2026-01-07 16:30:30,,
2026-01-07 16:30:40,,
2026-01-07 16:30:50,,
2026-01-07 16:31:00,,
2026-01-07 16:31:10,50.0,45.0
2026-01-07 16:31:20,,
2026-01-07 16:31:30,,
2026-01-07 16:31:40,,
2026-01-07 16:31:50,,
2026-01-07 16:32:00,,
2026-01-07 16:32:10,52.0,45.0
2026-01-07 16:32:20,,
2026-01-07 16:32:30,,
2026-01-07 16:32:40,,
2026-01-07 16:32:50,,
2026-01-07 16:33:00,,
2026-01-07 16:33:10,53.0,45.0
2026-01-07 16:33:20,,
2026-01-07 16:33:30,,
2026-01-07 16:33:40,,
2026-01-07 16:33:50,,
2026-01-07 16:34:00,,
2026-01-07 16:34:10,52.0,45.0
2026-01-07 16:34:20,,
2026-01-07 16:34:30,,
2026-01-07 16:34:40,,
2026-01-07 16:34:50,,
2026-01-07 16:35:00,,
2026-01-07 16:35:10,52.0,46.0
2026-01-07 16:35:20,,
2026-01-07 16:35:30,,
2026-01-07 16:35:40,,
2026-01-07 16:35:50,,
2026-01-07 16:36:00,,
2026-01-07 16:36:10,54.0,46.0
2026-01-07 16:36:20,,
2026-01-07 16:36:30,,
2026-01-07 16:36:40,,
2026-01-07 16:36:50,,
2026-01-07 16:37:00,,
2026-01-07 16:37:10,51.0,46.0
2026-01-07 16:37:20,,
2026-01-07 16:37:30,,
2026-01-07 16:37:40,,
2026-01-07 16:37:50,,
2026-01-07 16:38:00,,
2026-01-07 16:38:10,49.0,44.0
2026-01-07 16:38:20,,
2026-01-07 16:38:30,,
2026-01-07 16:38:40,,
2026-01-07 16:38:50,,
2026-01-07 16:39:00,,
2026-01-07 16:39:10,53.0,46.0
2026-01-07 16:39:20,,
2026-01-07 16:39:30,,
2026-01-07 16:39:40,,
2026-01-07 16:39:50,,
2026-01-07 16:40:00,,
2026-01-07 16:40:10,54.0,45.0
2026-01-07 16:40:20,,
2026-01-07 16:40:30,,
2026-01-07 16:40:40,,
2026-01-07 16:40:50,,
2026-01-07 16:41:00,,
2026-01-07 16:41:10,52.0,45.0
2026-01-07 16:41:20,,
2026-01-07 16:41:30,,
2026-01-07 16:41:40,,
2026-01-07 16:41:50,,
2026-01-07 16:42:00,,
2026-01-07 16:42:10,53.0,46.0
2026-01-07 16:42:20,,
2026-01-07 16:42:30,,
2026-01-07 16:42:40,,
2026-01-07 16:42:50,,
2026-01-07 16:43:00,,
2026-01-07 16:43:10,52.0,45.0
2026-01-07 16:43:20,,
2026-01-07 16:43:30,,
2026-01-07 16:43:40,,
2026-01-07 16:43:50,,
2026-01-07 16:44:00,,
2026-01-07 16:44:10,53.0,44.0
2026-01-07 16:44:20,,
2026-01-07 16:44:30,,
2026-01-07 16:44:40,,
2026-01-07 16:44:50,,
2026-01-07 16:45:00,,
2026-01-07 16:45:10,51.0,45.0
2026-01-07 16:45:20,,
2026-01-07 16:45:30,,
2026-01-07 16:45:40,,
2026-01-07 16:45:50,,
2026-01-07 16:46:00,,
2026-01-07 16:46:10,52.0,44.0
2026-01-07 16:46:20,,
2026-01-07 16:46:30,,
2026-01-07 16:46:40,,
2026-01-07 16:46:50,,
2026-01-07 16:47:00,,
2026-01-07 16:47:10,52.0,45.0
2026-01-07 16:47:20,,
2026-01-07 16:47:30,,
2026-01-07 16:47:40,,
2026-01-07 16:47:50,,
2026-01-07 16:48:00,,
2026-01-07 16:48:10,49.0,46.0
2026-01-07 16:48:20,,
2026-01-07 16:48:30,,
2026-01-07 16:48:40,,
2026-01-07 16:48:50,,
2026-01-07 16:49:00,,
2026-01-07 16:49:10,48.0,45.0
2026-01-07 16:49:20,,
2026-01-07 16:49:30,,
2026-01-07 16:49:40,,
2026-01-07 16:49:50,,
2026-01-07 16:50:00,,
2026-01-07 16:50:10,52.0,45.0
2026-01-07 16:50:20,,
2026-01-07 16:50:30,,
2026-01-07 16:50:40,,
2026-01-07 16:50:50,,
2026-01-07 16:51:00,,
2026-01-07 16:51:10,52.0,45.0
2026-01-07 16:51:20,,
2026-01-07 16:51:30,,
2026-01-07 16:51:40,,
2026-01-07 16:51:50,,
2026-01-07 16:52:00,,
2026-01-07 16:52:10,51.0,46.0
2026-01-07 16:52:20,,
2026-01-07 16:52:30,,
2026-01-07 16:52:40,,
2026-01-07 16:52:50,,
2026-01-07 16:53:00,,
2026-01-07 16:53:10,50.0,45.0
2026-01-07 16:53:20,,
2026-01-07 16:53:30,,
2026-01-07 16:53:40,,
2026-01-07 16:53:50,,
2026-01-07 16:54:00,,
2026-01-07 16:54:10,51.0,45.0
2026-01-07 16:54:20,,
2026-01-07 16:54:30,,
2026-01-07 16:54:40,,
2026-01-07 16:54:50,,
2026-01-07 16:55:00,,
2026-01-07 16:55:10,50.0,48.0
2026-01-07 16:55:20,,
2026-01-07 16:55:30,,
2026-01-07 16:55:40,,
2026-01-07 16:55:50,,
2026-01-07 16:56:00,,
2026-01-07 16:56:10,50.0,49.0
2026-01-07 16:56:20,,
2026-01-07 16:56:30,,
2026-01-07 16:56:40,,
2026-01-07 16:56:50,,
2026-01-07 16:57:00,,
2026-01-07 16:57:10,53.0,48.0
2026-01-07 16:57:20,,
2026-01-07 16:57:30,,
2026-01-07 16:57:40,,
2026-01-07 16:57:50,,
2026-01-07 16:58:00,,
2026-01-07 16:58:10,53.0,49.0
2026-01-07 16:58:20,,
2026-01-07 16:58:30,,
2026-01-07 16:58:40,,
2026-01-07 16:58:50,,
2026-01-07 16:59:00,,
2026-01-07 16:59:10,50.0,46.0
2026-01-07 16:59:20,,
2026-01-07 16:59:30,,
2026-01-07 16:59:40,,
2026-01-07 16:59:50,,
2026-01-07 17:00:00,,
2026-01-07 17:00:10,50.0,47.0
2026-01-07 17:00:20,,
2026-01-07 17:00:30,,
2026-01-07 17:00:40,,
2026-01-07 17:00:50,,
2026-01-07 17:01:00,,
2026-01-07 17:01:10,52.0,46.0
2026-01-07 17:01:20,,
2026-01-07 17:01:30,,
2026-01-07 17:01:40,,
2026-01-07 17:01:50,,
2026-01-07 17:02:00,,
2026-01-07 17:02:10,52.0,46.0
2026-01-07 17:02:20,,
2026-01-07 17:02:30,,
2026-01-07 17:02:40,,
2026-01-07 17:02:50,,
2026-01-07 17:03:00,,
2026-01-07 17:03:10,51.0,48.0
2026-01-07 17:03:20,,
2026-01-07 17:03:30,,
2026-01-07 17:03:40,,
2026-01-07 17:03:50,,
2026-01-07 17:04:00,,
2026-01-07 17:04:10,51.0,47.0
2026-01-07 17:04:20,,
2026-01-07 17:04:30,,
2026-01-07 17:04:40,,
2026-01-07 17:04:50,,
2026-01-07 17:05:00,,
2026-01-07 17:05:10,52.0,48.0
2026-01-07 17:05:20,,
2026-01-07 17:05:30,,
2026-01-07 17:05:40,,
2026-01-07 17:05:50,,
2026-01-07 17:06:00,,
2026-01-07 17:06:10,53.0,49.0
2026-01-07 17:06:20,,
2026-01-07 17:06:30,,
2026-01-07 17:06:40,,
2026-01-07 17:06:50,,
2026-01-07 17:07:00,,
2026-01-07 17:07:10,52.0,46.0
2026-01-07 17:07:20,,
2026-01-07 17:07:30,,
2026-01-07 17:07:40,,
2026-01-07 17:07:50,,
2026-01-07 17:08:00,,
2026-01-07 17:08:10,54.0,47.0
2026-01-07 17:08:20,,
2026-01-07 17:08:30,,
2026-01-07 17:08:40,,
2026-01-07 17:08:50,,
2026-01-07 17:09:00,,
2026-01-07 17:09:10,54.0,47.0
2026-01-07 17:09:20,,
2026-01-07 17:09:30,,
2026-01-07 17:09:40,,
2026-01-07 17:09:50,,
2026-01-07 17:10:00,,
2026-01-07 17:10:10,51.0,49.0
2026-01-07 17:10:20,,
2026-01-07 17:10:30,,
2026-01-07 17:10:40,,
2026-01-07 17:10:50,,
2026-01-07 17:11:00,,
2026-01-07 17:11:10,52.0,47.0
2026-01-07 17:11:20,,
2026-01-07 17:11:30,,
2026-01-07 17:11:40,,
2026-01-07 17:11:50,,
2026-01-07 17:12:00,,
2026-01-07 17:12:10,54.0,47.0
2026-01-07 17:12:20,,
2026-01-07 17:12:30,,
2026-01-07 17:12:40,,
2026-01-07 17:12:50,,
2026-01-07 17:13:00,,
2026-01-07 17:13:10,54.0,46.0
2026-01-07 17:13:20,,
2026-01-07 17:13:30,,
2026-01-07 17:13:40,,
2026-01-07 17:13:50,,
2026-01-07 17:14:00,,
2026-01-07 17:14:10,50.0,46.0
2026-01-07 17:14:20,,
2026-01-07 17:14:30,,
2026-01-07 17:14:40,,
2026-01-07 17:14:50,,
2026-01-07 17:15:00,,
2026-01-07 17:15:10,52.0,45.0
2026-01-07 17:15:20,,
2026-01-07 17:15:30,,
2026-01-07 17:15:40,,
2026-01-07 17:15:50,,
2026-01-07 17:16:00,,
2026-01-07 17:16:10,52.0,45.0
2026-01-07 17:16:20,,
2026-01-07 17:16:30,,
2026-01-07 17:16:40,,
2026-01-07 17:16:50,,
2026-01-07 17:17:00,,
2026-01-07 17:17:10,52.0,44.0
2026-01-07 17:17:20,,
2026-01-07 17:17:30,,
2026-01-07 17:17:40,,
2026-01-07 17:17:50,,
2026-01-07 17:18:00,,
2026-01-07 17:18:10,52.0,44.0
2026-01-07 17:18:20,,
2026-01-07 17:18:30,,
2026-01-07 17:18:40,,
2026-01-07 17:18:50,,
2026-01-07 17:19:00,,
2026-01-07 17:19:10,52.0,47.0
2026-01-07 17:19:20,,
2026-01-07 17:19:30,,
2026-01-07 17:19:40,,
2026-01-07 17:19:50,,
2026-01-07 17:20:00,,
2026-01-07 17:20:10,53.0,46.0
2026-01-07 17:20:20,,
2026-01-07 17:20:30,,
2026-01-07 17:20:40,,
2026-01-07 17:20:50,,
2026-01-07 17:21:00,,
2026-01-07 17:21:10,50.0,49.0
2026-01-07 17:21:20,,
2026-01-07 17:21:30,,
2026-01-07 17:21:40,,
2026-01-07 17:21:50,,
2026-01-07 17:22:00,,
2026-01-07 17:22:10,51.0,46.0
2026-01-07 17:22:20,,
2026-01-07 17:22:30,,
2026-01-07 17:22:40,,
2026-01-07 17:22:50,,
2026-01-07 17:23:00,,
2026-01-07 17:23:10,55.0,49.0
2026-01-07 17:23:20,,
2026-01-07 17:23:30,,
2026-01-07 17:23:40,,
2026-01-07 17:23:50,,
2026-01-07 17:24:00,,
2026-01-07 17:24:10,54.0,48.0
2026-01-07 17:24:20,,
2026-01-07 17:24:30,,
2026-01-07 17:24:40,,
2026-01-07 17:24:50,,
2026-01-07 17:25:00,,
2026-01-07 17:25:10,50.0,46.0
2026-01-07 17:25:20,,
2026-01-07 17:25:30,,
2026-01-07 17:25:40,,
2026-01-07 17:25:50,,
2026-01-07 17:26:00,,
2026-01-07 17:26:10,51.0,48.0
2026-01-07 17:26:20,,
2026-01-07 17:26:30,,
2026-01-07 17:26:40,,
2026-01-07 17:26:50,,
2026-01-07 17:27:00,,
2026-01-07 17:27:10,53.0,49.0
2026-01-07 17:27:20,,
2026-01-07 17:27:30,,
2026-01-07 17:27:40,,
2026-01-07 17:27:50,,
2026-01-07 17:28:00,,
2026-01-07 17:28:10,53.0,49.0
2026-01-07 17:28:20,,
2026-01-07 17:28:30,,
2026-01-07 17:28:40,,
2026-01-07 17:28:50,,
2026-01-07 17:29:00,,
2026-01-07 17:29:10,53.0,48.0
2026-01-07 17:29:20,,
2026-01-07 17:29:30,,
2026-01-07 17:29:40,,
2026-01-07 17:29:50,,
2026-01-07 17:30:00,,
2026-01-07 17:30:10,53.0,49.0
2026-01-07 17:30:20,,
2026-01-07 17:30:30,,
2026-01-07 17:30:40,,
2026-01-07 17:30:50,,
2026-01-07 17:31:00,,
2026-01-07 17:31:10,54.0,47.0
2026-01-07 17:31:20,,
2026-01-07 17:31:30,,
2026-01-07 17:31:40,,
2026-01-07 17:31:50,,
2026-01-07 17:32:00,,
2026-01-07 17:32:10,53.0,47.0
2026-01-07 17:32:20,,
2026-01-07 17:32:30,,
2026-01-07 17:32:40,,
2026-01-07 17:32:50,,
2026-01-07 17:33:00,,
2026-01-07 17:33:10,51.0,46.0
2026-01-07 17:33:20,,
2026-01-07 17:33:30,,
2026-01-07 17:33:40,,
2026-01-07 17:33:50,,
2026-01-07 17:34:00,,
2026-01-07 17:34:10,53.0,47.0
2026-01-07 17:34:20,,
2026-01-07 17:34:30,,
2026-01-07 17:34:40,,
2026-01-07 17:34:50,,
2026-01-07 17:35:00,,
2026-01-07 17:35:10,54.0,46.0
2026-01-07 17:35:20,,
2026-01-07 17:35:30,,
2026-01-07 17:35:40,,
2026-01-07 17:35:50,,
2026-01-07 17:36:00,,
2026-01-07 17:36:10,53.0,49.0
2026-01-07 17:36:20,,
2026-01-07 17:36:30,,
2026-01-07 17:36:40,,
2026-01-07 17:36:50,,
2026-01-07 17:37:00,,
2026-01-07 17:37:10,54.0,52.0
2026-01-07 17:37:20,,
2026-01-07 17:37:30,,
2026-01-07 17:37:40,,
2026-01-07 17:37:50,,
2026-01-07 17:38:00,,
2026-01-07 17:38:10,55.0,51.0
2026-01-07 17:38:20,,
2026-01-07 17:38:30,,
2026-01-07 17:38:40,,
2026-01-07 17:38:50,,
2026-01-07 17:39:00,,
2026-01-07 17:39:10,54.0,49.0
2026-01-07 17:39:20,,
2026-01-07 17:39:30,,
2026-01-07 17:39:40,,
2026-01-07 17:39:50,,
2026-01-07 17:40:00,,
2026-01-07 17:40:10,55.0,49.0
2026-01-07 17:40:20,,
2026-01-07 17:40:30,,
2026-01-07 17:40:40,,
2026-01-07 17:40:50,,
2026-01-07 17:41:00,,
2026-01-07 17:41:10,55.0,49.0
2026-01-07 17:41:20,,
2026-01-07 17:41:30,,
2026-01-07 17:41:40,,
2026-01-07 17:41:50,,
2026-01-07 17:42:00,,
2026-01-07 17:42:10,55.0,48.0
2026-01-07 17:42:20,,
2026-01-07 17:42:30,,
2026-01-07 17:42:40,,
2026-01-07 17:42:50,,
2026-01-07 17:43:00,,
2026-01-07 17:43:10,55.0,48.0
2026-01-07 17:43:20,,
2026-01-07 17:43:30,,
2026-01-07 17:43:40,,
2026-01-07 17:43:50,,
2026-01-07 17:44:00,,
2026-01-07 17:44:10,53.0,49.0
2026-01-07 17:44:20,,
2026-01-07 17:44:30,,
2026-01-07 17:44:40,,
2026-01-07 17:44:50,,
2026-01-07 17:45:00,,
2026-01-07 17:45:10,56.0,47.0
2026-01-07 17:45:20,,
2026-01-07 17:45:30,,
2026-01-07 17:45:40,,
2026-01-07 17:45:50,,
2026-01-07 17:46:00,,
2026-01-07 17:46:10,57.0,48.0
2026-01-07 17:46:20,,
2026-01-07 17:46:30,,
2026-01-07 17:46:40,,
2026-01-07 17:46:50,,
2026-01-07 17:47:00,,
2026-01-07 17:47:10,54.0,50.0
2026-01-07 17:47:20,,
2026-01-07 17:47:30,,
2026-01-07 17:47:40,,
2026-01-07 17:47:50,,
2026-01-07 17:48:00,,
2026-01-07 17:48:10,54.0,49.0
2026-01-07 17:48:20,,
2026-01-07 17:48:30,,
2026-01-07 17:48:40,,
2026-01-07 17:48:50,,
2026-01-07 17:49:00,,
2026-01-07 17:49:10,55.0,50.0
2026-01-07 17:49:20,,
2026-01-07 17:49:30,,
2026-01-07 17:49:40,,
2026-01-07 17:49:50,,
2026-01-07 17:50:00,,
2026-01-07 17:50:10,55.0,49.0
2026-01-07 17:50:20,,
2026-01-07 17:50:30,,
2026-01-07 17:50:40,,
2026-01-07 17:50:50,,
2026-01-07 17:51:00,,
2026-01-07 17:51:10,55.0,48.0
2026-01-07 17:51:20,,
2026-01-07 17:51:30,,
2026-01-07 17:51:40,,
2026-01-07 17:51:50,,
2026-01-07 17:52:00,,
2026-01-07 17:52:10,54.0,48.0
2026-01-07 17:52:20,,
2026-01-07 17:52:30,,
2026-01-07 17:52:40,,
2026-01-07 17:52:50,,
2026-01-07 17:53:00,,
2026-01-07 17:53:10,54.0,47.0
2026-01-07 17:53:20,,
2026-01-07 17:53:30,,
2026-01-07 17:53:40,,
2026-01-07 17:53:50,,
2026-01-07 17:54:00,,
2026-01-07 17:54:10,54.0,48.0
2026-01-07 17:54:20,,
2026-01-07 17:54:30,,
2026-01-07 17:54:40,,
2026-01-07 17:54:50,,
2026-01-07 17:55:00,,
2026-01-07 17:55:10,54.0,48.0
2026-01-07 17:55:20,,
2026-01-07 17:55:30,,
2026-01-07 17:55:40,,
2026-01-07 17:55:50,,
2026-01-07 17:56:00,,
2026-01-07 17:56:10,55.0,48.0
2026-01-07 17:56:20,,
2026-01-07 17:56:30,,
2026-01-07 17:56:40,,
2026-01-07 17:56:50,,
2026-01-07 17:57:00,,
2026-01-07 17:57:10,55.0,48.0
2026-01-07 17:57:20,,
2026-01-07 17:57:30,,
2026-01-07 17:57:40,,
2026-01-07 17:57:50,,
2026-01-07 17:58:00,,
2026-01-07 17:58:10,52.0,47.0
2026-01-07 17:58:20,,
2026-01-07 17:58:30,,
2026-01-07 17:58:40,,
2026-01-07 17:58:50,,
2026-01-07 17:59:00,,
2026-01-07 17:59:10,53.0,48.0
2026-01-07 17:59:20,,
2026-01-07 17:59:30,,
2026-01-07 17:59:40,,
2026-01-07 17:59:50,,
2026-01-07 18:00:00,,
2026-01-07 18:00:10,55.0,50.0
2026-01-07 18:00:20,,
2026-01-07 18:00:30,,
2026-01-07 18:00:40,,
2026-01-07 18:00:50,,
2026-01-07 18:01:00,,
2026-01-07 18:01:10,55.0,47.0
2026-01-07 18:01:20,,
2026-01-07 18:01:30,,
2026-01-07 18:01:40,,
2026-01-07 18:01:50,,
2026-01-07 18:02:00,,
2026-01-07 18:02:10,54.0,46.0
2026-01-07 18:02:20,,
2026-01-07 18:02:30,,
2026-01-07 18:02:40,,
2026-01-07 18:02:50,,
2026-01-07 18:03:00,,
2026-01-07 18:03:10,56.0,46.0
2026-01-07 18:03:20,,
2026-01-07 18:03:30,,
2026-01-07 18:03:40,,
2026-01-07 18:03:50,,
2026-01-07 18:04:00,,
2026-01-07 18:04:10,53.0,47.0
2026-01-07 18:04:20,,
2026-01-07 18:04:30,,
2026-01-07 18:04:40,,
2026-01-07 18:04:50,,
2026-01-07 18:05:00,,
2026-01-07 18:05:10,54.0,45.0
2026-01-07 18:05:20,,
2026-01-07 18:05:30,,
2026-01-07 18:05:40,,
2026-01-07 18:05:50,,
2026-01-07 18:06:00,,
2026-01-07 18:06:10,54.0,47.0
2026-01-07 18:06:20,,
2026-01-07 18:06:30,,
2026-01-07 18:06:40,,
2026-01-07 18:06:50,,
2026-01-07 18:07:00,,
2026-01-07 18:07:10,55.0,47.0
2026-01-07 18:07:20,,
2026-01-07 18:07:30,,
2026-01-07 18:07:40,,
2026-01-07 18:07:50,,
2026-01-07 18:08:00,,
2026-01-07 18:08:10,57.0,51.0
2026-01-07 18:08:20,,
2026-01-07 18:08:30,,
2026-01-07 18:08:40,,
2026-01-07 18:08:50,,
2026-01-07 18:09:00,,
2026-01-07 18:09:10,55.0,69.0
2026-01-07 18:09:20,,
2026-01-07 18:09:30,,
2026-01-07 18:09:40,,
2026-01-07 18:09:50,,
2026-01-07 18:10:00,,
2026-01-07 18:10:10,49.0,47.0
2026-01-07 18:10:20,,
2026-01-07 18:10:30,,
2026-01-07 18:10:40,,
2026-01-07 18:10:50,,
2026-01-07 18:11:00,,
2026-01-07 18:11:10,54.0,56.0
2026-01-07 18:11:20,,
2026-01-07 18:11:30,,
2026-01-07 18:11:40,,
2026-01-07 18:11:50,,
2026-01-07 18:12:00,,
2026-01-07 18:12:10,48.0,61.0
2026-01-07 18:12:20,,
2026-01-07 18:12:30,,
2026-01-07 18:12:40,,
2026-01-07 18:12:50,,
2026-01-07 18:13:00,,
2026-01-07 18:13:10,49.0,58.0
2026-01-07 18:13:20,,
2026-01-07 18:13:30,,
2026-01-07 18:13:40,,
2026-01-07 18:13:50,,
2026-01-07 18:14:00,,
2026-01-07 18:14:10,53.0,56.0
2026-01-07 18:14:20,,
2026-01-07 18:14:30,,
2026-01-07 18:14:40,,
2026-01-07 18:14:50,,
2026-01-07 18:15:00,,
2026-01-07 18:15:10,55.0,58.0
2026-01-07 18:15:20,,
2026-01-07 18:15:30,,
2026-01-07 18:15:40,,
2026-01-07 18:15:50,,
2026-01-07 18:16:00,,
2026-01-07 18:16:10,54.0,55.0
2026-01-07 18:16:20,,
2026-01-07 18:16:30,,
2026-01-07 18:16:40,,
2026-01-07 18:16:50,,
2026-01-07 18:17:00,,
2026-01-07 18:17:10,53.0,57.0
2026-01-07 18:17:20,,
2026-01-07 18:17:30,,
2026-01-07 18:17:40,,
2026-01-07 18:17:50,,
2026-01-07 18:18:00,,
2026-01-07 18:18:10,62.0,51.0
2026-01-07 18:18:20,,
2026-01-07 18:18:30,,
2026-01-07 18:18:40,,
2026-01-07 18:18:50,,
2026-01-07 18:19:00,,
2026-01-07 18:19:10,59.0,53.0
2026-01-07 18:19:20,,
2026-01-07 18:19:30,,
2026-01-07 18:19:40,,
2026-01-07 18:19:50,,
2026-01-07 18:20:00,,
2026-01-07 18:20:10,68.0,54.0
2026-01-07 18:20:20,,
2026-01-07 18:20:30,,
2026-01-07 18:20:40,,
2026-01-07 18:20:50,,
2026-01-07 18:21:00,,
2026-01-07 18:21:10,57.0,55.0
2026-01-07 18:21:20,,
2026-01-07 18:21:30,,
2026-01-07 18:21:40,,
2026-01-07 18:21:50,,
2026-01-07 18:22:00,,
2026-01-07 18:22:10,51.0,53.0
2026-01-07 18:22:20,,
2026-01-07 18:22:30,,
2026-01-07 18:22:40,,
2026-01-07 18:22:50,,
2026-01-07 18:23:00,,
2026-01-07 18:23:10,51.0,51.0
2026-01-07 18:23:20,,
2026-01-07 18:23:30,,
2026-01-07 18:23:40,,
2026-01-07 18:23:50,,
2026-01-07 18:24:00,,
2026-01-07 18:24:10,50.0,49.0
2026-01-07 18:24:20,,
2026-01-07 18:24:30,,
2026-01-07 18:24:40,,
2026-01-07 18:24:50,,
2026-01-07 18:25:00,,
2026-01-07 18:25:10,51.0,49.0
2026-01-07 18:25:20,,
2026-01-07 18:25:30,,
2026-01-07 18:25:40,,
2026-01-07 18:25:50,,
2026-01-07 18:26:00,,
2026-01-07 18:26:10,51.0,48.0
2026-01-07 18:26:20,,
2026-01-07 18:26:30,,
2026-01-07 18:26:40,,
2026-01-07 18:26:50,,
2026-01-07 18:27:00,,
2026-01-07 18:27:10,53.0,50.0
2026-01-07 18:27:20,,
2026-01-07 18:27:30,,
2026-01-07 18:27:40,,
2026-01-07 18:27:50,,
2026-01-07 18:28:00,,
2026-01-07 18:28:10,51.0,49.0
2026-01-07 18:28:20,,
2026-01-07 18:28:30,,
2026-01-07 18:28:40,,
2026-01-07 18:28:50,,
2026-01-07 18:29:00,,
2026-01-07 18:29:10,48.0,49.0
2026-01-07 18:29:20,,
2026-01-07 18:29:30,,
2026-01-07 18:29:40,,
2026-01-07 18:29:50,,
2026-01-07 18:30:00,,
2026-01-07 18:30:10,49.0,50.0
2026-01-07 18:30:20,,
2026-01-07 18:30:30,,
2026-01-07 18:30:40,,
2026-01-07 18:30:50,,
2026-01-07 18:31:00,,
2026-01-07 18:31:10,50.0,47.0
2026-01-07 18:31:20,,
2026-01-07 18:31:30,,
2026-01-07 18:31:40,,
2026-01-07 18:31:50,,
2026-01-07 18:32:00,,
2026-01-07 18:32:10,47.0,46.0
2026-01-07 18:32:20,,
2026-01-07 18:32:30,,
2026-01-07 18:32:40,,
2026-01-07 18:32:50,,
2026-01-07 18:33:00,,
2026-01-07 18:33:10,47.0,46.0
2026-01-07 18:33:20,,
2026-01-07 18:33:30,,
2026-01-07 18:33:40,,
2026-01-07 18:33:50,,
2026-01-07 18:34:00,,
2026-01-07 18:34:10,50.0,48.0
2026-01-07 18:34:20,,
2026-01-07 18:34:30,,
2026-01-07 18:34:40,,
2026-01-07 18:34:50,,
2026-01-07 18:35:00,,
2026-01-07 18:35:10,47.0,45.0
2026-01-07 18:35:20,,
2026-01-07 18:35:30,,
2026-01-07 18:35:40,,
2026-01-07 18:35:50,,
2026-01-07 18:36:00,,
2026-01-07 18:36:10,47.0,45.0
2026-01-07 18:36:20,,
2026-01-07 18:36:30,,
2026-01-07 18:36:40,,
2026-01-07 18:36:50,,
2026-01-07 18:37:00,,
2026-01-07 18:37:10,48.0,45.0
2026-01-07 18:37:20,,
2026-01-07 18:37:30,,
2026-01-07 18:37:40,,
2026-01-07 18:37:50,,
2026-01-07 18:38:00,,
2026-01-07 18:38:10,48.0,50.0
2026-01-07 18:38:20,,
2026-01-07 18:38:30,,
2026-01-07 18:38:40,,
2026-01-07 18:38:50,,
2026-01-07 18:39:00,,
2026-01-07 18:39:10,51.0,50.0
2026-01-07 18:39:20,,
2026-01-07 18:39:30,,
2026-01-07 18:39:40,,
2026-01-07 18:39:50,,
2026-01-07 18:40:00,,
2026-01-07 18:40:10,54.0,56.0
2026-01-07 18:40:20,,
2026-01-07 18:40:30,,
2026-01-07 18:40:40,,
2026-01-07 18:40:50,,
2026-01-07 18:41:00,,
2026-01-07 18:41:10,52.0,51.0
2026-01-07 18:41:20,,
2026-01-07 18:41:30,,
2026-01-07 18:41:40,,
2026-01-07 18:41:50,,
2026-01-07 18:42:00,,
2026-01-07 18:42:10,53.0,49.0
2026-01-07 18:42:20,,
2026-01-07 18:42:30,,
2026-01-07 18:42:40,,
2026-01-07 18:42:50,,
2026-01-07 18:43:00,,
2026-01-07 18:43:10,53.0,50.0
2026-01-07 18:43:20,,
2026-01-07 18:43:30,,
2026-01-07 18:43:40,,
2026-01-07 18:43:50,,
2026-01-07 18:44:00,,
2026-01-07 18:44:10,51.0,46.0
2026-01-07 18:44:20,,
2026-01-07 18:44:30,,
2026-01-07 18:44:40,,
2026-01-07 18:44:50,,
2026-01-07 18:45:00,,
2026-01-07 18:45:10,52.0,45.0
2026-01-07 18:45:20,,
2026-01-07 18:45:30,,
2026-01-07 18:45:40,,
2026-01-07 18:45:50,,
2026-01-07 18:46:00,,
2026-01-07 18:46:10,53.0,47.0
2026-01-07 18:46:20,,
2026-01-07 18:46:30,,
2026-01-07 18:46:40,,
2026-01-07 18:46:50,,
2026-01-07 18:47:00,,
2026-01-07 18:47:10,51.0,49.0
2026-01-07 18:47:20,,
2026-01-07 18:47:30,,
2026-01-07 18:47:40,,
2026-01-07 18:47:50,,
2026-01-07 18:48:00,,
2026-01-07 18:48:10,51.0,45.0
2026-01-07 18:48:20,,
2026-01-07 18:48:30,,
2026-01-07 18:48:40,,
2026-01-07 18:48:50,,
2026-01-07 18:49:00,,
2026-01-07 18:49:10,53.0,55.0
2026-01-07 18:49:20,,
2026-01-07 18:49:30,,
2026-01-07 18:49:40,,
2026-01-07 18:49:50,,
2026-01-07 18:50:00,,
2026-01-07 18:50:10,46.0,51.0
2026-01-07 18:50:20,,
2026-01-07 18:50:30,,
2026-01-07 18:50:40,,
2026-01-07 18:50:50,,
2026-01-07 18:51:00,,
2026-01-07 18:51:10,60.0,51.0
2026-01-07 18:51:20,,
2026-01-07 18:51:30,,
2026-01-07 18:51:40,,
2026-01-07 18:51:50,,
2026-01-07 18:52:00,,
2026-01-07 18:52:10,69.0,52.0
2026-01-07 18:52:20,,
2026-01-07 18:52:30,,
2026-01-07 18:52:40,,
2026-01-07 18:52:50,,
2026-01-07 18:53:00,,
2026-01-07 18:53:10,64.0,52.0
2026-01-07 18:53:20,,
2026-01-07 18:53:30,,
2026-01-07 18:53:40,,
2026-01-07 18:53:50,,
2026-01-07 18:54:00,,
2026-01-07 18:54:10,62.0,49.0
2026-01-07 18:54:20,,
2026-01-07 18:54:30,,
2026-01-07 18:54:40,,
2026-01-07 18:54:50,,
2026-01-07 18:55:00,,
2026-01-07 18:55:10,64.0,49.0
2026-01-07 18:55:20,,
2026-01-07 18:55:30,,
2026-01-07 18:55:40,,
2026-01-07 18:55:50,,
2026-01-07 18:56:00,,
2026-01-07 18:56:10,65.0,54.0
2026-01-07 18:56:20,,
2026-01-07 18:56:30,,
2026-01-07 18:56:40,,
2026-01-07 18:56:50,,
2026-01-07 18:57:00,,
2026-01-07 18:57:10,62.0,47.0
2026-01-07 18:57:20,,
2026-01-07 18:57:30,,
2026-01-07 18:57:40,,
2026-01-07 18:57:50,,
2026-01-07 18:58:00,,
2026-01-07 18:58:10,61.0,45.0
2026-01-07 18:58:20,,
2026-01-07 18:58:30,,
2026-01-07 18:58:40,,
2026-01-07 18:58:50,,
2026-01-07 18:59:00,,
2026-01-07 18:59:10,63.0,43.0
2026-01-07 18:59:20,,
2026-01-07 18:59:30,,
2026-01-07 18:59:40,,
2026-01-07 18:59:50,,
2026-01-07 19:00:00,,
2026-01-07 19:00:10,62.0,42.0
2026-01-07 19:00:20,,
2026-01-07 19:00:30,,
2026-01-07 19:00:40,,
2026-01-07 19:00:50,,
2026-01-07 19:01:00,,
2026-01-07 19:01:10,62.0,41.0
2026-01-07 19:01:20,,
2026-01-07 19:01:30,,
2026-01-07 19:01:40,,
2026-01-07 19:01:50,,
2026-01-07 19:02:00,,
2026-01-07 19:02:10,61.0,40.0
2026-01-07 19:02:20,,
2026-01-07 19:02:30,,
2026-01-07 19:02:40,,
2026-01-07 19:02:50,,
2026-01-07 19:03:00,,
2026-01-07 19:03:10,61.0,39.0
2026-01-07 19:03:20,,
2026-01-07 19:03:30,,
2026-01-07 19:03:40,,
2026-01-07 19:03:50,,
2026-01-07 19:04:00,,
2026-01-07 19:04:10,62.0,39.0
2026-01-07 19:04:20,,
2026-01-07 19:04:30,,
2026-01-07 19:04:40,,
2026-01-07 19:04:50,,
2026-01-07 19:05:00,,
2026-01-07 19:05:10,61.0,39.0
2026-01-07 19:05:20,,
2026-01-07 19:05:30,,
2026-01-07 19:05:40,,
2026-01-07 19:05:50,,
2026-01-07 19:06:00,,
2026-01-07 19:06:10,61.0,39.0
2026-01-07 19:06:20,,
2026-01-07 19:06:30,,
2026-01-07 19:06:40,,
2026-01-07 19:06:50,,
2026-01-07 19:07:00,,
2026-01-07 19:07:10,60.0,39.0
2026-01-07 19:07:20,,
2026-01-07 19:07:30,,
2026-01-07 19:07:40,,
2026-01-07 19:07:50,,
2026-01-07 19:08:00,,
2026-01-07 19:08:10,60.0,39.0
2026-01-07 19:08:20,,
2026-01-07 19:08:30,,
2026-01-07 19:08:40,,
2026-01-07 19:08:50,,
2026-01-07 19:09:00,,
2026-01-07 19:09:10,60.0,39.0
2026-01-07 19:09:20,,
2026-01-07 19:09:30,,
2026-01-07 19:09:40,,
2026-01-07 19:09:50,,
2026-01-07 19:10:00,,
2026-01-07 19:10:10,60.0,39.0
2026-01-07 19:10:20,,
2026-01-07 19:10:30,,
2026-01-07 19:10:40,,
2026-01-07 19:10:50,,
2026-01-07 19:11:00,,
2026-01-07 19:11:10,60.0,39.0
2026-01-07 19:11:20,,
2026-01-07 19:11:30,,
2026-01-07 19:11:40,,
2026-01-07 19:11:50,,
2026-01-07 19:12:00,,
2026-01-07 19:12:10,60.0,39.0
2026-01-07 19:12:20,,
2026-01-07 19:12:30,,
2026-01-07 19:12:40,,
2026-01-07 19:12:50,,
2026-01-07 19:13:00,,
2026-01-07 19:13:10,59.0,39.0
2026-01-07 19:13:20,,
2026-01-07 19:13:30,,
2026-01-07 19:13:40,,
2026-01-07 19:13:50,,
2026-01-07 19:14:00,,
2026-01-07 19:14:10,60.0,39.0
2026-01-07 19:14:20,,
2026-01-07 19:14:30,,
2026-01-07 19:14:40,,
2026-01-07 19:14:50,,
2026-01-07 19:15:00,,
2026-01-07 19:15:10,60.0,39.0
2026-01-07 19:15:20,,
2026-01-07 19:15:30,,
2026-01-07 19:15:40,,
2026-01-07 19:15:50,,
2026-01-07 19:16:00,,
2026-01-07 19:16:10,59.0,39.0
2026-01-07 19:16:20,,
2026-01-07 19:16:30,,
2026-01-07 19:16:40,,
2026-01-07 19:16:50,,
2026-01-07 19:17:00,,
2026-01-07 19:17:10,59.0,39.0
2026-01-07 19:17:20,,
2026-01-07 19:17:30,,
2026-01-07 19:17:40,,
2026-01-07 19:17:50,,
2026-01-07 19:18:00,,
2026-01-07 19:18:10,59.0,38.0
2026-01-07 19:18:20,,
2026-01-07 19:18:30,,
2026-01-07 19:18:40,,
2026-01-07 19:18:50,,
2026-01-07 19:19:00,,
2026-01-07 19:19:10,59.0,38.0
2026-01-07 19:19:20,,
2026-01-07 19:19:30,,
2026-01-07 19:19:40,,
2026-01-07 19:19:50,,
2026-01-07 19:20:00,,
2026-01-07 19:20:10,59.0,38.0
2026-01-07 19:20:20,,
2026-01-07 19:20:30,,
2026-01-07 19:20:40,,
2026-01-07 19:20:50,,
2026-01-07 19:21:00,,
2026-01-07 19:21:10,58.0,39.0
2026-01-07 19:21:20,,
2026-01-07 19:21:30,,
2026-01-07 19:21:40,,
2026-01-07 19:21:50,,
2026-01-07 19:22:00,,
2026-01-07 19:22:10,59.0,39.0
2026-01-07 19:22:20,,
2026-01-07 19:22:30,,
2026-01-07 19:22:40,,
2026-01-07 19:22:50,,
2026-01-07 19:23:00,,
2026-01-07 19:23:10,59.0,39.0
2026-01-07 19:23:20,,
2026-01-07 19:23:30,,
2026-01-07 19:23:40,,
2026-01-07 19:23:50,,
2026-01-07 19:24:00,,
2026-01-07 19:24:10,59.0,39.0
2026-01-07 19:24:20,,
2026-01-07 19:24:30,,
2026-01-07 19:24:40,,
2026-01-07 19:24:50,,
2026-01-07 19:25:00,,
2026-01-07 19:25:10,58.0,39.0
2026-01-07 19:25:20,,
2026-01-07 19:25:30,,
2026-01-07 19:25:40,,
2026-01-07 19:25:50,,
2026-01-07 19:26:00,,
2026-01-07 19:26:10,58.0,40.0
2026-01-07 19:26:20,,
2026-01-07 19:26:30,,
2026-01-07 19:26:40,,
2026-01-07 19:26:50,,
2026-01-07 19:27:00,,
2026-01-07 19:27:10,57.0,39.0
2026-01-07 19:27:20,,
2026-01-07 19:27:30,,
2026-01-07 19:27:40,,
2026-01-07 19:27:50,,
2026-01-07 19:28:00,,
2026-01-07 19:28:10,57.0,39.0
2026-01-07 19:28:20,,
2026-01-07 19:28:30,,
2026-01-07 19:28:40,,
2026-01-07 19:28:50,,
2026-01-07 19:29:00,,
2026-01-07 19:29:10,57.0,40.0
2026-01-07 19:29:20,,
2026-01-07 19:29:30,,
2026-01-07 19:29:40,,
2026-01-07 19:29:50,,
2026-01-07 19:30:00,,
2026-01-07 19:30:10,57.0,40.0
2026-01-07 19:30:20,,
2026-01-07 19:30:30,,
2026-01-07 19:30:40,,
2026-01-07 19:30:50,,
2026-01-07 19:31:00,,
2026-01-07 19:31:10,58.0,41.0
2026-01-07 19:31:20,,
2026-01-07 19:31:30,,
2026-01-07 19:31:40,,
2026-01-07 19:31:50,,
2026-01-07 19:32:00,,
2026-01-07 19:32:10,57.0,40.0
2026-01-07 19:32:20,,
2026-01-07 19:32:30,,
2026-01-07 19:32:40,,
2026-01-07 19:32:50,,
2026-01-07 19:33:00,,
2026-01-07 19:33:10,58.0,40.0
2026-01-07 19:33:20,,
2026-01-07 19:33:30,,
2026-01-07 19:33:40,,
2026-01-07 19:33:50,,
2026-01-07 19:34:00,,
2026-01-07 19:34:10,58.0,40.0
2026-01-07 19:34:20,,
2026-01-07 19:34:30,,
2026-01-07 19:34:40,,
2026-01-07 19:34:50,,
2026-01-07 19:35:00,,
2026-01-07 19:35:10,58.0,40.0
2026-01-07 19:35:20,,
2026-01-07 19:35:30,,
2026-01-07 19:35:40,,
2026-01-07 19:35:50,,
2026-01-07 19:36:00,,
2026-01-07 19:36:10,58.0,41.0
2026-01-07 19:36:20,,
2026-01-07 19:36:30,,
2026-01-07 19:36:40,,
2026-01-07 19:36:50,,
2026-01-07 19:37:00,,
2026-01-07 19:37:10,58.0,41.0
2026-01-07 19:37:20,,
2026-01-07 19:37:30,,
2026-01-07 19:37:40,,
2026-01-07 19:37:50,,
2026-01-07 19:38:00,,
2026-01-07 19:38:10,58.0,41.0
2026-01-07 19:38:20,,
2026-01-07 19:38:30,,
2026-01-07 19:38:40,,
2026-01-07 19:38:50,,
2026-01-07 19:39:00,,
2026-01-07 19:39:10,58.0,41.0
2026-01-07 19:39:20,,
2026-01-07 19:39:30,,
2026-01-07 19:39:40,,
2026-01-07 19:39:50,,
2026-01-07 19:40:00,,
2026-01-07 19:40:10,58.0,40.0
2026-01-07 19:40:20,,
2026-01-07 19:40:30,,
2026-01-07 19:40:40,,
2026-01-07 19:40:50,,
2026-01-07 19:41:00,,
2026-01-07 19:41:10,58.0,41.0
2026-01-07 19:41:20,,
2026-01-07 19:41:30,,
2026-01-07 19:41:40,,
2026-01-07 19:41:50,,
2026-01-07 19:42:00,,
2026-01-07 19:42:10,58.0,40.0
2026-01-07 19:42:20,,
2026-01-07 19:42:30,,
2026-01-07 19:42:40,,
2026-01-07 19:42:50,,
2026-01-07 19:43:00,,
2026-01-07 19:43:10,58.0,40.0
2026-01-07 19:43:20,,
2026-01-07 19:43:30,,
2026-01-07 19:43:40,,
2026-01-07 19:43:50,,
2026-01-07 19:44:00,,
2026-01-07 19:44:10,59.0,41.0
2026-01-07 19:44:20,,
2026-01-07 19:44:30,,
2026-01-07 19:44:40,,
2026-01-07 19:44:50,,
2026-01-07 19:45:00,,
2026-01-07 19:45:10,62.0,42.0
2026-01-07 19:45:20,,
2026-01-07 19:45:30,,
2026-01-07 19:45:40,,
2026-01-07 19:45:50,,
2026-01-07 19:46:00,,
2026-01-07 19:46:10,62.0,41.0
2026-01-07 19:46:20,,
2026-01-07 19:46:30,,
2026-01-07 19:46:40,,
2026-01-07 19:46:50,,
2026-01-07 19:47:00,,
2026-01-07 19:47:10,62.0,42.0
2026-01-07 19:47:20,,
2026-01-07 19:47:30,,
2026-01-07 19:47:40,,
2026-01-07 19:47:50,,
2026-01-07 19:48:00,,
2026-01-07 19:48:10,62.0,43.0
2026-01-07 19:48:20,,
2026-01-07 19:48:30,,
2026-01-07 19:48:40,,
2026-01-07 19:48:50,,
2026-01-07 19:49:00,,
2026-01-07 19:49:10,62.0,42.0
2026-01-07 19:49:20,,
2026-01-07 19:49:30,,
2026-01-07 19:49:40,,
2026-01-07 19:49:50,,
2026-01-07 19:50:00,,
2026-01-07 19:50:10,62.0,44.0
2026-01-07 19:50:20,,
2026-01-07 19:50:30,,
2026-01-07 19:50:40,,
2026-01-07 19:50:50,,
2026-01-07 19:51:00,,
2026-01-07 19:51:10,63.0,42.0
2026-01-07 19:51:20,,
2026-01-07 19:51:30,,
2026-01-07 19:51:40,,
2026-01-07 19:51:50,,
2026-01-07 19:52:00,,
2026-01-07 19:52:10,62.0,42.0
2026-01-07 19:52:20,,
2026-01-07 19:52:30,,
2026-01-07 19:52:40,,
2026-01-07 19:52:50,,
2026-01-07 19:53:00,,
2026-01-07 19:53:10,63.0,43.0
2026-01-07 19:53:20,,
2026-01-07 19:53:30,,
2026-01-07 19:53:40,,
2026-01-07 19:53:50,,
2026-01-07 19:54:00,,
2026-01-07 19:54:10,63.0,43.0
2026-01-07 19:54:20,,
2026-01-07 19:54:30,,
2026-01-07 19:54:40,,
2026-01-07 19:54:50,,
2026-01-07 19:55:00,,
2026-01-07 19:55:10,64.0,43.0
2026-01-07 19:55:20,,
2026-01-07 19:55:30,,
2026-01-07 19:55:40,,
2026-01-07 19:55:50,,
2026-01-07 19:56:00,,
2026-01-07 19:56:10,64.0,43.0
2026-01-07 19:56:20,,
2026-01-07 19:56:30,,
2026-01-07 19:56:40,,
2026-01-07 19:56:50,,
2026-01-07 19:57:00,,
2026-01-07 19:57:10,63.0,44.0
2026-01-07 19:57:20,,
2026-01-07 19:57:30,,
2026-01-07 19:57:40,,
2026-01-07 19:57:50,,
2026-01-07 19:58:00,,
2026-01-07 19:58:10,63.0,43.0
2026-01-07 19:58:20,,
2026-01-07 19:58:30,,
2026-01-07 19:58:40,,
2026-01-07 19:58:50,,
2026-01-07 19:59:00,,
2026-01-07 19:59:10,64.0,44.0
2026-01-07 19:59:20,,
2026-01-07 19:59:30,,
2026-01-07 19:59:40,,
2026-01-07 19:59:50,,
2026-01-07 20:00:00,,
2026-01-07 20:00:10,65.0,45.0
2026-01-07 20:00:20,,
2026-01-07 20:00:30,,
2026-01-07 20:00:40,,
2026-01-07 20:00:50,,
2026-01-07 20:01:00,,
2026-01-07 20:01:10,63.0,43.0
2026-01-07 20:01:20,,
2026-01-07 20:01:30,,
2026-01-07 20:01:40,,
2026-01-07 20:01:50,,
2026-01-07 20:02:00,,
2026-01-07 20:02:10,64.0,45.0
2026-01-07 20:02:20,,
2026-01-07 20:02:30,,
2026-01-07 20:02:40,,
2026-01-07 20:02:50,,
2026-01-07 20:03:00,,
2026-01-07 20:03:10,65.0,44.0
2026-01-07 20:03:20,,
2026-01-07 20:03:30,,
2026-01-07 20:03:40,,
2026-01-07 20:03:50,,
2026-01-07 20:04:00,,
2026-01-07 20:04:10,63.0,46.0
2026-01-07 20:04:20,,
2026-01-07 20:04:30,,
2026-01-07 20:04:40,,
2026-01-07 20:04:50,,
2026-01-07 20:05:00,,
2026-01-07 20:05:10,64.0,45.0
2026-01-07 20:05:20,,
2026-01-07 20:05:30,,
2026-01-07 20:05:40,,
2026-01-07 20:05:50,,
2026-01-07 20:06:00,,
2026-01-07 20:06:10,62.0,45.0
2026-01-07 20:06:20,,
2026-01-07 20:06:30,,
2026-01-07 20:06:40,,
2026-01-07 20:06:50,,
2026-01-07 20:07:00,,
2026-01-07 20:07:10,63.0,49.0
2026-01-07 20:07:20,,
2026-01-07 20:07:30,,
2026-01-07 20:07:40,,
2026-01-07 20:07:50,,
2026-01-07 20:08:00,,
2026-01-07 20:08:10,62.0,48.0
2026-01-07 20:08:20,,
2026-01-07 20:08:30,,
2026-01-07 20:08:40,,
2026-01-07 20:08:50,,
2026-01-07 20:09:00,,
2026-01-07 20:09:10,61.0,47.0
2026-01-07 20:09:20,,
2026-01-07 20:09:30,,
2026-01-07 20:09:40,,
2026-01-07 20:09:50,,
2026-01-07 20:10:00,,
2026-01-07 20:10:10,61.0,46.0
2026-01-07 20:10:20,,
2026-01-07 20:10:30,,
2026-01-07 20:10:40,,
2026-01-07 20:10:50,,
2026-01-07 20:11:00,,
2026-01-07 20:11:10,61.0,45.0
2026-01-07 20:11:20,,
2026-01-07 20:11:30,,
2026-01-07 20:11:40,,
2026-01-07 20:11:50,,
2026-01-07 20:12:00,,
2026-01-07 20:12:10,63.0,46.0
2026-01-07 20:12:20,,
2026-01-07 20:12:30,,
2026-01-07 20:12:40,,
2026-01-07 20:12:50,,
2026-01-07 20:13:00,,
2026-01-07 20:13:10,62.0,52.0
2026-01-07 20:13:20,,
2026-01-07 20:13:30,,
2026-01-07 20:13:40,,
2026-01-07 20:13:50,,
2026-01-07 20:14:00,,
2026-01-07 20:14:10,62.0,52.0
2026-01-07 20:14:20,,
2026-01-07 20:14:30,,
2026-01-07 20:14:40,,
2026-01-07 20:14:50,,
2026-01-07 20:15:00,,
2026-01-07 20:15:10,64.0,50.0
2026-01-07 20:15:20,,
2026-01-07 20:15:30,,
2026-01-07 20:15:40,,
2026-01-07 20:15:50,,
2026-01-07 20:16:00,,
2026-01-07 20:16:10,64.0,48.0
2026-01-07 20:16:20,,
2026-01-07 20:16:30,,
2026-01-07 20:16:40,,
2026-01-07 20:16:50,,
2026-01-07 20:17:00,,
2026-01-07 20:17:10,66.0,47.0
2026-01-07 20:17:20,,
2026-01-07 20:17:30,,
2026-01-07 20:17:40,,
2026-01-07 20:17:50,,
2026-01-07 20:18:00,,
2026-01-07 20:18:10,65.0,47.0
2026-01-07 20:18:20,,
2026-01-07 20:18:30,,
2026-01-07 20:18:40,,
2026-01-07 20:18:50,,
2026-01-07 20:19:00,,
2026-01-07 20:19:10,64.0,45.0
2026-01-07 20:19:20,,
2026-01-07 20:19:30,,
2026-01-07 20:19:40,,
2026-01-07 20:19:50,,
2026-01-07 20:20:00,,
2026-01-07 20:20:10,65.0,46.0
2026-01-07 20:20:20,,
2026-01-07 20:20:30,,
2026-01-07 20:20:40,,
2026-01-07 20:20:50,,
2026-01-07 20:21:00,,
2026-01-07 20:21:10,65.0,45.0
2026-01-07 20:21:20,,
2026-01-07 20:21:30,,
2026-01-07 20:21:40,,
2026-01-07 20:21:50,,
2026-01-07 20:22:00,,
2026-01-07 20:22:10,63.0,47.0
2026-01-07 20:22:20,,
2026-01-07 20:22:30,,
2026-01-07 20:22:40,,
2026-01-07 20:22:50,,
2026-01-07 20:23:00,,
2026-01-07 20:23:10,63.0,46.0
2026-01-07 20:23:20,,
2026-01-07 20:23:30,,
2026-01-07 20:23:40,,
2026-01-07 20:23:50,,
2026-01-07 20:24:00,,
2026-01-07 20:24:10,62.0,48.0
2026-01-07 20:24:20,,
2026-01-07 20:24:30,,
2026-01-07 20:24:40,,
2026-01-07 20:24:50,,
2026-01-07 20:25:00,,
2026-01-07 20:25:10,64.0,50.0
2026-01-07 20:25:20,,
2026-01-07 20:25:30,,
2026-01-07 20:25:40,,
2026-01-07 20:25:50,,
2026-01-07 20:26:00,,
2026-01-07 20:26:10,64.0,47.0
2026-01-07 20:26:20,,
2026-01-07 20:26:30,,
2026-01-07 20:26:40,,
2026-01-07 20:26:50,,
2026-01-07 20:27:00,,
2026-01-07 20:27:10,63.0,45.0
2026-01-07 20:27:20,,
2026-01-07 20:27:30,,
2026-01-07 20:27:40,,
2026-01-07 20:27:50,,
2026-01-07 20:28:00,,
2026-01-07 20:28:10,64.0,46.0
2026-01-07 20:28:20,,
2026-01-07 20:28:30,,
2026-01-07 20:28:40,,
2026-01-07 20:28:50,,
2026-01-07 20:29:00,,
2026-01-07 20:29:10,64.0,45.0
2026-01-07 20:29:20,,
2026-01-07 20:29:30,,
2026-01-07 20:29:40,,
2026-01-07 20:29:50,,
2026-01-07 20:30:00,,
2026-01-07 20:30:10,63.0,44.0
2026-01-07 20:30:20,,
2026-01-07 20:30:30,,
2026-01-07 20:30:40,,
2026-01-07 20:30:50,,
2026-01-07 20:31:00,,
2026-01-07 20:31:10,64.0,45.0
2026-01-07 20:31:20,,
2026-01-07 20:31:30,,
2026-01-07 20:31:40,,
2026-01-07 20:31:50,,
2026-01-07 20:32:00,,
2026-01-07 20:32:10,65.0,45.0
2026-01-07 20:32:20,,
2026-01-07 20:32:30,,
2026-01-07 20:32:40,,
2026-01-07 20:32:50,,
2026-01-07 20:33:00,,
2026-01-07 20:33:10,66.0,45.0
2026-01-07 20:33:20,,
2026-01-07 20:33:30,,
2026-01-07 20:33:40,,
2026-01-07 20:33:50,,
2026-01-07 20:34:00,,
2026-01-07 20:34:10,65.0,48.0
2026-01-07 20:34:20,,
2026-01-07 20:34:30,,
2026-01-07 20:34:40,,
2026-01-07 20:34:50,,
2026-01-07 20:35:00,,
2026-01-07 20:35:10,67.0,50.0
2026-01-07 20:35:20,,
2026-01-07 20:35:30,,
2026-01-07 20:35:40,,
2026-01-07 20:35:50,,
2026-01-07 20:36:00,,
2026-01-07 20:36:10,66.0,50.0
2026-01-07 20:36:20,,
2026-01-07 20:36:30,,
2026-01-07 20:36:40,,
2026-01-07 20:36:50,,
2026-01-07 20:37:00,,
2026-01-07 20:37:10,59.0,74.0
2026-01-07 20:37:20,,
2026-01-07 20:37:30,,
2026-01-07 20:37:40,,
2026-01-07 20:37:50,,
2026-01-07 20:38:00,,
2026-01-07 20:38:10,60.0,54.0
2026-01-07 20:38:20,,
2026-01-07 20:38:30,,
2026-01-07 20:38:40,,
2026-01-07 20:38:50,,
2026-01-07 20:39:00,,
2026-01-07 20:39:10,64.0,55.0
2026-01-07 20:39:20,,
2026-01-07 20:39:30,,
2026-01-07 20:39:40,,
2026-01-07 20:39:50,,
2026-01-07 20:40:00,,
2026-01-07 20:40:10,64.0,56.0
2026-01-07 20:40:20,,
2026-01-07 20:40:30,,
2026-01-07 20:40:40,,
2026-01-07 20:40:50,,
2026-01-07 20:41:00,,
2026-01-07 20:41:10,64.0,61.0
2026-01-07 20:41:20,,
2026-01-07 20:41:30,,
2026-01-07 20:41:40,,
2026-01-07 20:41:50,,
2026-01-07 20:42:00,,
2026-01-07 20:42:10,67.0,56.0
2026-01-07 20:42:20,,
2026-01-07 20:42:30,,
2026-01-07 20:42:40,,
2026-01-07 20:42:50,,
2026-01-07 20:43:00,,
2026-01-07 20:43:10,68.0,54.0
2026-01-07 20:43:20,,
2026-01-07 20:43:30,,
2026-01-07 20:43:40,,
2026-01-07 20:43:50,,
2026-01-07 20:44:00,,
2026-01-07 20:44:10,63.0,56.0
2026-01-07 20:44:20,,
2026-01-07 20:44:30,,
2026-01-07 20:44:40,,
2026-01-07 20:44:50,,
2026-01-07 20:45:00,,
2026-01-07 20:45:10,66.0,53.0
2026-01-07 20:45:20,,
2026-01-07 20:45:30,,
2026-01-07 20:45:40,,
2026-01-07 20:45:50,,
2026-01-07 20:46:00,,
2026-01-07 20:46:10,65.0,51.0
2026-01-07 20:46:20,,
2026-01-07 20:46:30,,
2026-01-07 20:46:40,,
2026-01-07 20:46:50,,
2026-01-07 20:47:00,,
2026-01-07 20:47:10,65.0,49.0
2026-01-07 20:47:20,,
2026-01-07 20:47:30,,
2026-01-07 20:47:40,,
2026-01-07 20:47:50,,
2026-01-07 20:48:00,,
2026-01-07 20:48:10,66.0,45.0
2026-01-07 20:48:20,,
2026-01-07 20:48:30,,
2026-01-07 20:48:40,,
2026-01-07 20:48:50,,
2026-01-07 20:49:00,,
2026-01-07 20:49:10,65.0,44.0
2026-01-07 20:49:20,,
2026-01-07 20:49:30,,
2026-01-07 20:49:40,,
2026-01-07 20:49:50,,
2026-01-07 20:50:00,,
2026-01-07 20:50:10,66.0,47.0
2026-01-07 20:50:20,,
2026-01-07 20:50:30,,
2026-01-07 20:50:40,,
2026-01-07 20:50:50,,
2026-01-07 20:51:00,,
2026-01-07 20:51:10,65.0,49.0
2026-01-07 20:51:20,,
2026-01-07 20:51:30,,
2026-01-07 20:51:40,,
2026-01-07 20:51:50,,
2026-01-07 20:52:00,,
2026-01-07 20:52:10,62.0,45.0
2026-01-07 20:52:20,,
2026-01-07 20:52:30,,
2026-01-07 20:52:40,,
2026-01-07 20:52:50,,
2026-01-07 20:53:00,,
2026-01-07 20:53:10,65.0,43.0
2026-01-07 20:53:20,,
2026-01-07 20:53:30,,
2026-01-07 20:53:40,,
2026-01-07 20:53:50,,
2026-01-07 20:54:00,,
2026-01-07 20:54:10,65.0,43.0
2026-01-07 20:54:20,,
2026-01-07 20:54:30,,
2026-01-07 20:54:40,,
2026-01-07 20:54:50,,
2026-01-07 20:55:00,,
2026-01-07 20:55:10,65.0,43.0
2026-01-07 20:55:20,,
2026-01-07 20:55:30,,
2026-01-07 20:55:40,,
2026-01-07 20:55:50,,
2026-01-07 20:56:00,,
2026-01-07 20:56:10,65.0,43.0
2026-01-07 20:56:20,,
2026-01-07 20:56:30,,
2026-01-07 20:56:40,,
2026-01-07 20:56:50,,
2026-01-07 20:57:00,,
2026-01-07 20:57:10,64.0,42.0
2026-01-07 20:57:20,,
2026-01-07 20:57:30,,
2026-01-07 20:57:40,,
2026-01-07 20:57:50,,
2026-01-07 20:58:00,,
2026-01-07 20:58:10,65.0,42.0
2026-01-07 20:58:20,,
2026-01-07 20:58:30,,
2026-01-07 20:58:40,,
2026-01-07 20:58:50,,
2026-01-07 20:59:00,,
2026-01-07 20:59:10,62.0,40.0
2026-01-07 20:59:20,,
2026-01-07 20:59:30,,
2026-01-07 20:59:40,,
2026-01-07 20:59:50,,
2026-01-07 21:00:00,,
2026-01-07 21:00:10,63.0,41.0
2026-01-07 21:00:20,,
2026-01-07 21:00:30,,
2026-01-07 21:00:40,,
2026-01-07 21:00:50,,
2026-01-07 21:01:00,,
2026-01-07 21:01:10,63.0,41.0
2026-01-07 21:01:20,,
2026-01-07 21:01:30,,
2026-01-07 21:01:40,,
2026-01-07 21:01:50,,
2026-01-07 21:02:00,,
2026-01-07 21:02:10,63.0,42.0
2026-01-07 21:02:20,,
2026-01-07 21:02:30,,
2026-01-07 21:02:40,,
2026-01-07 21:02:50,,
2026-01-07 21:03:00,,
2026-01-07 21:03:10,63.0,42.0
2026-01-07 21:03:20,,
2026-01-07 21:03:30,,
2026-01-07 21:03:40,,
2026-01-07 21:03:50,,
2026-01-07 21:04:00,,
2026-01-07 21:04:10,62.0,44.0
2026-01-07 21:04:20,,
2026-01-07 21:04:30,,
2026-01-07 21:04:40,,
2026-01-07 21:04:50,,
2026-01-07 21:05:00,,
2026-01-07 21:05:10,60.0,43.0
2026-01-07 21:05:20,,
2026-01-07 21:05:30,,
2026-01-07 21:05:40,,
2026-01-07 21:05:50,,
2026-01-07 21:06:00,,
2026-01-07 21:06:10,61.0,109.0
2026-01-07 21:06:20,,
2026-01-07 21:06:30,,
2026-01-07 21:06:40,,
2026-01-07 21:06:50,,
2026-01-07 21:07:00,,
2026-01-07 21:07:10,62.0,43.0
2026-01-07 21:07:20,,
2026-01-07 21:07:30,,
2026-01-07 21:07:40,,
2026-01-07 21:07:50,,
2026-01-07 21:08:00,,
2026-01-07 21:08:10,62.0,42.0
2026-01-07 21:08:20,,
2026-01-07 21:08:30,,
2026-01-07 21:08:40,,
2026-01-07 21:08:50,,
2026-01-07 21:09:00,,
2026-01-07 21:09:10,61.0,46.0
2026-01-07 21:09:20,,
2026-01-07 21:09:30,,
2026-01-07 21:09:40,,
2026-01-07 21:09:50,,
2026-01-07 21:10:00,,
2026-01-07 21:10:10,61.0,41.0
2026-01-07 21:10:20,,
2026-01-07 21:10:30,,
2026-01-07 21:10:40,,
2026-01-07 21:10:50,,
2026-01-07 21:11:00,,
2026-01-07 21:11:10,60.0,43.0
2026-01-07 21:11:20,,
2026-01-07 21:11:30,,
2026-01-07 21:11:40,,
2026-01-07 21:11:50,,
2026-01-07 21:12:00,,
2026-01-07 21:12:10,61.0,42.0
2026-01-07 21:12:20,,
2026-01-07 21:12:30,,
2026-01-07 21:12:40,,
2026-01-07 21:12:50,,
2026-01-07 21:13:00,,
2026-01-07 21:13:10,61.0,42.0
2026-01-07 21:13:20,,
2026-01-07 21:13:30,,
2026-01-07 21:13:40,,
2026-01-07 21:13:50,,
2026-01-07 21:14:00,,
2026-01-07 21:14:10,61.0,42.0
2026-01-07 21:14:20,,
2026-01-07 21:14:30,,
2026-01-07 21:14:40,,
2026-01-07 21:14:50,,
2026-01-07 21:15:00,,
2026-01-07 21:15:10,61.0,42.0
2026-01-07 21:15:20,,
2026-01-07 21:15:30,,
2026-01-07 21:15:40,,
2026-01-07 21:15:50,,
2026-01-07 21:16:00,,
2026-01-07 21:16:10,61.0,42.0
2026-01-07 21:16:20,,
2026-01-07 21:16:30,,
2026-01-07 21:16:40,,
2026-01-07 21:16:50,,
2026-01-07 21:17:00,,
2026-01-07 21:17:10,62.0,43.0
2026-01-07 21:17:20,,
2026-01-07 21:17:30,,
2026-01-07 21:17:40,,
2026-01-07 21:17:50,,
2026-01-07 21:18:00,,
2026-01-07 21:18:10,61.0,43.0
2026-01-07 21:18:20,,
2026-01-07 21:18:30,,
2026-01-07 21:18:40,,
2026-01-07 21:18:50,,
2026-01-07 21:19:00,,
2026-01-07 21:19:10,62.0,43.0
2026-01-07 21:19:20,,
2026-01-07 21:19:30,,
2026-01-07 21:19:40,,
2026-01-07 21:19:50,,
2026-01-07 21:20:00,,
2026-01-07 21:20:10,62.0,42.0
2026-01-07 21:20:20,,
2026-01-07 21:20:30,,
2026-01-07 21:20:40,,
2026-01-07 21:20:50,,
2026-01-07 21:21:00,,
2026-01-07 21:21:10,63.0,44.0
2026-01-07 21:21:20,,
2026-01-07 21:21:30,,
2026-01-07 21:21:40,,
2026-01-07 21:21:50,,
2026-01-07 21:22:00,,
2026-01-07 21:22:10,63.0,44.0
2026-01-07 21:22:20,,
2026-01-07 21:22:30,,
2026-01-07 21:22:40,,
2026-01-07 21:22:50,,
2026-01-07 21:23:00,,
2026-01-07 21:23:10,62.0,42.0
2026-01-07 21:23:20,,
2026-01-07 21:23:30,,
2026-01-07 21:23:40,,
2026-01-07 21:23:50,,
2026-01-07 21:24:00,,
2026-01-07 21:24:10,63.0,41.0
2026-01-07 21:24:20,,
2026-01-07 21:24:30,,
2026-01-07 21:24:40,,
2026-01-07 21:24:50,,
2026-01-07 21:25:00,,
2026-01-07 21:25:10,63.0,40.0
2026-01-07 21:25:20,,
2026-01-07 21:25:30,,
2026-01-07 21:25:40,,
2026-01-07 21:25:50,,
2026-01-07 21:26:00,,
2026-01-07 21:26:10,64.0,42.0
2026-01-07 21:26:20,,
2026-01-07 21:26:30,,
2026-01-07 21:26:40,,
2026-01-07 21:26:50,,
2026-01-07 21:27:00,,
2026-01-07 21:27:10,64.0,44.0
2026-01-07 21:27:20,,
2026-01-07 21:27:30,,
2026-01-07 21:27:40,,
2026-01-07 21:27:50,,
2026-01-07 21:28:00,,
2026-01-07 21:28:10,64.0,42.0
2026-01-07 21:28:20,,
2026-01-07 21:28:30,,
2026-01-07 21:28:40,,
2026-01-07 21:28:50,,
2026-01-07 21:29:00,,
2026-01-07 21:29:10,65.0,42.0
2026-01-07 21:29:20,,
2026-01-07 21:29:30,,
2026-01-07 21:29:40,,
2026-01-07 21:29:50,,
2026-01-07 21:30:00,,
2026-01-07 21:30:10,64.0,43.0
2026-01-07 21:30:20,,
2026-01-07 21:30:30,,
2026-01-07 21:30:40,,
2026-01-07 21:30:50,,
2026-01-07 21:31:00,,
2026-01-07 21:31:10,65.0,42.0
2026-01-07 21:31:20,,
2026-01-07 21:31:30,,
2026-01-07 21:31:40,,
2026-01-07 21:31:50,,
2026-01-07 21:32:00,,
2026-01-07 21:32:10,64.0,48.0
2026-01-07 21:32:20,,
2026-01-07 21:32:30,,
2026-01-07 21:32:40,,
2026-01-07 21:32:50,,
2026-01-07 21:33:00,,
2026-01-07 21:33:10,63.0,44.0
2026-01-07 21:33:20,,
2026-01-07 21:33:30,,
2026-01-07 21:33:40,,
2026-01-07 21:33:50,,
2026-01-07 21:34:00,,
2026-01-07 21:34:10,65.0,44.0
2026-01-07 21:34:20,,
2026-01-07 21:34:30,,
2026-01-07 21:34:40,,
2026-01-07 21:34:50,,
2026-01-07 21:35:00,,
2026-01-07 21:35:10,65.0,44.0
2026-01-07 21:35:20,,
2026-01-07 21:35:30,,
2026-01-07 21:35:40,,
2026-01-07 21:35:50,,
2026-01-07 21:36:00,,
2026-01-07 21:36:10,66.0,45.0
2026-01-07 21:36:20,,
2026-01-07 21:36:30,,
2026-01-07 21:36:40,,
2026-01-07 21:36:50,,
2026-01-07 21:37:00,,
2026-01-07 21:37:10,65.0,44.0
2026-01-07 21:37:20,,
2026-01-07 21:37:30,,
2026-01-07 21:37:40,,
2026-01-07 21:37:50,,
2026-01-07 21:38:00,,
2026-01-07 21:38:10,66.0,43.0
2026-01-07 21:38:20,,
2026-01-07 21:38:30,,
2026-01-07 21:38:40,,
2026-01-07 21:38:50,,
2026-01-07 21:39:00,,
2026-01-07 21:39:10,64.0,45.0
2026-01-07 21:39:20,,
2026-01-07 21:39:30,,
2026-01-07 21:39:40,,
2026-01-07 21:39:50,,
2026-01-07 21:40:00,,
2026-01-07 21:40:10,67.0,44.0
2026-01-07 21:40:20,,
2026-01-07 21:40:30,,
2026-01-07 21:40:40,,
2026-01-07 21:40:50,,
2026-01-07 21:41:00,,
2026-01-07 21:41:10,67.0,44.0
2026-01-07 21:41:20,,
2026-01-07 21:41:30,,
2026-01-07 21:41:40,,
2026-01-07 21:41:50,,
2026-01-07 21:42:00,,
2026-01-07 21:42:10,68.0,43.0
2026-01-07 21:42:20,,
2026-01-07 21:42:30,,
2026-01-07 21:42:40,,
2026-01-07 21:42:50,,
2026-01-07 21:43:00,,
2026-01-07 21:43:10,,
2026-01-07 21:43:20,66.0,44.0
2026-01-07 21:43:30,,
2026-01-07 21:43:40,,
2026-01-07 21:43:50,,
2026-01-07 21:44:00,,
2026-01-07 21:44:10,67.0,44.0
2026-01-07 21:44:20,,
2026-01-07 21:44:30,,
2026-01-07 21:44:40,,
2026-01-07 21:44:50,,
2026-01-07 21:45:00,,
2026-01-07 21:45:10,68.0,43.0
2026-01-07 21:45:20,,
2026-01-07 21:45:30,,
2026-01-07 21:45:40,,
2026-01-07 21:45:50,,
2026-01-07 21:46:00,,
2026-01-07 21:46:10,,
2026-01-07 21:46:20,67.0,42.0
2026-01-07 21:46:30,,
2026-01-07 21:46:40,,
2026-01-07 21:46:50,,
2026-01-07 21:47:00,,
2026-01-07 21:47:10,,
2026-01-07 21:47:20,68.0,43.0
2026-01-07 21:47:30,,
2026-01-07 21:47:40,,
2026-01-07 21:47:50,,
2026-01-07 21:48:00,,
2026-01-07 21:48:10,,
2026-01-07 21:48:20,67.0,43.0
2026-01-07 21:48:30,,
2026-01-07 21:48:40,,
2026-01-07 21:48:50,,
2026-01-07 21:49:00,,
2026-01-07 21:49:10,,
2026-01-07 21:49:20,70.0,44.0
2026-01-07 21:49:30,,
2026-01-07 21:49:40,,
2026-01-07 21:49:50,,
2026-01-07 21:50:00,,
2026-01-07 21:50:10,,
2026-01-07 21:50:20,69.0,45.0
2026-01-07 21:50:30,,
2026-01-07 21:50:40,,
2026-01-07 21:50:50,,
2026-01-07 21:51:00,,
2026-01-07 21:51:10,,
2026-01-07 21:51:20,67.0,44.0
2026-01-07 21:51:30,,
2026-01-07 21:51:40,,
2026-01-07 21:51:50,,
2026-01-07 21:52:00,,
2026-01-07 21:52:10,,
2026-01-07 21:52:20,69.0,45.0
2026-01-07 21:52:30,,
2026-01-07 21:52:40,,
2026-01-07 21:52:50,,
2026-01-07 21:53:00,,
2026-01-07 21:53:10,,
2026-01-07 21:53:20,69.0,45.0
2026-01-07 21:53:30,,
2026-01-07 21:53:40,,
2026-01-07 21:53:50,,
2026-01-07 21:54:00,,
2026-01-07 21:54:10,,
2026-01-07 21:54:20,70.0,46.0
2026-01-07 21:54:30,,
2026-01-07 21:54:40,,
2026-01-07 21:54:50,,
2026-01-07 21:55:00,,
2026-01-07 21:55:10,,
2026-01-07 21:55:20,69.0,50.0
2026-01-07 21:55:30,,
2026-01-07 21:55:40,,
2026-01-07 21:55:50,,
2026-01-07 21:56:00,,
2026-01-07 21:56:10,,
2026-01-07 21:56:20,69.0,48.0
2026-01-07 21:56:30,,
2026-01-07 21:56:40,,
2026-01-07 21:56:50,,
2026-01-07 21:57:00,,
2026-01-07 21:57:10,,
2026-01-07 21:57:20,69.0,50.0
2026-01-07 21:57:30,,
2026-01-07 21:57:40,,
2026-01-07 21:57:50,,
2026-01-07 21:58:00,,
2026-01-07 21:58:10,,
2026-01-07 21:58:20,69.0,47.0
2026-01-07 21:58:30,,
2026-01-07 21:58:40,,
2026-01-07 21:58:50,,
2026-01-07 21:59:00,,
2026-01-07 21:59:10,,
2026-01-07 21:59:20,69.0,46.0
2026-01-07 21:59:30,,
2026-01-07 21:59:40,,
2026-01-07 21:59:50,,
2026-01-07 22:00:00,,
2026-01-07 22:00:10,,
2026-01-07 22:00:20,72.0,47.0
2026-01-07 22:00:30,,
2026-01-07 22:00:40,,
2026-01-07 22:00:50,,
2026-01-07 22:01:00,,
2026-01-07 22:01:10,,
2026-01-07 22:01:20,71.0,48.0
2026-01-07 22:01:30,,
2026-01-07 22:01:40,,
2026-01-07 22:01:50,,
2026-01-07 22:02:00,,
2026-01-07 22:02:10,,
2026-01-07 22:02:20,70.0,52.0
2026-01-07 22:02:30,,
2026-01-07 22:02:40,,
2026-01-07 22:02:50,,
2026-01-07 22:03:00,,
2026-01-07 22:03:10,,
2026-01-07 22:03:20,71.0,50.0
2026-01-07 22:03:30,,
2026-01-07 22:03:40,,
2026-01-07 22:03:50,,
2026-01-07 22:04:00,,
2026-01-07 22:04:10,,
2026-01-07 22:04:20,66.0,50.0
2026-01-07 22:04:30,,
2026-01-07 22:04:40,,
2026-01-07 22:04:50,,
2026-01-07 22:05:00,,
2026-01-07 22:05:10,,
2026-01-07 22:05:20,62.0,59.0
2026-01-07 22:05:30,,
2026-01-07 22:05:40,,
2026-01-07 22:05:50,,
2026-01-07 22:06:00,,
2026-01-07 22:06:10,,
2026-01-07 22:06:20,66.0,52.0
2026-01-07 22:06:30,,
2026-01-07 22:06:40,,
2026-01-07 22:06:50,,
2026-01-07 22:07:00,,
2026-01-07 22:07:10,,
2026-01-07 22:07:20,68.0,53.0
2026-01-07 22:07:30,,
2026-01-07 22:07:40,,
2026-01-07 22:07:50,,
2026-01-07 22:08:00,,
2026-01-07 22:08:10,,
2026-01-07 22:08:20,61.0,58.0
2026-01-07 22:08:30,,
2026-01-07 22:08:40,,
2026-01-07 22:08:50,,
2026-01-07 22:09:00,,
2026-01-07 22:09:10,,
2026-01-07 22:09:20,67.0,58.0
2026-01-07 22:09:30,,
2026-01-07 22:09:40,,
2026-01-07 22:09:50,,
2026-01-07 22:10:00,,
2026-01-07 22:10:10,,
2026-01-07 22:10:20,67.0,53.0
2026-01-07 22:10:30,,
2026-01-07 22:10:40,,
2026-01-07 22:10:50,,
2026-01-07 22:11:00,,
2026-01-07 22:11:10,,
2026-01-07 22:11:20,70.0,52.0
2026-01-07 22:11:30,,
2026-01-07 22:11:40,,
2026-01-07 22:11:50,,
2026-01-07 22:12:00,,
2026-01-07 22:12:10,,
2026-01-07 22:12:20,69.0,52.0
2026-01-07 22:12:30,,
2026-01-07 22:12:40,,
2026-01-07 22:12:50,,
2026-01-07 22:13:00,,
2026-01-07 22:13:10,,
2026-01-07 22:13:20,68.0,49.0
2026-01-07 22:13:30,,
2026-01-07 22:13:40,,
2026-01-07 22:13:50,,
2026-01-07 22:14:00,,
2026-01-07 22:14:10,,
2026-01-07 22:14:20,67.0,50.0
2026-01-07 22:14:30,,
2026-01-07 22:14:40,,
2026-01-07 22:14:50,,
2026-01-07 22:15:00,,
2026-01-07 22:15:10,,
2026-01-07 22:15:20,69.0,50.0
2026-01-07 22:15:30,,
2026-01-07 22:15:40,,
2026-01-07 22:15:50,,
2026-01-07 22:16:00,,
2026-01-07 22:16:10,,
2026-01-07 22:16:20,68.0,48.0
2026-01-07 22:16:30,,
2026-01-07 22:16:40,,
2026-01-07 22:16:50,,
2026-01-07 22:17:00,,
2026-01-07 22:17:10,,
2026-01-07 22:17:20,68.0,49.0
2026-01-07 22:17:30,,
2026-01-07 22:17:40,,
2026-01-07 22:17:50,,
2026-01-07 22:18:00,,
2026-01-07 22:18:10,,
2026-01-07 22:18:20,67.0,46.0
2026-01-07 22:18:30,,
2026-01-07 22:18:40,,
2026-01-07 22:18:50,,
2026-01-07 22:19:00,,
2026-01-07 22:19:10,,
2026-01-07 22:19:20,67.0,47.0
2026-01-07 22:19:30,,
2026-01-07 22:19:40,,
2026-01-07 22:19:50,,
2026-01-07 22:20:00,,
2026-01-07 22:20:10,,
2026-01-07 22:20:20,69.0,47.0
2026-01-07 22:20:30,,
2026-01-07 22:20:40,,
2026-01-07 22:20:50,,
2026-01-07 22:21:00,,
2026-01-07 22:21:10,,
2026-01-07 22:21:20,69.0,54.0
2026-01-07 22:21:30,,
2026-01-07 22:21:40,,
2026-01-07 22:21:50,,
2026-01-07 22:22:00,,
2026-01-07 22:22:10,,
2026-01-07 22:22:20,70.0,49.0
2026-01-07 22:22:30,,
2026-01-07 22:22:40,,
2026-01-07 22:22:50,,
2026-01-07 22:23:00,,
2026-01-07 22:23:10,,
2026-01-07 22:23:20,67.0,47.0
2026-01-07 22:23:30,,
2026-01-07 22:23:40,,
2026-01-07 22:23:50,,
2026-01-07 22:24:00,,
2026-01-07 22:24:10,,
2026-01-07 22:24:20,68.0,43.0
2026-01-07 22:24:30,,
2026-01-07 22:24:40,,
2026-01-07 22:24:50,,
2026-01-07 22:25:00,,
2026-01-07 22:25:10,,
2026-01-07 22:25:20,67.0,43.0
2026-01-07 22:25:30,,
2026-01-07 22:25:40,,
2026-01-07 22:25:50,,
2026-01-07 22:26:00,,
2026-01-07 22:26:10,,
2026-01-07 22:26:20,67.0,42.0
2026-01-07 22:26:30,,
2026-01-07 22:26:40,,
2026-01-07 22:26:50,,
2026-01-07 22:27:00,,
2026-01-07 22:27:10,,
2026-01-07 22:27:20,68.0,42.0
2026-01-07 22:27:30,,
2026-01-07 22:27:40,,
2026-01-07 22:27:50,,
2026-01-07 22:28:00,,
2026-01-07 22:28:10,,
2026-01-07 22:28:20,66.0,42.0
2026-01-07 22:28:30,,
2026-01-07 22:28:40,,
2026-01-07 22:28:50,,
2026-01-07 22:29:00,,
2026-01-07 22:29:10,,
2026-01-07 22:29:20,67.0,43.0
2026-01-07 22:29:30,,
2026-01-07 22:29:40,,
2026-01-07 22:29:50,,
2026-01-07 22:30:00,,
2026-01-07 22:30:10,,
2026-01-07 22:30:20,66.0,44.0
2026-01-07 22:30:30,,
2026-01-07 22:30:40,,
2026-01-07 22:30:50,,
2026-01-07 22:31:00,,
2026-01-07 22:31:10,,
2026-01-07 22:31:20,66.0,45.0
2026-01-07 22:31:30,,
2026-01-07 22:31:40,,
2026-01-07 22:31:50,,
2026-01-07 22:32:00,,
2026-01-07 22:32:10,,
2026-01-07 22:32:20,67.0,46.0
2026-01-07 22:32:30,,
2026-01-07 22:32:40,,
2026-01-07 22:32:50,,
2026-01-07 22:33:00,,
2026-01-07 22:33:10,,
2026-01-07 22:33:20,67.0,46.0
2026-01-07 22:33:30,,
2026-01-07 22:33:40,,
2026-01-07 22:33:50,,
2026-01-07 22:34:00,,
2026-01-07 22:34:10,,
2026-01-07 22:34:20,67.0,48.0
2026-01-07 22:34:30,,
2026-01-07 22:34:40,,
2026-01-07 22:34:50,,
2026-01-07 22:35:00,,
2026-01-07 22:35:10,,
2026-01-07 22:35:20,68.0,50.0
2026-01-07 22:35:30,,
2026-01-07 22:35:40,,
2026-01-07 22:35:50,,
2026-01-07 22:36:00,,
2026-01-07 22:36:10,,
2026-01-07 22:36:20,69.0,48.0
2026-01-07 22:36:30,,
2026-01-07 22:36:40,,
2026-01-07 22:36:50,,
2026-01-07 22:37:00,,
2026-01-07 22:37:10,,
2026-01-07 22:37:20,69.0,48.0
2026-01-07 22:37:30,,
2026-01-07 22:37:40,,
2026-01-07 22:37:50,,
2026-01-07 22:38:00,,
2026-01-07 22:38:10,,
2026-01-07 22:38:20,66.0,148.0
2026-01-07 22:38:30,,
2026-01-07 22:38:40,,
2026-01-07 22:38:50,,
2026-01-07 22:39:00,,
2026-01-07 22:39:10,,
2026-01-07 22:39:20,65.0,149.0
2026-01-07 22:39:30,,
2026-01-07 22:39:40,,
2026-01-07 22:39:50,,
2026-01-07 22:40:00,,
2026-01-07 22:40:10,,
2026-01-07 22:40:20,49.0,70.0
2026-01-07 22:40:30,,
2026-01-07 22:40:40,,
2026-01-07 22:40:50,,
2026-01-07 22:41:00,,
2026-01-07 22:41:10,,
2026-01-07 22:41:20,62.0,52.0
2026-01-07 22:41:30,,
2026-01-07 22:41:40,,
2026-01-07 22:41:50,,
2026-01-07 22:42:00,,
2026-01-07 22:42:10,,
2026-01-07 22:42:20,68.0,57.0
2026-01-07 22:42:30,,
2026-01-07 22:42:40,,
2026-01-07 22:42:50,,
2026-01-07 22:43:00,,
2026-01-07 22:43:10,,
2026-01-07 22:43:20,68.0,58.0
2026-01-07 22:43:30,,
2026-01-07 22:43:40,,
2026-01-07 22:43:50,,
2026-01-07 22:44:00,,
2026-01-07 22:44:10,,
2026-01-07 22:44:20,70.0,59.0
2026-01-07 22:44:30,,
2026-01-07 22:44:40,,
2026-01-07 22:44:50,,
2026-01-07 22:45:00,,
2026-01-07 22:45:10,,
2026-01-07 22:45:20,68.0,57.0
2026-01-07 22:45:30,,
2026-01-07 22:45:40,,
2026-01-07 22:45:50,,
2026-01-07 22:46:00,,
2026-01-07 22:46:10,,
2026-01-07 22:46:20,69.0,54.0
2026-01-07 22:46:30,,
2026-01-07 22:46:40,,
2026-01-07 22:46:50,,
2026-01-07 22:47:00,,
2026-01-07 22:47:10,,
2026-01-07 22:47:20,68.0,55.0
2026-01-07 22:47:30,,
2026-01-07 22:47:40,,
2026-01-07 22:47:50,,
2026-01-07 22:48:00,,
2026-01-07 22:48:10,,
2026-01-07 22:48:20,66.0,50.0
2026-01-07 22:48:30,,
2026-01-07 22:48:40,,
2026-01-07 22:48:50,,
2026-01-07 22:49:00,,
2026-01-07 22:49:10,,
2026-01-07 22:49:20,67.0,50.0
2026-01-07 22:49:30,,
2026-01-07 22:49:40,,
2026-01-07 22:49:50,,
2026-01-07 22:50:00,,
2026-01-07 22:50:10,,
2026-01-07 22:50:20,66.0,48.0
2026-01-07 22:50:30,,
2026-01-07 22:50:40,,
2026-01-07 22:50:50,,
2026-01-07 22:51:00,,
2026-01-07 22:51:10,,
2026-01-07 22:51:20,67.0,47.0
2026-01-07 22:51:30,,
2026-01-07 22:51:40,,
2026-01-07 22:51:50,,
2026-01-07 22:52:00,,
2026-01-07 22:52:10,,
2026-01-07 22:52:20,64.0,49.0
2026-01-07 22:52:30,,
2026-01-07 22:52:40,,
2026-01-07 22:52:50,,
2026-01-07 22:53:00,,
2026-01-07 22:53:10,,
2026-01-07 22:53:20,65.0,48.0
2026-01-07 22:53:30,,
2026-01-07 22:53:40,,
2026-01-07 22:53:50,,
2026-01-07 22:54:00,,
2026-01-07 22:54:10,,
2026-01-07 22:54:20,65.0,50.0
2026-01-07 22:54:30,,
2026-01-07 22:54:40,,
2026-01-07 22:54:50,,
2026-01-07 22:55:00,,
2026-01-07 22:55:10,,
2026-01-07 22:55:20,66.0,52.0
2026-01-07 22:55:30,,
2026-01-07 22:55:40,,
2026-01-07 22:55:50,,
2026-01-07 22:56:00,,
2026-01-07 22:56:10,,
2026-01-07 22:56:20,67.0,53.0
2026-01-07 22:56:30,,
2026-01-07 22:56:40,,
2026-01-07 22:56:50,,
2026-01-07 22:57:00,,
2026-01-07 22:57:10,,
2026-01-07 22:57:20,68.0,53.0
2026-01-07 22:57:30,,
2026-01-07 22:57:40,,
2026-01-07 22:57:50,,
2026-01-07 22:58:00,,
2026-01-07 22:58:10,,
2026-01-07 22:58:20,66.0,53.0
2026-01-07 22:58:30,,
2026-01-07 22:58:40,,
2026-01-07 22:58:50,,
2026-01-07 22:59:00,,
2026-01-07 22:59:10,,
2026-01-07 22:59:20,66.0,52.0
2026-01-07 22:59:30,,
2026-01-07 22:59:40,,
2026-01-07 22:59:50,,
2026-01-07 23:00:00,,
2026-01-07 23:00:10,,
2026-01-07 23:00:20,58.0,53.0
2026-01-07 23:00:30,,
2026-01-07 23:00:40,,
2026-01-07 23:00:50,,
2026-01-07 23:01:00,,
2026-01-07 23:01:10,,
2026-01-07 23:01:20,64.0,51.0
2026-01-07 23:01:30,,
2026-01-07 23:01:40,,
2026-01-07 23:01:50,,
2026-01-07 23:02:00,,
2026-01-07 23:02:10,,
2026-01-07 23:02:20,66.0,52.0
2026-01-07 23:02:30,,
2026-01-07 23:02:40,,
2026-01-07 23:02:50,,
2026-01-07 23:03:00,,
2026-01-07 23:03:10,,
2026-01-07 23:03:20,66.0,51.0
2026-01-07 23:03:30,,
2026-01-07 23:03:40,,
2026-01-07 23:03:50,,
2026-01-07 23:04:00,,
2026-01-07 23:04:10,,
2026-01-07 23:04:20,67.0,50.0
2026-01-07 23:04:30,,
2026-01-07 23:04:40,,
2026-01-07 23:04:50,,
2026-01-07 23:05:00,,
2026-01-07 23:05:10,,
2026-01-07 23:05:20,63.0,66.0
2026-01-07 23:05:30,,
2026-01-07 23:05:40,,
2026-01-07 23:05:50,,
2026-01-07 23:06:00,,
2026-01-07 23:06:10,,
2026-01-07 23:06:20,63.0,52.0
2026-01-07 23:06:30,,
2026-01-07 23:06:40,,
2026-01-07 23:06:50,,
2026-01-07 23:07:00,,
2026-01-07 23:07:10,,
2026-01-07 23:07:20,66.0,50.0
2026-01-07 23:07:30,,
2026-01-07 23:07:40,,
2026-01-07 23:07:50,,
2026-01-07 23:08:00,,
2026-01-07 23:08:10,,
2026-01-07 23:08:20,68.0,47.0
2026-01-07 23:08:30,,
2026-01-07 23:08:40,,
2026-01-07 23:08:50,,
2026-01-07 23:09:00,,
2026-01-07 23:09:10,,
2026-01-07 23:09:20,67.0,47.0
2026-01-07 23:09:30,,
2026-01-07 23:09:40,,
2026-01-07 23:09:50,,
2026-01-07 23:10:00,,
2026-01-07 23:10:10,,
2026-01-07 23:10:20,67.0,47.0
2026-01-07 23:10:30,,
2026-01-07 23:10:40,,
2026-01-07 23:10:50,,
2026-01-07 23:11:00,,
2026-01-07 23:11:10,,
2026-01-07 23:11:20,68.0,47.0
2026-01-07 23:11:30,,
2026-01-07 23:11:40,,
2026-01-07 23:11:50,,
2026-01-07 23:12:00,,
2026-01-07 23:12:10,,
2026-01-07 23:12:20,66.0,47.0
2026-01-07 23:12:30,,
2026-01-07 23:12:40,,
2026-01-07 23:12:50,,
2026-01-07 23:13:00,,
2026-01-07 23:13:10,,
2026-01-07 23:13:20,66.0,45.0
2026-01-07 23:13:30,,
2026-01-07 23:13:40,,
2026-01-07 23:13:50,,
2026-01-07 23:14:00,,
2026-01-07 23:14:10,,
2026-01-07 23:14:20,66.0,45.0
2026-01-07 23:14:30,,
2026-01-07 23:14:40,,
2026-01-07 23:14:50,,
2026-01-07 23:15:00,,
2026-01-07 23:15:10,,
2026-01-07 23:15:20,67.0,44.0
2026-01-07 23:15:30,,
2026-01-07 23:15:40,,
2026-01-07 23:15:50,,
2026-01-07 23:16:00,,
2026-01-07 23:16:10,,
2026-01-07 23:16:20,65.0,44.0
2026-01-07 23:16:30,,
2026-01-07 23:16:40,,
2026-01-07 23:16:50,,
2026-01-07 23:17:00,,
2026-01-07 23:17:10,,
2026-01-07 23:17:20,66.0,49.0
2026-01-07 23:17:30,,
2026-01-07 23:17:40,,
2026-01-07 23:17:50,,
2026-01-07 23:18:00,,
2026-01-07 23:18:10,,
2026-01-07 23:18:20,66.0,50.0
2026-01-07 23:18:30,,
2026-01-07 23:18:40,,
2026-01-07 23:18:50,,
2026-01-07 23:19:00,,
2026-01-07 23:19:10,,
2026-01-07 23:19:20,65.0,51.0
2026-01-07 23:19:30,,
2026-01-07 23:19:40,,
2026-01-07 23:19:50,,
2026-01-07 23:20:00,,
2026-01-07 23:20:10,,
2026-01-07 23:20:20,66.0,51.0
2026-01-07 23:20:30,,
2026-01-07 23:20:40,,
2026-01-07 23:20:50,,
2026-01-07 23:21:00,,
2026-01-07 23:21:10,,
2026-01-07 23:21:20,66.0,49.0
2026-01-07 23:21:30,,
2026-01-07 23:21:40,,
2026-01-07 23:21:50,,
2026-01-07 23:22:00,,
2026-01-07 23:22:10,,
2026-01-07 23:22:20,68.0,49.0
2026-01-07 23:22:30,,
2026-01-07 23:22:40,,
2026-01-07 23:22:50,,
2026-01-07 23:23:00,,
2026-01-07 23:23:10,,
2026-01-07 23:23:20,60.0,52.0
2026-01-07 23:23:30,,
2026-01-07 23:23:40,,
2026-01-07 23:23:50,,
2026-01-07 23:24:00,,
2026-01-07 23:24:10,,
2026-01-07 23:24:20,64.0,47.0
2026-01-07 23:24:30,,
2026-01-07 23:24:40,,
2026-01-07 23:24:50,,
2026-01-07 23:25:00,,
2026-01-07 23:25:10,,
2026-01-07 23:25:20,66.0,50.0
2026-01-07 23:25:30,,
2026-01-07 23:25:40,,
2026-01-07 23:25:50,,
2026-01-07 23:26:00,,
2026-01-07 23:26:10,,
2026-01-07 23:26:20,65.0,48.0
2026-01-07 23:26:30,,
2026-01-07 23:26:40,,
2026-01-07 23:26:50,,
2026-01-07 23:27:00,,
2026-01-07 23:27:10,,
2026-01-07 23:27:20,67.0,50.0
2026-01-07 23:27:30,,
2026-01-07 23:27:40,,
2026-01-07 23:27:50,,
2026-01-07 23:28:00,,
2026-01-07 23:28:10,,
2026-01-07 23:28:20,67.0,48.0
2026-01-07 23:28:30,,
2026-01-07 23:28:40,,
2026-01-07 23:28:50,,
2026-01-07 23:29:00,,
2026-01-07 23:29:10,,
2026-01-07 23:29:20,67.0,50.0
2026-01-07 23:29:30,,
2026-01-07 23:29:40,,
2026-01-07 23:29:50,,
2026-01-07 23:30:00,,
2026-01-07 23:30:10,,
2026-01-07 23:30:20,69.0,50.0
2026-01-07 23:30:30,,
2026-01-07 23:30:40,,
2026-01-07 23:30:50,,
2026-01-07 23:31:00,,
2026-01-07 23:31:10,,
2026-01-07 23:31:20,67.0,50.0
2026-01-07 23:31:30,,
2026-01-07 23:31:40,,
2026-01-07 23:31:50,,
2026-01-07 23:32:00,,
2026-01-07 23:32:10,,
2026-01-07 23:32:20,68.0,47.0
2026-01-07 23:32:30,,
2026-01-07 23:32:40,,
2026-01-07 23:32:50,,
2026-01-07 23:33:00,,
2026-01-07 23:33:10,,
2026-01-07 23:33:20,69.0,48.0
2026-01-07 23:33:30,,
2026-01-07 23:33:40,,
2026-01-07 23:33:50,,
2026-01-07 23:34:00,,
2026-01-07 23:34:10,,
2026-01-07 23:34:20,68.0,51.0
2026-01-07 23:34:30,,
2026-01-07 23:34:40,,
2026-01-07 23:34:50,,
2026-01-07 23:35:00,,
2026-01-07 23:35:10,,
2026-01-07 23:35:20,70.0,48.0
2026-01-07 23:35:30,,
2026-01-07 23:35:40,,
2026-01-07 23:35:50,,
2026-01-07 23:36:00,,
2026-01-07 23:36:10,,
2026-01-07 23:36:20,69.0,49.0
2026-01-07 23:36:30,,
2026-01-07 23:36:40,,
2026-01-07 23:36:50,,
2026-01-07 23:37:00,,
2026-01-07 23:37:10,,
2026-01-07 23:37:20,67.0,48.0
2026-01-07 23:37:30,,
2026-01-07 23:37:40,,
2026-01-07 23:37:50,,
2026-01-07 23:38:00,,
2026-01-07 23:38:10,,
2026-01-07 23:38:20,67.0,51.0
2026-01-07 23:38:30,,
2026-01-07 23:38:40,,
2026-01-07 23:38:50,,
2026-01-07 23:39:00,,
2026-01-07 23:39:10,,
2026-01-07 23:39:20,67.0,49.0
2026-01-07 23:39:30,,
2026-01-07 23:39:40,,
2026-01-07 23:39:50,,
2026-01-07 23:40:00,,
2026-01-07 23:40:10,,
2026-01-07 23:40:20,67.0,49.0
2026-01-07 23:40:30,,
2026-01-07 23:40:40,,
2026-01-07 23:40:50,,
2026-01-07 23:41:00,,
2026-01-07 23:41:10,,
2026-01-07 23:41:20,66.0,49.0
2026-01-07 23:41:30,,
2026-01-07 23:41:40,,
2026-01-07 23:41:50,,
2026-01-07 23:42:00,,
2026-01-07 23:42:10,,
2026-01-07 23:42:20,66.0,46.0
2026-01-07 23:42:30,,
2026-01-07 23:42:40,,
2026-01-07 23:42:50,,
2026-01-07 23:43:00,,
2026-01-07 23:43:10,,
2026-01-07 23:43:20,65.0,46.0
2026-01-07 23:43:30,,
2026-01-07 23:43:40,,
2026-01-07 23:43:50,,
2026-01-07 23:44:00,,
2026-01-07 23:44:10,,
2026-01-07 23:44:20,65.0,53.0
2026-01-07 23:44:30,,
2026-01-07 23:44:40,,
2026-01-07 23:44:50,,
2026-01-07 23:45:00,,
2026-01-07 23:45:10,,
2026-01-07 23:45:20,69.0,48.0
2026-01-07 23:45:30,,
2026-01-07 23:45:40,,
2026-01-07 23:45:50,,
2026-01-07 23:46:00,,
2026-01-07 23:46:10,,
2026-01-07 23:46:20,67.0,50.0
2026-01-07 23:46:30,,
2026-01-07 23:46:40,,
2026-01-07 23:46:50,,
2026-01-07 23:47:00,,
2026-01-07 23:47:10,,
2026-01-07 23:47:20,67.0,52.0
2026-01-07 23:47:30,,
2026-01-07 23:47:40,,
2026-01-07 23:47:50,,
2026-01-07 23:48:00,,
2026-01-07 23:48:10,,
2026-01-07 23:48:20,71.0,51.0
2026-01-07 23:48:30,,
2026-01-07 23:48:40,,
2026-01-07 23:48:50,,
2026-01-07 23:49:00,,
2026-01-07 23:49:10,,
2026-01-07 23:49:20,71.0,53.0
2026-01-07 23:49:30,,
2026-01-07 23:49:40,,
2026-01-07 23:49:50,,
2026-01-07 23:50:00,,
2026-01-07 23:50:10,,
2026-01-07 23:50:20,66.0,55.0
2026-01-07 23:50:30,,
2026-01-07 23:50:40,,
2026-01-07 23:50:50,,
2026-01-07 23:51:00,,
2026-01-07 23:51:10,,
2026-01-07 23:51:20,67.0,52.0
2026-01-07 23:51:30,,
2026-01-07 23:51:40,,
2026-01-07 23:51:50,,
2026-01-07 23:52:00,,
2026-01-07 23:52:10,,
2026-01-07 23:52:20,70.0,49.0
2026-01-07 23:52:30,,
2026-01-07 23:52:40,,
2026-01-07 23:52:50,,
2026-01-07 23:53:00,,
2026-01-07 23:53:10,,
2026-01-07 23:53:20,66.0,60.0
2026-01-07 23:53:30,,
2026-01-07 23:53:40,,
2026-01-07 23:53:50,,
2026-01-07 23:54:00,,
2026-01-07 23:54:10,,
2026-01-07 23:54:20,70.0,53.0
2026-01-07 23:54:30,,
2026-01-07 23:54:40,,
2026-01-07 23:54:50,,
2026-01-07 23:55:00,,
2026-01-07 23:55:10,,
2026-01-07 23:55:20,70.0,74.0
2026-01-07 23:55:30,,
2026-01-07 23:55:40,,
2026-01-07 23:55:50,,
2026-01-07 23:56:00,,
2026-01-07 23:56:10,,
2026-01-07 23:56:20,67.0,53.0
2026-01-07 23:56:30,,
2026-01-07 23:56:40,,
2026-01-07 23:56:50,,
2026-01-07 23:57:00,,
2026-01-07 23:57:10,,
2026-01-07 23:57:20,64.0,55.0
2026-01-07 23:57:30,,
2026-01-07 23:57:40,,
2026-01-07 23:57:50,,
2026-01-07 23:58:00,,
2026-01-07 23:58:10,,
2026-01-07 23:58:20,66.0,55.0
2026-01-07 23:58:30,,
2026-01-07 23:58:40,,
2026-01-07 23:58:50,,
2026-01-07 23:59:00,,
2026-01-07 23:59:10,,
2026-01-07 23:59:20,67.0,53.0
2026-01-07 23:59:30,,
2026-01-07 23:59:40,,
2026-01-07 23:59:50,,
2026-01-08 00:00:00,,
2026-01-08 00:00:10,,
2026-01-08 00:00:20,68.0,52.0
2026-01-08 00:00:30,,
2026-01-08 00:00:40,,
2026-01-08 00:00:50,,
2026-01-08 00:01:00,,
2026-01-08 00:01:10,,
2026-01-08 00:01:20,68.0,50.0
2026-01-08 00:01:30,,
2026-01-08 00:01:40,,
2026-01-08 00:01:50,,
2026-01-08 00:02:00,,
2026-01-08 00:02:10,,
2026-01-08 00:02:20,68.0,49.0
2026-01-08 00:02:30,,
2026-01-08 00:02:40,,
2026-01-08 00:02:50,,
2026-01-08 00:03:00,,
2026-01-08 00:03:10,,
2026-01-08 00:03:20,65.0,49.0
2026-01-08 00:03:30,,
2026-01-08 00:03:40,,
2026-01-08 00:03:50,,
2026-01-08 00:04:00,,
2026-01-08 00:04:10,,
2026-01-08 00:04:20,70.0,51.0
2026-01-08 00:04:30,,
2026-01-08 00:04:40,,
2026-01-08 00:04:50,,
2026-01-08 00:05:00,,
2026-01-08 00:05:10,,
2026-01-08 00:05:20,68.0,51.0
2026-01-08 00:05:30,,
2026-01-08 00:05:40,,
2026-01-08 00:05:50,,
2026-01-08 00:06:00,,
2026-01-08 00:06:10,,
2026-01-08 00:06:20,69.0,50.0
2026-01-08 00:06:30,,
2026-01-08 00:06:40,,
2026-01-08 00:06:50,,
2026-01-08 00:07:00,,
2026-01-08 00:07:10,,
2026-01-08 00:07:20,69.0,53.0
2026-01-08 00:07:30,,
2026-01-08 00:07:40,,
2026-01-08 00:07:50,,
2026-01-08 00:08:00,,
2026-01-08 00:08:10,,
2026-01-08 00:08:20,69.0,51.0
2026-01-08 00:08:30,,
2026-01-08 00:08:40,,
2026-01-08 00:08:50,,
2026-01-08 00:09:00,,
2026-01-08 00:09:10,,
2026-01-08 00:09:20,68.0,49.0
2026-01-08 00:09:30,,
2026-01-08 00:09:40,,
2026-01-08 00:09:50,,
2026-01-08 00:10:00,,
2026-01-08 00:10:10,,
2026-01-08 00:10:20,65.0,51.0
2026-01-08 00:10:30,,
2026-01-08 00:10:40,,
2026-01-08 00:10:50,,
2026-01-08 00:11:00,,
2026-01-08 00:11:10,,
2026-01-08 00:11:20,67.0,50.0
2026-01-08 00:11:30,,
2026-01-08 00:11:40,,
2026-01-08 00:11:50,,
2026-01-08 00:12:00,,
2026-01-08 00:12:10,,
2026-01-08 00:12:20,65.0,50.0
2026-01-08 00:12:30,,
2026-01-08 00:12:40,,
2026-01-08 00:12:50,,
2026-01-08 00:13:00,,
2026-01-08 00:13:10,,
2026-01-08 00:13:20,67.0,50.0
2026-01-08 00:13:30,,
2026-01-08 00:13:40,,
2026-01-08 00:13:50,,
2026-01-08 00:14:00,,
2026-01-08 00:14:10,,
2026-01-08 00:14:20,65.0,53.0
2026-01-08 00:14:30,,
2026-01-08 00:14:40,,
2026-01-08 00:14:50,,
2026-01-08 00:15:00,,
2026-01-08 00:15:10,,
2026-01-08 00:15:20,65.0,54.0
2026-01-08 00:15:30,,
2026-01-08 00:15:40,,
2026-01-08 00:15:50,,
2026-01-08 00:16:00,,
2026-01-08 00:16:10,,
2026-01-08 00:16:20,67.0,56.0
2026-01-08 00:16:30,,
2026-01-08 00:16:40,,
2026-01-08 00:16:50,,
2026-01-08 00:17:00,,
2026-01-08 00:17:10,,
2026-01-08 00:17:20,65.0,53.0
2026-01-08 00:17:30,,
2026-01-08 00:17:40,,
2026-01-08 00:17:50,,
2026-01-08 00:18:00,,
2026-01-08 00:18:10,,
2026-01-08 00:18:20,67.0,52.0
2026-01-08 00:18:30,,
2026-01-08 00:18:40,,
2026-01-08 00:18:50,,
2026-01-08 00:19:00,,
2026-01-08 00:19:10,,
2026-01-08 00:19:20,66.0,54.0
2026-01-08 00:19:30,,
2026-01-08 00:19:40,,
2026-01-08 00:19:50,,
2026-01-08 00:20:00,,
2026-01-08 00:20:10,,
2026-01-08 00:20:20,66.0,51.0
2026-01-08 00:20:30,,
2026-01-08 00:20:40,,
2026-01-08 00:20:50,,
2026-01-08 00:21:00,,
2026-01-08 00:21:10,,
2026-01-08 00:21:20,66.0,50.0
2026-01-08 00:21:30,,
2026-01-08 00:21:40,,
2026-01-08 00:21:50,,
2026-01-08 00:22:00,,
2026-01-08 00:22:10,,
2026-01-08 00:22:20,68.0,47.0
2026-01-08 00:22:30,,
2026-01-08 00:22:40,,
2026-01-08 00:22:50,,
2026-01-08 00:23:00,,
2026-01-08 00:23:10,,
2026-01-08 00:23:20,66.0,51.0
2026-01-08 00:23:30,,
2026-01-08 00:23:40,,
2026-01-08 00:23:50,,
2026-01-08 00:24:00,,
2026-01-08 00:24:10,,
2026-01-08 00:24:20,66.0,57.0
2026-01-08 00:24:30,,
2026-01-08 00:24:40,,
2026-01-08 00:24:50,,
2026-01-08 00:25:00,,
2026-01-08 00:25:10,,
2026-01-08 00:25:20,63.0,58.0
2026-01-08 00:25:30,,
2026-01-08 00:25:40,,
2026-01-08 00:25:50,,
2026-01-08 00:26:00,,
2026-01-08 00:26:10,,
2026-01-08 00:26:20,63.0,51.0
2026-01-08 00:26:30,,
2026-01-08 00:26:40,,
2026-01-08 00:26:50,,
2026-01-08 00:27:00,,
2026-01-08 00:27:10,,
2026-01-08 00:27:20,64.0,49.0
2026-01-08 00:27:30,,
2026-01-08 00:27:40,,
2026-01-08 00:27:50,,
2026-01-08 00:28:00,,
2026-01-08 00:28:10,,
2026-01-08 00:28:20,65.0,47.0
2026-01-08 00:28:30,,
2026-01-08 00:28:40,,
2026-01-08 00:28:50,,
2026-01-08 00:29:00,,
2026-01-08 00:29:10,,
2026-01-08 00:29:20,65.0,45.0
2026-01-08 00:29:30,,
2026-01-08 00:29:40,,
2026-01-08 00:29:50,,
2026-01-08 00:30:00,,
2026-01-08 00:30:10,,
2026-01-08 00:30:20,65.0,43.0
2026-01-08 00:30:30,,
2026-01-08 00:30:40,,
2026-01-08 00:30:50,,
2026-01-08 00:31:00,,
2026-01-08 00:31:10,,
2026-01-08 00:31:20,65.0,42.0
2026-01-08 00:31:30,,
2026-01-08 00:31:40,,
2026-01-08 00:31:50,,
2026-01-08 00:32:00,,
2026-01-08 00:32:10,,
2026-01-08 00:32:20,64.0,41.0
2026-01-08 00:32:30,,
2026-01-08 00:32:40,,
2026-01-08 00:32:50,,
2026-01-08 00:33:00,,
2026-01-08 00:33:10,,
2026-01-08 00:33:20,64.0,41.0
2026-01-08 00:33:30,,
2026-01-08 00:33:40,,
2026-01-08 00:33:50,,
2026-01-08 00:34:00,,
2026-01-08 00:34:10,,
2026-01-08 00:34:20,64.0,42.0
2026-01-08 00:34:30,,
2026-01-08 00:34:40,,
2026-01-08 00:34:50,,
2026-01-08 00:35:00,,
2026-01-08 00:35:10,,
2026-01-08 00:35:20,64.0,42.0
2026-01-08 00:35:30,,
2026-01-08 00:35:40,,
2026-01-08 00:35:50,,
2026-01-08 00:36:00,,
2026-01-08 00:36:10,,
2026-01-08 00:36:20,64.0,42.0
2026-01-08 00:36:30,,
2026-01-08 00:36:40,,
2026-01-08 00:36:50,,
2026-01-08 00:37:00,,
2026-01-08 00:37:10,,
2026-01-08 00:37:20,63.0,40.0
2026-01-08 00:37:30,,
2026-01-08 00:37:40,,
2026-01-08 00:37:50,,
2026-01-08 00:38:00,,
2026-01-08 00:38:10,,
2026-01-08 00:38:20,62.0,43.0
2026-01-08 00:38:30,,
2026-01-08 00:38:40,,
2026-01-08 00:38:50,,
2026-01-08 00:39:00,,
2026-01-08 00:39:10,,
2026-01-08 00:39:20,60.0,40.0
2026-01-08 00:39:30,,
2026-01-08 00:39:40,,
2026-01-08 00:39:50,,
2026-01-08 00:40:00,,
2026-01-08 00:40:10,,
2026-01-08 00:40:20,62.0,39.0
2026-01-08 00:40:30,,
2026-01-08 00:40:40,,
2026-01-08 00:40:50,,
2026-01-08 00:41:00,,
2026-01-08 00:41:10,,
2026-01-08 00:41:20,62.0,39.0
2026-01-08 00:41:30,,
2026-01-08 00:41:40,,
2026-01-08 00:41:50,,
2026-01-08 00:42:00,,
2026-01-08 00:42:10,,
2026-01-08 00:42:20,63.0,39.0
2026-01-08 00:42:30,,
2026-01-08 00:42:40,,
2026-01-08 00:42:50,,
2026-01-08 00:43:00,,
2026-01-08 00:43:10,,
2026-01-08 00:43:20,63.0,40.0
2026-01-08 00:43:30,,
2026-01-08 00:43:40,,
2026-01-08 00:43:50,,
2026-01-08 00:44:00,,
2026-01-08 00:44:10,,
2026-01-08 00:44:20,63.0,41.0
2026-01-08 00:44:30,,
2026-01-08 00:44:40,,
2026-01-08 00:44:50,,
2026-01-08 00:45:00,,
2026-01-08 00:45:10,,
2026-01-08 00:45:20,63.0,42.0
2026-01-08 00:45:30,,
2026-01-08 00:45:40,,
2026-01-08 00:45:50,,
2026-01-08 00:46:00,,
2026-01-08 00:46:10,,
2026-01-08 00:46:20,63.0,42.0
2026-01-08 00:46:30,,
2026-01-08 00:46:40,,
2026-01-08 00:46:50,,
2026-01-08 00:47:00,,
2026-01-08 00:47:10,,
2026-01-08 00:47:20,62.0,42.0
2026-01-08 00:47:30,,
2026-01-08 00:47:40,,
2026-01-08 00:47:50,,
2026-01-08 00:48:00,,
2026-01-08 00:48:10,,
2026-01-08 00:48:20,61.0,45.0
2026-01-08 00:48:30,,
2026-01-08 00:48:40,,
2026-01-08 00:48:50,,
2026-01-08 00:49:00,,
2026-01-08 00:49:10,,
2026-01-08 00:49:20,61.0,43.0
2026-01-08 00:49:30,,
2026-01-08 00:49:40,,
2026-01-08 00:49:50,,
2026-01-08 00:50:00,,
2026-01-08 00:50:10,,
2026-01-08 00:50:20,62.0,43.0
2026-01-08 00:50:30,,
2026-01-08 00:50:40,,
2026-01-08 00:50:50,,
2026-01-08 00:51:00,,
2026-01-08 00:51:10,,
2026-01-08 00:51:20,61.0,42.0
2026-01-08 00:51:30,,
2026-01-08 00:51:40,,
2026-01-08 00:51:50,,
2026-01-08 00:52:00,,
2026-01-08 00:52:10,,
2026-01-08 00:52:20,60.0,45.0
2026-01-08 00:52:30,,
2026-01-08 00:52:40,,
2026-01-08 00:52:50,,
2026-01-08 00:53:00,,
2026-01-08 00:53:10,,
2026-01-08 00:53:20,58.0,47.0
2026-01-08 00:53:30,,
2026-01-08 00:53:40,,
2026-01-08 00:53:50,,
2026-01-08 00:54:00,,
2026-01-08 00:54:10,,
2026-01-08 00:54:20,59.0,47.0
2026-01-08 00:54:30,,
2026-01-08 00:54:40,,
2026-01-08 00:54:50,,
2026-01-08 00:55:00,,
2026-01-08 00:55:10,,
2026-01-08 00:55:20,58.0,48.0
2026-01-08 00:55:30,,
2026-01-08 00:55:40,,
2026-01-08 00:55:50,,
2026-01-08 00:56:00,,
2026-01-08 00:56:10,,
2026-01-08 00:56:20,58.0,46.0
2026-01-08 00:56:30,,
2026-01-08 00:56:40,,
2026-01-08 00:56:50,,
2026-01-08 00:57:00,,
2026-01-08 00:57:10,,
2026-01-08 00:57:20,58.0,45.0
2026-01-08 00:57:30,,
2026-01-08 00:57:40,,
2026-01-08 00:57:50,,
2026-01-08 00:58:00,,
2026-01-08 00:58:10,,
2026-01-08 00:58:20,59.0,46.0
2026-01-08 00:58:30,,
2026-01-08 00:58:40,,
2026-01-08 00:58:50,,
2026-01-08 00:59:00,,
2026-01-08 00:59:10,,
2026-01-08 00:59:20,59.0,45.0
2026-01-08 00:59:30,,
2026-01-08 00:59:40,,
2026-01-08 00:59:50,,
2026-01-08 01:00:00,,
2026-01-08 01:00:10,,
2026-01-08 01:00:20,59.0,44.0
2026-01-08 01:00:30,,
2026-01-08 01:00:40,,
2026-01-08 01:00:50,,
2026-01-08 01:01:00,,
2026-01-08 01:01:10,,
2026-01-08 01:01:20,59.0,46.0
2026-01-08 01:01:30,,
2026-01-08 01:01:40,,
2026-01-08 01:01:50,,
2026-01-08 01:02:00,,
2026-01-08 01:02:10,,
2026-01-08 01:02:20,60.0,45.0
2026-01-08 01:02:30,,
2026-01-08 01:02:40,,
2026-01-08 01:02:50,,
2026-01-08 01:03:00,,
2026-01-08 01:03:10,,
2026-01-08 01:03:20,60.0,45.0
2026-01-08 01:03:30,,
2026-01-08 01:03:40,,
2026-01-08 01:03:50,,
2026-01-08 01:04:00,,
2026-01-08 01:04:10,,
2026-01-08 01:04:20,61.0,49.0
2026-01-08 01:04:30,,
2026-01-08 01:04:40,,
2026-01-08 01:04:50,,
2026-01-08 01:05:00,,
2026-01-08 01:05:10,,
2026-01-08 01:05:20,61.0,50.0
2026-01-08 01:05:30,,
2026-01-08 01:05:40,,
2026-01-08 01:05:50,,
2026-01-08 01:06:00,,
2026-01-08 01:06:10,,
2026-01-08 01:06:20,61.0,48.0
2026-01-08 01:06:30,,
2026-01-08 01:06:40,,
2026-01-08 01:06:50,,
2026-01-08 01:07:00,,
2026-01-08 01:07:10,,
2026-01-08 01:07:20,63.0,51.0
2026-01-08 01:07:30,,
2026-01-08 01:07:40,,
2026-01-08 01:07:50,,
2026-01-08 01:08:00,,
2026-01-08 01:08:10,,
2026-01-08 01:08:20,59.0,50.0
2026-01-08 01:08:30,,
2026-01-08 01:08:40,,
2026-01-08 01:08:50,,
2026-01-08 01:09:00,,
2026-01-08 01:09:10,,
2026-01-08 01:09:20,59.0,54.0
2026-01-08 01:09:30,,
2026-01-08 01:09:40,,
2026-01-08 01:09:50,,
2026-01-08 01:10:00,,
2026-01-08 01:10:10,,
2026-01-08 01:10:20,58.0,50.0
2026-01-08 01:10:30,,
2026-01-08 01:10:40,,
2026-01-08 01:10:50,,
2026-01-08 01:11:00,,
2026-01-08 01:11:10,,
2026-01-08 01:11:20,55.0,50.0
2026-01-08 01:11:30,,
2026-01-08 01:11:40,,
2026-01-08 01:11:50,,
2026-01-08 01:12:00,,
2026-01-08 01:12:10,,
2026-01-08 01:12:20,58.0,49.0
2026-01-08 01:12:30,,
2026-01-08 01:12:40,,
2026-01-08 01:12:50,,
2026-01-08 01:13:00,,
2026-01-08 01:13:10,,
2026-01-08 01:13:20,57.0,52.0
2026-01-08 01:13:30,,
2026-01-08 01:13:40,,
2026-01-08 01:13:50,,
2026-01-08 01:14:00,,
2026-01-08 01:14:10,,
2026-01-08 01:14:20,58.0,49.0
2026-01-08 01:14:30,,
2026-01-08 01:14:40,,
2026-01-08 01:14:50,,
2026-01-08 01:15:00,,
2026-01-08 01:15:10,,
2026-01-08 01:15:20,62.0,51.0
2026-01-08 01:15:30,,
2026-01-08 01:15:40,,
2026-01-08 01:15:50,,
2026-01-08 01:16:00,,
2026-01-08 01:16:10,,
2026-01-08 01:16:20,59.0,52.0
2026-01-08 01:16:30,,
2026-01-08 01:16:40,,
2026-01-08 01:16:50,,
2026-01-08 01:17:00,,
2026-01-08 01:17:10,,
2026-01-08 01:17:20,59.0,52.0
2026-01-08 01:17:30,,
2026-01-08 01:17:40,,
2026-01-08 01:17:50,,
2026-01-08 01:18:00,,
2026-01-08 01:18:10,,
2026-01-08 01:18:20,60.0,51.0
2026-01-08 01:18:30,,
2026-01-08 01:18:40,,
2026-01-08 01:18:50,,
2026-01-08 01:19:00,,
2026-01-08 01:19:10,,
2026-01-08 01:19:20,53.0,52.0
2026-01-08 01:19:30,,
2026-01-08 01:19:40,,
2026-01-08 01:19:50,,
2026-01-08 01:20:00,,
2026-01-08 01:20:10,,
2026-01-08 01:20:20,63.0,50.0
2026-01-08 01:20:30,,
2026-01-08 01:20:40,,
2026-01-08 01:20:50,,
2026-01-08 01:21:00,,
2026-01-08 01:21:10,,
2026-01-08 01:21:20,60.0,56.0
2026-01-08 01:21:30,,
2026-01-08 01:21:40,,
2026-01-08 01:21:50,,
2026-01-08 01:22:00,,
2026-01-08 01:22:10,,
2026-01-08 01:22:20,65.0,53.0
2026-01-08 01:22:30,,
2026-01-08 01:22:40,,
2026-01-08 01:22:50,,
2026-01-08 01:23:00,,
2026-01-08 01:23:10,,
2026-01-08 01:23:20,65.0,53.0
2026-01-08 01:23:30,,
2026-01-08 01:23:40,,
2026-01-08 01:23:50,,
2026-01-08 01:24:00,,
2026-01-08 01:24:10,,
2026-01-08 01:24:20,61.0,51.0
2026-01-08 01:24:30,,
2026-01-08 01:24:40,,
2026-01-08 01:24:50,,
2026-01-08 01:25:00,,
2026-01-08 01:25:10,,
2026-01-08 01:25:20,59.0,49.0
2026-01-08 01:25:30,,
2026-01-08 01:25:40,,
2026-01-08 01:25:50,,
2026-01-08 01:26:00,,
2026-01-08 01:26:10,,
2026-01-08 01:26:20,60.0,58.0
2026-01-08 01:26:30,,
2026-01-08 01:26:40,,
2026-01-08 01:26:50,,
2026-01-08 01:27:00,,
2026-01-08 01:27:10,,
2026-01-08 01:27:20,64.0,48.0
2026-01-08 01:27:30,,
2026-01-08 01:27:40,,
2026-01-08 01:27:50,,
2026-01-08 01:28:00,,
2026-01-08 01:28:10,,
2026-01-08 01:28:20,57.0,51.0
2026-01-08 01:28:30,,
2026-01-08 01:28:40,,
2026-01-08 01:28:50,,
2026-01-08 01:29:00,,
2026-01-08 01:29:10,,
2026-01-08 01:29:20,60.0,51.0
2026-01-08 01:29:30,,
2026-01-08 01:29:40,,
2026-01-08 01:29:50,,
2026-01-08 01:30:00,,
2026-01-08 01:30:10,,
2026-01-08 01:30:20,63.0,51.0
2026-01-08 01:30:30,,
2026-01-08 01:30:40,,
2026-01-08 01:30:50,,
2026-01-08 01:31:00,,
2026-01-08 01:31:10,,
2026-01-08 01:31:20,51.0,52.0
2026-01-08 01:31:30,,
2026-01-08 01:31:40,,
2026-01-08 01:31:50,,
2026-01-08 01:32:00,,
2026-01-08 01:32:10,,
2026-01-08 01:32:20,58.0,53.0
2026-01-08 01:32:30,,
2026-01-08 01:32:40,,
2026-01-08 01:32:50,,
2026-01-08 01:33:00,,
2026-01-08 01:33:10,,
2026-01-08 01:33:20,64.0,53.0
2026-01-08 01:33:30,,
2026-01-08 01:33:40,,
2026-01-08 01:33:50,,
2026-01-08 01:34:00,,
2026-01-08 01:34:10,,
2026-01-08 01:34:20,66.0,53.0
2026-01-08 01:34:30,,
2026-01-08 01:34:40,,
2026-01-08 01:34:50,,
2026-01-08 01:35:00,,
2026-01-08 01:35:10,,
2026-01-08 01:35:20,64.0,54.0
2026-01-08 01:35:30,,
2026-01-08 01:35:40,,
2026-01-08 01:35:50,,
2026-01-08 01:36:00,,
2026-01-08 01:36:10,,
2026-01-08 01:36:20,60.0,52.0
2026-01-08 01:36:30,,
2026-01-08 01:36:40,,
2026-01-08 01:36:50,,
2026-01-08 01:37:00,,
2026-01-08 01:37:10,,
2026-01-08 01:37:20,55.0,55.0
2026-01-08 01:37:30,,
2026-01-08 01:37:40,,
2026-01-08 01:37:50,,
2026-01-08 01:38:00,,
2026-01-08 01:38:10,,
2026-01-08 01:38:20,64.0,50.0
2026-01-08 01:38:30,,
2026-01-08 01:38:40,,
2026-01-08 01:38:50,,
2026-01-08 01:39:00,,
2026-01-08 01:39:10,,
2026-01-08 01:39:20,66.0,52.0
2026-01-08 01:39:30,,
2026-01-08 01:39:40,,
2026-01-08 01:39:50,,
2026-01-08 01:40:00,,
2026-01-08 01:40:10,,
2026-01-08 01:40:20,63.0,53.0
2026-01-08 01:40:30,,
2026-01-08 01:40:40,,
2026-01-08 01:40:50,,
2026-01-08 01:41:00,,
2026-01-08 01:41:10,,
2026-01-08 01:41:20,65.0,51.0
2026-01-08 01:41:30,,
2026-01-08 01:41:40,,
2026-01-08 01:41:50,,
2026-01-08 01:42:00,,
2026-01-08 01:42:10,,
2026-01-08 01:42:20,65.0,50.0
2026-01-08 01:42:30,,
2026-01-08 01:42:40,,
2026-01-08 01:42:50,,
2026-01-08 01:43:00,,
2026-01-08 01:43:10,,
2026-01-08 01:43:20,63.0,52.0
2026-01-08 01:43:30,,
2026-01-08 01:43:40,,
2026-01-08 01:43:50,,
2026-01-08 01:44:00,,
2026-01-08 01:44:10,,
2026-01-08 01:44:20,67.0,50.0
2026-01-08 01:44:30,,
2026-01-08 01:44:40,,
2026-01-08 01:44:50,,
2026-01-08 01:45:00,,
2026-01-08 01:45:10,,
2026-01-08 01:45:20,63.0,53.0
2026-01-08 01:45:30,,
2026-01-08 01:45:40,,
2026-01-08 01:45:50,,
2026-01-08 01:46:00,,
2026-01-08 01:46:10,,
2026-01-08 01:46:20,59.0,54.0
2026-01-08 01:46:30,,
2026-01-08 01:46:40,,
2026-01-08 01:46:50,,
2026-01-08 01:47:00,,
2026-01-08 01:47:10,,
2026-01-08 01:47:20,63.0,61.0
2026-01-08 01:47:30,,
2026-01-08 01:47:40,,
2026-01-08 01:47:50,,
2026-01-08 01:48:00,,
2026-01-08 01:48:10,,
2026-01-08 01:48:20,61.0,50.0
2026-01-08 01:48:30,,
2026-01-08 01:48:40,,
2026-01-08 01:48:50,,
2026-01-08 01:49:00,,
2026-01-08 01:49:10,,
2026-01-08 01:49:20,61.0,52.0
2026-01-08 01:49:30,,
2026-01-08 01:49:40,,
2026-01-08 01:49:50,,
2026-01-08 01:50:00,,
2026-01-08 01:50:10,,
2026-01-08 01:50:20,60.0,49.0
2026-01-08 01:50:30,,
2026-01-08 01:50:40,,
2026-01-08 01:50:50,,
2026-01-08 01:51:00,,
2026-01-08 01:51:10,,
2026-01-08 01:51:20,60.0,47.0
2026-01-08 01:51:30,,
2026-01-08 01:51:40,,
2026-01-08 01:51:50,,
2026-01-08 01:52:00,,
2026-01-08 01:52:10,,
2026-01-08 01:52:20,61.0,46.0
2026-01-08 01:52:30,,
2026-01-08 01:52:40,,
2026-01-08 01:52:50,,
2026-01-08 01:53:00,,
2026-01-08 01:53:10,,
2026-01-08 01:53:20,60.0,43.0
2026-01-08 01:53:30,,
2026-01-08 01:53:40,,
2026-01-08 01:53:50,,
2026-01-08 01:54:00,,
2026-01-08 01:54:10,,
2026-01-08 01:54:20,60.0,43.0
2026-01-08 01:54:30,,
2026-01-08 01:54:40,,
2026-01-08 01:54:50,,
2026-01-08 01:55:00,,
2026-01-08 01:55:10,,
2026-01-08 01:55:20,61.0,45.0
2026-01-08 01:55:30,,
2026-01-08 01:55:40,,
2026-01-08 01:55:50,,
2026-01-08 01:56:00,,
2026-01-08 01:56:10,,
2026-01-08 01:56:20,60.0,45.0
2026-01-08 01:56:30,,
2026-01-08 01:56:40,,
2026-01-08 01:56:50,,
2026-01-08 01:57:00,,
2026-01-08 01:57:10,,
2026-01-08 01:57:20,60.0,44.0
2026-01-08 01:57:30,,
2026-01-08 01:57:40,,
2026-01-08 01:57:50,,
2026-01-08 01:58:00,,
2026-01-08 01:58:10,,
2026-01-08 01:58:20,60.0,45.0
2026-01-08 01:58:30,,
2026-01-08 01:58:40,,
2026-01-08 01:58:50,,
2026-01-08 01:59:00,,
2026-01-08 01:59:10,,
2026-01-08 01:59:20,59.0,46.0
2026-01-08 01:59:30,,
2026-01-08 01:59:40,,
2026-01-08 01:59:50,,
2026-01-08 02:00:00,,
2026-01-08 02:00:10,,
2026-01-08 02:00:20,61.0,49.0
2026-01-08 02:00:30,,
2026-01-08 02:00:40,,
2026-01-08 02:00:50,,
2026-01-08 02:01:00,,
2026-01-08 02:01:10,,
2026-01-08 02:01:20,58.0,47.0
2026-01-08 02:01:30,,
2026-01-08 02:01:40,,
2026-01-08 02:01:50,,
2026-01-08 02:02:00,,
2026-01-08 02:02:10,,
2026-01-08 02:02:20,57.0,50.0
2026-01-08 02:02:30,,
2026-01-08 02:02:40,,
2026-01-08 02:02:50,,
2026-01-08 02:03:00,,
2026-01-08 02:03:10,,
2026-01-08 02:03:20,55.0,50.0
2026-01-08 02:03:30,,
2026-01-08 02:03:40,,
2026-01-08 02:03:50,,
2026-01-08 02:04:00,,
2026-01-08 02:04:10,,
2026-01-08 02:04:20,55.0,53.0
2026-01-08 02:04:30,,
2026-01-08 02:04:40,,
2026-01-08 02:04:50,,
2026-01-08 02:05:00,,
2026-01-08 02:05:10,,
2026-01-08 02:05:20,51.0,54.0
2026-01-08 02:05:30,,
2026-01-08 02:05:40,,
2026-01-08 02:05:50,,
2026-01-08 02:06:00,,
2026-01-08 02:06:10,,
2026-01-08 02:06:20,53.0,53.0
2026-01-08 02:06:30,,
2026-01-08 02:06:40,,
2026-01-08 02:06:50,,
2026-01-08 02:07:00,,
2026-01-08 02:07:10,,
2026-01-08 02:07:20,55.0,56.0
2026-01-08 02:07:30,,
2026-01-08 02:07:40,,
2026-01-08 02:07:50,,
2026-01-08 02:08:00,,
2026-01-08 02:08:10,,
2026-01-08 02:08:20,55.0,51.0
2026-01-08 02:08:30,,
2026-01-08 02:08:40,,
2026-01-08 02:08:50,,
2026-01-08 02:09:00,,
2026-01-08 02:09:10,,
2026-01-08 02:09:20,56.0,54.0
2026-01-08 02:09:30,,
2026-01-08 02:09:40,,
2026-01-08 02:09:50,,
2026-01-08 02:10:00,,
2026-01-08 02:10:10,,
2026-01-08 02:10:20,56.0,56.0
2026-01-08 02:10:30,,
2026-01-08 02:10:40,,
2026-01-08 02:10:50,,
2026-01-08 02:11:00,,
2026-01-08 02:11:10,,
2026-01-08 02:11:20,57.0,51.0
2026-01-08 02:11:30,,
2026-01-08 02:11:40,,
2026-01-08 02:11:50,,
2026-01-08 02:12:00,,
2026-01-08 02:12:10,,
2026-01-08 02:12:20,58.0,53.0
2026-01-08 02:12:30,,
2026-01-08 02:12:40,,
2026-01-08 02:12:50,,
2026-01-08 02:13:00,,
2026-01-08 02:13:10,,
2026-01-08 02:13:20,58.0,55.0
2026-01-08 02:13:30,,
2026-01-08 02:13:40,,
2026-01-08 02:13:50,,
2026-01-08 02:14:00,,
2026-01-08 02:14:10,,
2026-01-08 02:14:20,55.0,53.0
2026-01-08 02:14:30,,
2026-01-08 02:14:40,,
2026-01-08 02:14:50,,
2026-01-08 02:15:00,,
2026-01-08 02:15:10,,
2026-01-08 02:15:20,57.0,54.0
2026-01-08 02:15:30,,
2026-01-08 02:15:40,,
2026-01-08 02:15:50,,
2026-01-08 02:16:00,,
2026-01-08 02:16:10,,
2026-01-08 02:16:20,59.0,5.0
2026-01-08 02:16:30,,
2026-01-08 02:16:40,,
2026-01-08 02:16:50,,
2026-01-08 02:17:00,,
2026-01-08 02:17:10,,
2026-01-08 02:17:20,59.0,5.0
2026-01-08 02:17:30,,
2026-01-08 02:17:40,,
2026-01-08 02:17:50,,
2026-01-08 02:18:00,,
2026-01-08 02:18:10,,
2026-01-08 02:18:20,59.0,52.0
2026-01-08 02:18:30,,
2026-01-08 02:18:40,,
2026-01-08 02:18:50,,
2026-01-08 02:19:00,,
2026-01-08 02:19:10,,
2026-01-08 02:19:20,60.0,52.0
2026-01-08 02:19:30,,
2026-01-08 02:19:40,,
2026-01-08 02:19:50,,
2026-01-08 02:20:00,,
2026-01-08 02:20:10,,
2026-01-08 02:20:20,59.0,53.0
2026-01-08 02:20:30,,
2026-01-08 02:20:40,,
2026-01-08 02:20:50,,
2026-01-08 02:21:00,,
2026-01-08 02:21:10,,
2026-01-08 02:21:20,58.0,54.0
2026-01-08 02:21:30,,
2026-01-08 02:21:40,,
2026-01-08 02:21:50,,
2026-01-08 02:22:00,,
2026-01-08 02:22:10,,
2026-01-08 02:22:20,59.0,56.0
2026-01-08 02:22:30,,
2026-01-08 02:22:40,,
2026-01-08 02:22:50,,
2026-01-08 02:23:00,,
2026-01-08 02:23:10,,
2026-01-08 02:23:20,58.0,54.0
2026-01-08 02:23:30,,
2026-01-08 02:23:40,,
2026-01-08 02:23:50,,
2026-01-08 02:24:00,,
2026-01-08 02:24:10,,
2026-01-08 02:24:20,59.0,52.0
2026-01-08 02:24:30,,
2026-01-08 02:24:40,,
2026-01-08 02:24:50,,
2026-01-08 02:25:00,,
2026-01-08 02:25:10,,
2026-01-08 02:25:20,53.0,56.0
2026-01-08 02:25:30,,
2026-01-08 02:25:40,,
2026-01-08 02:25:50,,
2026-01-08 02:26:00,,
2026-01-08 02:26:10,,
2026-01-08 02:26:20,57.0,55.0
2026-01-08 02:26:30,,
2026-01-08 02:26:40,,
2026-01-08 02:26:50,,
2026-01-08 02:27:00,,
2026-01-08 02:27:10,,
2026-01-08 02:27:20,58.0,54.0
2026-01-08 02:27:30,,
2026-01-08 02:27:40,,
2026-01-08 02:27:50,,
2026-01-08 02:28:00,,
2026-01-08 02:28:10,,
2026-01-08 02:28:20,59.0,53.0
2026-01-08 02:28:30,,
2026-01-08 02:28:40,,
2026-01-08 02:28:50,,
2026-01-08 02:29:00,,
2026-01-08 02:29:10,,
2026-01-08 02:29:20,59.0,54.0
2026-01-08 02:29:30,,
2026-01-08 02:29:40,,
2026-01-08 02:29:50,,
2026-01-08 02:30:00,,
2026-01-08 02:30:10,,
2026-01-08 02:30:20,58.0,53.0
2026-01-08 02:30:30,,
2026-01-08 02:30:40,,
2026-01-08 02:30:50,,
2026-01-08 02:31:00,,
2026-01-08 02:31:10,,
2026-01-08 02:31:20,57.0,52.0
2026-01-08 02:31:30,,
2026-01-08 02:31:40,,
2026-01-08 02:31:50,,
2026-01-08 02:32:00,,
2026-01-08 02:32:10,,
2026-01-08 02:32:20,57.0,50.0
2026-01-08 02:32:30,,
2026-01-08 02:32:40,,
2026-01-08 02:32:50,,
2026-01-08 02:33:00,,
2026-01-08 02:33:10,,
2026-01-08 02:33:20,59.0,53.0
2026-01-08 02:33:30,,
2026-01-08 02:33:40,,
2026-01-08 02:33:50,,
2026-01-08 02:34:00,,
2026-01-08 02:34:10,,
2026-01-08 02:34:20,58.0,50.0
2026-01-08 02:34:30,,
2026-01-08 02:34:40,,
2026-01-08 02:34:50,,
2026-01-08 02:35:00,,
2026-01-08 02:35:10,,
2026-01-08 02:35:20,58.0,53.0
2026-01-08 02:35:30,,
2026-01-08 02:35:40,,
2026-01-08 02:35:50,,
2026-01-08 02:36:00,,
2026-01-08 02:36:10,,
2026-01-08 02:36:20,58.0,52.0
2026-01-08 02:36:30,,
2026-01-08 02:36:40,,
2026-01-08 02:36:50,,
2026-01-08 02:37:00,,
2026-01-08 02:37:10,,
2026-01-08 02:37:20,58.0,53.0
2026-01-08 02:37:30,,
2026-01-08 02:37:40,,
2026-01-08 02:37:50,,
2026-01-08 02:38:00,,
2026-01-08 02:38:10,,
2026-01-08 02:38:20,60.0,51.0
2026-01-08 02:38:30,,
2026-01-08 02:38:40,,
2026-01-08 02:38:50,,
2026-01-08 02:39:00,,
2026-01-08 02:39:10,,
2026-01-08 02:39:20,55.0,53.0
2026-01-08 02:39:30,,
2026-01-08 02:39:40,,
2026-01-08 02:39:50,,
2026-01-08 02:40:00,,
2026-01-08 02:40:10,,
2026-01-08 02:40:20,58.0,51.0
2026-01-08 02:40:30,,
2026-01-08 02:40:40,,
2026-01-08 02:40:50,,
2026-01-08 02:41:00,,
2026-01-08 02:41:10,,
2026-01-08 02:41:20,59.0,53.0
2026-01-08 02:41:30,,
2026-01-08 02:41:40,,
2026-01-08 02:41:50,,
2026-01-08 02:42:00,,
2026-01-08 02:42:10,,
2026-01-08 02:42:20,59.0,51.0
2026-01-08 02:42:30,,
2026-01-08 02:42:40,,
2026-01-08 02:42:50,,
2026-01-08 02:43:00,,
2026-01-08 02:43:10,,
2026-01-08 02:43:20,58.0,54.0
2026-01-08 02:43:30,,
2026-01-08 02:43:40,,
2026-01-08 02:43:50,,
2026-01-08 02:44:00,,
2026-01-08 02:44:10,,
2026-01-08 02:44:20,61.0,53.0
2026-01-08 02:44:30,,
2026-01-08 02:44:40,,
2026-01-08 02:44:50,,
2026-01-08 02:45:00,,
2026-01-08 02:45:10,,
2026-01-08 02:45:20,61.0,57.0
2026-01-08 02:45:30,,
2026-01-08 02:45:40,,
2026-01-08 02:45:50,,
2026-01-08 02:46:00,,
2026-01-08 02:46:10,,
2026-01-08 02:46:20,61.0,54.0
2026-01-08 02:46:30,,
2026-01-08 02:46:40,,
2026-01-08 02:46:50,,
2026-01-08 02:47:00,,
2026-01-08 02:47:10,,
2026-01-08 02:47:20,60.0,56.0
2026-01-08 02:47:30,,
2026-01-08 02:47:40,,
2026-01-08 02:47:50,,
2026-01-08 02:48:00,,
2026-01-08 02:48:10,,
2026-01-08 02:48:20,61.0,52.0
2026-01-08 02:48:30,,
2026-01-08 02:48:40,,
2026-01-08 02:48:50,,
2026-01-08 02:49:00,,
2026-01-08 02:49:10,,
2026-01-08 02:49:20,61.0,54.0
2026-01-08 02:49:30,,
2026-01-08 02:49:40,,
2026-01-08 02:49:50,,
2026-01-08 02:50:00,,
2026-01-08 02:50:10,,
2026-01-08 02:50:20,60.0,54.0
2026-01-08 02:50:30,,
2026-01-08 02:50:40,,
2026-01-08 02:50:50,,
2026-01-08 02:51:00,,
2026-01-08 02:51:10,,
2026-01-08 02:51:20,62.0,52.0
2026-01-08 02:51:30,,
2026-01-08 02:51:40,,
2026-01-08 02:51:50,,
2026-01-08 02:52:00,,
2026-01-08 02:52:10,,
2026-01-08 02:52:20,62.0,52.0
2026-01-08 02:52:30,,
2026-01-08 02:52:40,,
2026-01-08 02:52:50,,
2026-01-08 02:53:00,,
2026-01-08 02:53:10,,
2026-01-08 02:53:20,63.0,51.0
2026-01-08 02:53:30,,
2026-01-08 02:53:40,,
2026-01-08 02:53:50,,
2026-01-08 02:54:00,,
2026-01-08 02:54:10,,
2026-01-08 02:54:20,62.0,52.0
2026-01-08 02:54:30,,
2026-01-08 02:54:40,,
2026-01-08 02:54:50,,
2026-01-08 02:55:00,,
2026-01-08 02:55:10,,
2026-01-08 02:55:20,62.0,51.0
2026-01-08 02:55:30,,
2026-01-08 02:55:40,,
2026-01-08 02:55:50,,
2026-01-08 02:56:00,,
2026-01-08 02:56:10,,
2026-01-08 02:56:20,64.0,51.0
2026-01-08 02:56:30,,
2026-01-08 02:56:40,,
2026-01-08 02:56:50,,
2026-01-08 02:57:00,,
2026-01-08 02:57:10,,
2026-01-08 02:57:20,62.0,53.0
2026-01-08 02:57:30,,
2026-01-08 02:57:40,,
2026-01-08 02:57:50,,
2026-01-08 02:58:00,,
2026-01-08 02:58:10,,
2026-01-08 02:58:20,61.0,51.0
2026-01-08 02:58:30,,
2026-01-08 02:58:40,,
2026-01-08 02:58:50,,
2026-01-08 02:59:00,,
2026-01-08 02:59:10,,
2026-01-08 02:59:20,61.0,51.0
2026-01-08 02:59:30,,
2026-01-08 02:59:40,,
2026-01-08 02:59:50,,
2026-01-08 03:00:00,,
2026-01-08 03:00:10,,
2026-01-08 03:00:20,59.0,51.0
2026-01-08 03:00:30,,
2026-01-08 03:00:40,,
2026-01-08 03:00:50,,
2026-01-08 03:01:00,,
2026-01-08 03:01:10,,
2026-01-08 03:01:20,62.0,-17.0
2026-01-08 03:01:30,,
2026-01-08 03:01:40,,
2026-01-08 03:01:50,,
2026-01-08 03:02:00,,
2026-01-08 03:02:10,,
2026-01-08 03:02:20,60.0,-17.0
2026-01-08 03:02:30,,
2026-01-08 03:02:40,,
2026-01-08 03:02:50,,
2026-01-08 03:03:00,,
2026-01-08 03:03:10,,
2026-01-08 03:03:20,63.0,110.0
2026-01-08 03:03:30,,
2026-01-08 03:03:40,,
2026-01-08 03:03:50,,
2026-01-08 03:04:00,,
2026-01-08 03:04:10,,
2026-01-08 03:04:20,62.0,84.0
2026-01-08 03:04:30,,
2026-01-08 03:04:40,,
2026-01-08 03:04:50,,
2026-01-08 03:05:00,,
2026-01-08 03:05:10,,
2026-01-08 03:05:20,62.0,93.0
2026-01-08 03:05:30,,
2026-01-08 03:05:40,,
2026-01-08 03:05:50,,
2026-01-08 03:06:00,,
2026-01-08 03:06:10,,
2026-01-08 03:06:20,61.0,93.0
2026-01-08 03:06:30,,
2026-01-08 03:06:40,,
2026-01-08 03:06:50,,
2026-01-08 03:07:00,,
2026-01-08 03:07:10,,
2026-01-08 03:07:20,62.0,52.0
2026-01-08 03:07:30,,
2026-01-08 03:07:40,,
2026-01-08 03:07:50,,
2026-01-08 03:08:00,,
2026-01-08 03:08:10,,
2026-01-08 03:08:20,62.0,52.0
2026-01-08 03:08:30,,
2026-01-08 03:08:40,,
2026-01-08 03:08:50,,
2026-01-08 03:09:00,,
2026-01-08 03:09:10,,
2026-01-08 03:09:20,64.0,49.0
2026-01-08 03:09:30,,
2026-01-08 03:09:40,,
2026-01-08 03:09:50,,
2026-01-08 03:10:00,,
2026-01-08 03:10:10,,
2026-01-08 03:10:20,62.0,52.0
2026-01-08 03:10:30,,
2026-01-08 03:10:40,,
2026-01-08 03:10:50,,
2026-01-08 03:11:00,,
2026-01-08 03:11:10,,
2026-01-08 03:11:20,64.0,50.0
2026-01-08 03:11:30,,
2026-01-08 03:11:40,,
2026-01-08 03:11:50,,
2026-01-08 03:12:00,,
2026-01-08 03:12:10,,
2026-01-08 03:12:20,62.0,55.0
2026-01-08 03:12:30,,
2026-01-08 03:12:40,,
2026-01-08 03:12:50,,
2026-01-08 03:13:00,,
2026-01-08 03:13:10,,
2026-01-08 03:13:20,64.0,50.0
2026-01-08 03:13:30,,
2026-01-08 03:13:40,,
2026-01-08 03:13:50,,
2026-01-08 03:14:00,,
2026-01-08 03:14:10,,
2026-01-08 03:14:20,65.0,51.0
2026-01-08 03:14:30,,
2026-01-08 03:14:40,,
2026-01-08 03:14:50,,
2026-01-08 03:15:00,,
2026-01-08 03:15:10,,
2026-01-08 03:15:20,65.0,53.0
2026-01-08 03:15:30,,
2026-01-08 03:15:40,,
2026-01-08 03:15:50,,
2026-01-08 03:16:00,,
2026-01-08 03:16:10,,
2026-01-08 03:16:20,64.0,52.0
2026-01-08 03:16:30,,
2026-01-08 03:16:40,,
2026-01-08 03:16:50,,
2026-01-08 03:17:00,,
2026-01-08 03:17:10,,
2026-01-08 03:17:20,61.0,52.0
2026-01-08 03:17:30,,
2026-01-08 03:17:40,,
2026-01-08 03:17:50,,
2026-01-08 03:18:00,,
2026-01-08 03:18:10,,
2026-01-08 03:18:20,57.0,53.0
2026-01-08 03:18:30,,
2026-01-08 03:18:40,,
2026-01-08 03:18:50,,
2026-01-08 03:19:00,,
2026-01-08 03:19:10,,
2026-01-08 03:19:20,60.0,62.0
2026-01-08 03:19:30,,
2026-01-08 03:19:40,,
2026-01-08 03:19:50,,
2026-01-08 03:20:00,,
2026-01-08 03:20:10,,
2026-01-08 03:20:20,63.0,49.0
2026-01-08 03:20:30,,
2026-01-08 03:20:40,,
2026-01-08 03:20:50,,
2026-01-08 03:21:00,,
2026-01-08 03:21:10,,
2026-01-08 03:21:20,66.0,54.0
2026-01-08 03:21:30,,
2026-01-08 03:21:40,,
2026-01-08 03:21:50,,
2026-01-08 03:22:00,,
2026-01-08 03:22:10,,
2026-01-08 03:22:20,62.0,54.0
2026-01-08 03:22:30,,
2026-01-08 03:22:40,,
2026-01-08 03:22:50,,
2026-01-08 03:23:00,,
2026-01-08 03:23:10,,
2026-01-08 03:23:20,58.0,49.0
2026-01-08 03:23:30,,
2026-01-08 03:23:40,,
2026-01-08 03:23:50,,
2026-01-08 03:24:00,,
2026-01-08 03:24:10,,
2026-01-08 03:24:20,58.0,49.0
2026-01-08 03:24:30,,
2026-01-08 03:24:40,,
2026-01-08 03:24:50,,
2026-01-08 03:25:00,,
2026-01-08 03:25:10,,
2026-01-08 03:25:20,66.0,52.0
2026-01-08 03:25:30,,
2026-01-08 03:25:40,,
2026-01-08 03:25:50,,
2026-01-08 03:26:00,,
2026-01-08 03:26:10,,
2026-01-08 03:26:20,64.0,49.0
2026-01-08 03:26:30,,
2026-01-08 03:26:40,,
2026-01-08 03:26:50,,
2026-01-08 03:27:00,,
2026-01-08 03:27:10,,
2026-01-08 03:27:20,65.0,52.0
2026-01-08 03:27:30,,
2026-01-08 03:27:40,,
2026-01-08 03:27:50,,
2026-01-08 03:28:00,,
2026-01-08 03:28:10,,
2026-01-08 03:28:20,62.0,55.0
2026-01-08 03:28:30,,
2026-01-08 03:28:40,,
2026-01-08 03:28:50,,
2026-01-08 03:29:00,,
2026-01-08 03:29:10,,
2026-01-08 03:29:20,65.0,63.0
2026-01-08 03:29:30,,
2026-01-08 03:29:40,,
2026-01-08 03:29:50,,
2026-01-08 03:30:00,,
2026-01-08 03:30:10,,
2026-01-08 03:30:20,63.0,50.0
2026-01-08 03:30:30,,
2026-01-08 03:30:40,,
2026-01-08 03:30:50,,
2026-01-08 03:31:00,,
2026-01-08 03:31:10,,
2026-01-08 03:31:20,64.0,51.0
2026-01-08 03:31:30,,
2026-01-08 03:31:40,,
2026-01-08 03:31:50,,
2026-01-08 03:32:00,,
2026-01-08 03:32:10,,
2026-01-08 03:32:20,66.0,48.0
2026-01-08 03:32:30,,
2026-01-08 03:32:40,,
2026-01-08 03:32:50,,
2026-01-08 03:33:00,,
2026-01-08 03:33:10,,
2026-01-08 03:33:20,64.0,46.0
2026-01-08 03:33:30,,
2026-01-08 03:33:40,,
2026-01-08 03:33:50,,
2026-01-08 03:34:00,,
2026-01-08 03:34:10,,
2026-01-08 03:34:20,63.0,45.0
2026-01-08 03:34:30,,
2026-01-08 03:34:40,,
2026-01-08 03:34:50,,
2026-01-08 03:35:00,,
2026-01-08 03:35:10,,
2026-01-08 03:35:20,63.0,43.0
2026-01-08 03:35:30,,
2026-01-08 03:35:40,,
2026-01-08 03:35:50,,
2026-01-08 03:36:00,,
2026-01-08 03:36:10,,
2026-01-08 03:36:20,61.0,42.0
2026-01-08 03:36:30,,
2026-01-08 03:36:40,,
2026-01-08 03:36:50,,
2026-01-08 03:37:00,,
2026-01-08 03:37:10,,
2026-01-08 03:37:20,61.0,43.0
2026-01-08 03:37:30,,
2026-01-08 03:37:40,,
2026-01-08 03:37:50,,
2026-01-08 03:38:00,,
2026-01-08 03:38:10,,
2026-01-08 03:38:20,60.0,43.0
2026-01-08 03:38:30,,
2026-01-08 03:38:40,,
2026-01-08 03:38:50,,
2026-01-08 03:39:00,,
2026-01-08 03:39:10,,
2026-01-08 03:39:20,59.0,43.0
2026-01-08 03:39:30,,
2026-01-08 03:39:40,,
2026-01-08 03:39:50,,
2026-01-08 03:40:00,,
2026-01-08 03:40:10,,
2026-01-08 03:40:20,60.0,43.0
2026-01-08 03:40:30,,
2026-01-08 03:40:40,,
2026-01-08 03:40:50,,
2026-01-08 03:41:00,,
2026-01-08 03:41:10,,
2026-01-08 03:41:20,58.0,44.0
2026-01-08 03:41:30,,
2026-01-08 03:41:40,,
2026-01-08 03:41:50,,
2026-01-08 03:42:00,,
2026-01-08 03:42:10,,
2026-01-08 03:42:20,58.0,45.0
2026-01-08 03:42:30,,
2026-01-08 03:42:40,,
2026-01-08 03:42:50,,
2026-01-08 03:43:00,,
2026-01-08 03:43:10,,
2026-01-08 03:43:20,59.0,45.0
2026-01-08 03:43:30,,
2026-01-08 03:43:40,,
2026-01-08 03:43:50,,
2026-01-08 03:44:00,,
2026-01-08 03:44:10,,
2026-01-08 03:44:20,58.0,46.0
2026-01-08 03:44:30,,
2026-01-08 03:44:40,,
2026-01-08 03:44:50,,
2026-01-08 03:45:00,,
2026-01-08 03:45:10,,
2026-01-08 03:45:20,58.0,48.0
2026-01-08 03:45:30,,
2026-01-08 03:45:40,,
2026-01-08 03:45:50,,
2026-01-08 03:46:00,,
2026-01-08 03:46:10,,
2026-01-08 03:46:20,58.0,48.0
2026-01-08 03:46:30,,
2026-01-08 03:46:40,,
2026-01-08 03:46:50,,
2026-01-08 03:47:00,,
2026-01-08 03:47:10,,
2026-01-08 03:47:20,57.0,48.0
2026-01-08 03:47:30,,
2026-01-08 03:47:40,,
2026-01-08 03:47:50,,
2026-01-08 03:48:00,,
2026-01-08 03:48:10,,
2026-01-08 03:48:20,58.0,48.0
2026-01-08 03:48:30,,
2026-01-08 03:48:40,,
2026-01-08 03:48:50,,
2026-01-08 03:49:00,,
2026-01-08 03:49:10,,
2026-01-08 03:49:20,58.0,48.0
2026-01-08 03:49:30,,
2026-01-08 03:49:40,,
2026-01-08 03:49:50,,
2026-01-08 03:50:00,,
2026-01-08 03:50:10,,
2026-01-08 03:50:20,55.0,46.0
2026-01-08 03:50:30,,
2026-01-08 03:50:40,,
2026-01-08 03:50:50,,
2026-01-08 03:51:00,,
2026-01-08 03:51:10,,
2026-01-08 03:51:20,55.0,45.0
2026-01-08 03:51:30,,
2026-01-08 03:51:40,,
2026-01-08 03:51:50,,
2026-01-08 03:52:00,,
2026-01-08 03:52:10,,
2026-01-08 03:52:20,55.0,43.0
2026-01-08 03:52:30,,
2026-01-08 03:52:40,,
2026-01-08 03:52:50,,
2026-01-08 03:53:00,,
2026-01-08 03:53:10,,
2026-01-08 03:53:20,56.0,42.0
2026-01-08 03:53:30,,
2026-01-08 03:53:40,,
2026-01-08 03:53:50,,
2026-01-08 03:54:00,,
2026-01-08 03:54:10,,
2026-01-08 03:54:20,57.0,41.0
2026-01-08 03:54:30,,
2026-01-08 03:54:40,,
2026-01-08 03:54:50,,
2026-01-08 03:55:00,,
2026-01-08 03:55:10,,
2026-01-08 03:55:20,57.0,41.0
2026-01-08 03:55:30,,
2026-01-08 03:55:40,,
2026-01-08 03:55:50,,
2026-01-08 03:56:00,,
2026-01-08 03:56:10,,
2026-01-08 03:56:20,58.0,41.0
2026-01-08 03:56:30,,
2026-01-08 03:56:40,,
2026-01-08 03:56:50,,
2026-01-08 03:57:00,,
2026-01-08 03:57:10,,
2026-01-08 03:57:20,57.0,40.0
2026-01-08 03:57:30,,
2026-01-08 03:57:40,,
2026-01-08 03:57:50,,
2026-01-08 03:58:00,,
2026-01-08 03:58:10,,
2026-01-08 03:58:20,56.0,41.0
2026-01-08 03:58:30,,
2026-01-08 03:58:40,,
2026-01-08 03:58:50,,
2026-01-08 03:59:00,,
2026-01-08 03:59:10,,
2026-01-08 03:59:20,56.0,41.0
2026-01-08 03:59:30,,
2026-01-08 03:59:40,,
2026-01-08 03:59:50,,
2026-01-08 04:00:00,,
2026-01-08 04:00:10,,
2026-01-08 04:00:20,56.0,41.0
2026-01-08 04:00:30,,
2026-01-08 04:00:40,,
2026-01-08 04:00:50,,
2026-01-08 04:01:00,,
2026-01-08 04:01:10,,
2026-01-08 04:01:20,56.0,42.0
2026-01-08 04:01:30,,
2026-01-08 04:01:40,,
2026-01-08 04:01:50,,
2026-01-08 04:02:00,,
2026-01-08 04:02:10,,
2026-01-08 04:02:20,55.0,43.0
2026-01-08 04:02:30,,
2026-01-08 04:02:40,,
2026-01-08 04:02:50,,
2026-01-08 04:03:00,,
2026-01-08 04:03:10,,
2026-01-08 04:03:20,56.0,42.0
2026-01-08 04:03:30,,
2026-01-08 04:03:40,,
2026-01-08 04:03:50,,
2026-01-08 04:04:00,,
2026-01-08 04:04:10,,
2026-01-08 04:04:20,59.0,43.0
2026-01-08 04:04:30,,
2026-01-08 04:04:40,,
2026-01-08 04:04:50,,
2026-01-08 04:05:00,,
2026-01-08 04:05:10,,
2026-01-08 04:05:20,57.0,46.0
2026-01-08 04:05:30,,
2026-01-08 04:05:40,,
2026-01-08 04:05:50,,
2026-01-08 04:06:00,,
2026-01-08 04:06:10,,
2026-01-08 04:06:20,57.0,47.0
2026-01-08 04:06:30,,
2026-01-08 04:06:40,,
2026-01-08 04:06:50,,
2026-01-08 04:07:00,,
2026-01-08 04:07:10,,
2026-01-08 04:07:20,57.0,45.0
2026-01-08 04:07:30,,
2026-01-08 04:07:40,,
2026-01-08 04:07:50,,
2026-01-08 04:08:00,,
2026-01-08 04:08:10,,
2026-01-08 04:08:20,59.0,48.0
2026-01-08 04:08:30,,
2026-01-08 04:08:40,,
2026-01-08 04:08:50,,
2026-01-08 04:09:00,,
2026-01-08 04:09:10,,
2026-01-08 04:09:20,57.0,47.0
2026-01-08 04:09:30,,
2026-01-08 04:09:40,,
2026-01-08 04:09:50,,
2026-01-08 04:10:00,,
2026-01-08 04:10:10,,
2026-01-08 04:10:20,57.0,48.0
2026-01-08 04:10:30,,
2026-01-08 04:10:40,,
2026-01-08 04:10:50,,
2026-01-08 04:11:00,,
2026-01-08 04:11:10,,
2026-01-08 04:11:20,59.0,47.0
2026-01-08 04:11:30,,
2026-01-08 04:11:40,,
2026-01-08 04:11:50,,
2026-01-08 04:12:00,,
2026-01-08 04:12:10,,
2026-01-08 04:12:20,54.0,48.0
2026-01-08 04:12:30,,
2026-01-08 04:12:40,,
2026-01-08 04:12:50,,
2026-01-08 04:13:00,,
2026-01-08 04:13:10,,
2026-01-08 04:13:20,56.0,47.0
2026-01-08 04:13:30,,
2026-01-08 04:13:40,,
2026-01-08 04:13:50,,
2026-01-08 04:14:00,,
2026-01-08 04:14:10,,
2026-01-08 04:14:20,59.0,49.0
2026-01-08 04:14:30,,
2026-01-08 04:14:40,,
2026-01-08 04:14:50,,
2026-01-08 04:15:00,,
2026-01-08 04:15:10,,
2026-01-08 04:15:20,59.0,48.0
2026-01-08 04:15:30,,
2026-01-08 04:15:40,,
2026-01-08 04:15:50,,
2026-01-08 04:16:00,,
2026-01-08 04:16:10,,
2026-01-08 04:16:20,59.0,48.0
2026-01-08 04:16:30,,
2026-01-08 04:16:40,,
2026-01-08 04:16:50,,
2026-01-08 04:17:00,,
2026-01-08 04:17:10,,
2026-01-08 04:17:20,60.0,52.0
2026-01-08 04:17:30,,
2026-01-08 04:17:40,,
2026-01-08 04:17:50,,
2026-01-08 04:18:00,,
2026-01-08 04:18:10,,
2026-01-08 04:18:20,61.0,47.0
2026-01-08 04:18:30,,
2026-01-08 04:18:40,,
2026-01-08 04:18:50,,
2026-01-08 04:19:00,,
2026-01-08 04:19:10,,
2026-01-08 04:19:20,61.0,51.0
2026-01-08 04:19:30,,
2026-01-08 04:19:40,,
2026-01-08 04:19:50,,
2026-01-08 04:20:00,,
2026-01-08 04:20:10,,
2026-01-08 04:20:20,62.0,47.0
2026-01-08 04:20:30,,
2026-01-08 04:20:40,,
2026-01-08 04:20:50,,
2026-01-08 04:21:00,,
2026-01-08 04:21:10,,
2026-01-08 04:21:20,62.0,48.0
2026-01-08 04:21:30,,
2026-01-08 04:21:40,,
2026-01-08 04:21:50,,
2026-01-08 04:22:00,,
2026-01-08 04:22:10,,
2026-01-08 04:22:20,61.0,50.0
2026-01-08 04:22:30,,
2026-01-08 04:22:40,,
2026-01-08 04:22:50,,
2026-01-08 04:23:00,,
2026-01-08 04:23:10,,
2026-01-08 04:23:20,60.0,47.0
2026-01-08 04:23:30,,
2026-01-08 04:23:40,,
2026-01-08 04:23:50,,
2026-01-08 04:24:00,,
2026-01-08 04:24:10,,
2026-01-08 04:24:20,60.0,47.0
2026-01-08 04:24:30,,
2026-01-08 04:24:40,,
2026-01-08 04:24:50,,
2026-01-08 04:25:00,,
2026-01-08 04:25:10,,
2026-01-08 04:25:20,61.0,51.0
2026-01-08 04:25:30,,
2026-01-08 04:25:40,,
2026-01-08 04:25:50,,
2026-01-08 04:26:00,,
2026-01-08 04:26:10,,
2026-01-08 04:26:20,62.0,47.0
2026-01-08 04:26:30,,
2026-01-08 04:26:40,,
2026-01-08 04:26:50,,
2026-01-08 04:27:00,,
2026-01-08 04:27:10,,
2026-01-08 04:27:20,62.0,49.0
2026-01-08 04:27:30,,
2026-01-08 04:27:40,,
2026-01-08 04:27:50,,
2026-01-08 04:28:00,,
2026-01-08 04:28:10,,
2026-01-08 04:28:20,62.0,48.0
2026-01-08 04:28:30,,
2026-01-08 04:28:40,,
2026-01-08 04:28:50,,
2026-01-08 04:29:00,,
2026-01-08 04:29:10,,
2026-01-08 04:29:20,62.0,49.0
2026-01-08 04:29:30,,
2026-01-08 04:29:40,,
2026-01-08 04:29:50,,
2026-01-08 04:30:00,,
2026-01-08 04:30:10,,
2026-01-08 04:30:20,64.0,50.0
2026-01-08 04:30:30,,
2026-01-08 04:30:40,,
2026-01-08 04:30:50,,
2026-01-08 04:31:00,,
2026-01-08 04:31:10,,
2026-01-08 04:31:20,64.0,48.0
2026-01-08 04:31:30,,
2026-01-08 04:31:40,,
2026-01-08 04:31:50,,
2026-01-08 04:32:00,,
2026-01-08 04:32:10,,
2026-01-08 04:32:20,59.0,49.0
2026-01-08 04:32:30,,
2026-01-08 04:32:40,,
2026-01-08 04:32:50,,
2026-01-08 04:33:00,,
2026-01-08 04:33:10,,
2026-01-08 04:33:20,65.0,52.0
2026-01-08 04:33:30,,
2026-01-08 04:33:40,,
2026-01-08 04:33:50,,
2026-01-08 04:34:00,,
2026-01-08 04:34:10,,
2026-01-08 04:34:20,64.0,49.0
2026-01-08 04:34:30,,
2026-01-08 04:34:40,,
2026-01-08 04:34:50,,
2026-01-08 04:35:00,,
2026-01-08 04:35:10,,
2026-01-08 04:35:20,63.0,48.0
2026-01-08 04:35:30,,
2026-01-08 04:35:40,,
2026-01-08 04:35:50,,
2026-01-08 04:36:00,,
2026-01-08 04:36:10,,
2026-01-08 04:36:20,53.0,73.0
2026-01-08 04:36:30,,
2026-01-08 04:36:40,,
2026-01-08 04:36:50,,
2026-01-08 04:37:00,,
2026-01-08 04:37:10,,
2026-01-08 04:37:20,60.0,48.0
2026-01-08 04:37:30,,
2026-01-08 04:37:40,,
2026-01-08 04:37:50,,
2026-01-08 04:38:00,,
2026-01-08 04:38:10,,
2026-01-08 04:38:20,64.0,51.0
2026-01-08 04:38:30,,
2026-01-08 04:38:40,,
2026-01-08 04:38:50,,
2026-01-08 04:39:00,,
2026-01-08 04:39:10,,
2026-01-08 04:39:20,63.0,56.0
2026-01-08 04:39:30,,
2026-01-08 04:39:40,,
2026-01-08 04:39:50,,
2026-01-08 04:40:00,,
2026-01-08 04:40:10,,
2026-01-08 04:40:20,63.0,50.0
2026-01-08 04:40:30,,
2026-01-08 04:40:40,,
2026-01-08 04:40:50,,
2026-01-08 04:41:00,,
2026-01-08 04:41:10,,
2026-01-08 04:41:20,63.0,48.0
2026-01-08 04:41:30,,
2026-01-08 04:41:40,,
2026-01-08 04:41:50,,
2026-01-08 04:42:00,,
2026-01-08 04:42:10,,
2026-01-08 04:42:20,61.0,47.0
2026-01-08 04:42:30,,
2026-01-08 04:42:40,,
2026-01-08 04:42:50,,
2026-01-08 04:43:00,,
2026-01-08 04:43:10,,
2026-01-08 04:43:20,61.0,49.0
2026-01-08 04:43:30,,
2026-01-08 04:43:40,,
2026-01-08 04:43:50,,
2026-01-08 04:44:00,,
2026-01-08 04:44:10,,
2026-01-08 04:44:20,60.0,45.0
2026-01-08 04:44:30,,
2026-01-08 04:44:40,,
2026-01-08 04:44:50,,
2026-01-08 04:45:00,,
2026-01-08 04:45:10,,
2026-01-08 04:45:20,64.0,50.0
2026-01-08 04:45:30,,
2026-01-08 04:45:40,,
2026-01-08 04:45:50,,
2026-01-08 04:46:00,,
2026-01-08 04:46:10,,
2026-01-08 04:46:20,63.0,47.0
2026-01-08 04:46:30,,
2026-01-08 04:46:40,,
2026-01-08 04:46:50,,
2026-01-08 04:47:00,,
2026-01-08 04:47:10,,
2026-01-08 04:47:20,62.0,50.0
2026-01-08 04:47:30,,
2026-01-08 04:47:40,,
2026-01-08 04:47:50,,
2026-01-08 04:48:00,,
2026-01-08 04:48:10,,
2026-01-08 04:48:20,64.0,48.0
2026-01-08 04:48:30,,
2026-01-08 04:48:40,,
2026-01-08 04:48:50,,
2026-01-08 04:49:00,,
2026-01-08 04:49:10,,
2026-01-08 04:49:20,61.0,53.0
2026-01-08 04:49:30,,
2026-01-08 04:49:40,,
2026-01-08 04:49:50,,
2026-01-08 04:50:00,,
2026-01-08 04:50:10,,
2026-01-08 04:50:20,57.0,60.0
2026-01-08 04:50:30,,
2026-01-08 04:50:40,,
2026-01-08 04:50:50,,
2026-01-08 04:51:00,,
2026-01-08 04:51:10,,
2026-01-08 04:51:20,67.0,52.0
2026-01-08 04:51:30,,
2026-01-08 04:51:40,,
2026-01-08 04:51:50,,
2026-01-08 04:52:00,,
2026-01-08 04:52:10,,
2026-01-08 04:52:20,67.0,52.0
2026-01-08 04:52:30,,
2026-01-08 04:52:40,,
2026-01-08 04:52:50,,
2026-01-08 04:53:00,,
2026-01-08 04:53:10,,
2026-01-08 04:53:20,60.0,53.0
2026-01-08 04:53:30,,
2026-01-08 04:53:40,,
2026-01-08 04:53:50,,
2026-01-08 04:54:00,,
2026-01-08 04:54:10,,
2026-01-08 04:54:20,48.0,47.0
2026-01-08 04:54:30,,
2026-01-08 04:54:40,,
2026-01-08 04:54:50,,
2026-01-08 04:55:00,,
2026-01-08 04:55:10,,
2026-01-08 04:55:20,60.0,52.0
2026-01-08 04:55:30,,
2026-01-08 04:55:40,,
2026-01-08 04:55:50,,
2026-01-08 04:56:00,,
2026-01-08 04:56:10,,
2026-01-08 04:56:20,65.0,57.0
2026-01-08 04:56:30,,
2026-01-08 04:56:40,,
2026-01-08 04:56:50,,
2026-01-08 04:57:00,,
2026-01-08 04:57:10,,
2026-01-08 04:57:20,66.0,58.0
2026-01-08 04:57:30,,
2026-01-08 04:57:40,,
2026-01-08 04:57:50,,
2026-01-08 04:58:00,,
2026-01-08 04:58:10,,
2026-01-08 04:58:20,65.0,54.0
2026-01-08 04:58:30,,
2026-01-08 04:58:40,,
2026-01-08 04:58:50,,
2026-01-08 04:59:00,,
2026-01-08 04:59:10,,
2026-01-08 04:59:20,63.0,63.0
2026-01-08 04:59:30,,
2026-01-08 04:59:40,,
2026-01-08 04:59:50,,
2026-01-08 05:00:00,,
2026-01-08 05:00:10,,
2026-01-08 05:00:20,65.0,51.0
2026-01-08 05:00:30,,
2026-01-08 05:00:40,,
2026-01-08 05:00:50,,
2026-01-08 05:01:00,,
2026-01-08 05:01:10,,
2026-01-08 05:01:20,66.0,53.0
2026-01-08 05:01:30,,
2026-01-08 05:01:40,,
2026-01-08 05:01:50,,
2026-01-08 05:02:00,,
2026-01-08 05:02:10,,
2026-01-08 05:02:20,65.0,51.0
2026-01-08 05:02:30,,
2026-01-08 05:02:40,,
2026-01-08 05:02:50,,
2026-01-08 05:03:00,,
2026-01-08 05:03:10,,
2026-01-08 05:03:20,65.0,53.0
2026-01-08 05:03:30,,
2026-01-08 05:03:40,,
2026-01-08 05:03:50,,
2026-01-08 05:04:00,,
2026-01-08 05:04:10,,
2026-01-08 05:04:20,65.0,48.0
2026-01-08 05:04:30,,
2026-01-08 05:04:40,,
2026-01-08 05:04:50,,
2026-01-08 05:05:00,,
2026-01-08 05:05:10,,
2026-01-08 05:05:20,65.0,53.0
2026-01-08 05:05:30,,
2026-01-08 05:05:40,,
2026-01-08 05:05:50,,
2026-01-08 05:06:00,,
2026-01-08 05:06:10,,
2026-01-08 05:06:20,65.0,49.0
2026-01-08 05:06:30,,
2026-01-08 05:06:40,,
2026-01-08 05:06:50,,
2026-01-08 05:07:00,,
2026-01-08 05:07:10,,
2026-01-08 05:07:20,66.0,48.0
2026-01-08 05:07:30,,
2026-01-08 05:07:40,,
2026-01-08 05:07:50,,
2026-01-08 05:08:00,,
2026-01-08 05:08:10,,
2026-01-08 05:08:20,67.0,52.0
2026-01-08 05:08:30,,
2026-01-08 05:08:40,,
2026-01-08 05:08:50,,
2026-01-08 05:09:00,,
2026-01-08 05:09:10,,
2026-01-08 05:09:20,66.0,50.0
2026-01-08 05:09:30,,
2026-01-08 05:09:40,,
2026-01-08 05:09:50,,
2026-01-08 05:10:00,,
2026-01-08 05:10:10,,
2026-01-08 05:10:20,67.0,50.0
2026-01-08 05:10:30,,
2026-01-08 05:10:40,,
2026-01-08 05:10:50,,
2026-01-08 05:11:00,,
2026-01-08 05:11:10,,
2026-01-08 05:11:20,67.0,49.0
2026-01-08 05:11:30,,
2026-01-08 05:11:40,,
2026-01-08 05:11:50,,
2026-01-08 05:12:00,,
2026-01-08 05:12:10,,
2026-01-08 05:12:20,67.0,48.0
2026-01-08 05:12:30,,
2026-01-08 05:12:40,,
2026-01-08 05:12:50,,
2026-01-08 05:13:00,,
2026-01-08 05:13:10,,
2026-01-08 05:13:20,65.0,50.0
2026-01-08 05:13:30,,
2026-01-08 05:13:40,,
2026-01-08 05:13:50,,
2026-01-08 05:14:00,,
2026-01-08 05:14:10,,
2026-01-08 05:14:20,66.0,52.0
2026-01-08 05:14:30,,
2026-01-08 05:14:40,,
2026-01-08 05:14:50,,
2026-01-08 05:15:00,,
2026-01-08 05:15:10,,
2026-01-08 05:15:20,64.0,51.0
2026-01-08 05:15:30,,
2026-01-08 05:15:40,,
2026-01-08 05:15:50,,
2026-01-08 05:16:00,,
2026-01-08 05:16:10,,
2026-01-08 05:16:20,66.0,52.0
2026-01-08 05:16:30,,
2026-01-08 05:16:40,,
2026-01-08 05:16:50,,
2026-01-08 05:17:00,,
2026-01-08 05:17:10,,
2026-01-08 05:17:20,66.0,52.0
2026-01-08 05:17:30,,
2026-01-08 05:17:40,,
2026-01-08 05:17:50,,
2026-01-08 05:18:00,,
2026-01-08 05:18:10,,
2026-01-08 05:18:20,64.0,53.0
2026-01-08 05:18:30,,
2026-01-08 05:18:40,,
2026-01-08 05:18:50,,
2026-01-08 05:19:00,,
2026-01-08 05:19:10,,
2026-01-08 05:19:20,66.0,52.0
2026-01-08 05:19:30,,
2026-01-08 05:19:40,,
2026-01-08 05:19:50,,
2026-01-08 05:20:00,,
2026-01-08 05:20:10,,
2026-01-08 05:20:20,68.0,56.0
2026-01-08 05:20:30,,
2026-01-08 05:20:40,,
2026-01-08 05:20:50,,
2026-01-08 05:21:00,,
2026-01-08 05:21:10,,
2026-01-08 05:21:20,66.0,54.0
2026-01-08 05:21:30,,
2026-01-08 05:21:40,,
2026-01-08 05:21:50,,
2026-01-08 05:22:00,,
2026-01-08 05:22:10,,
2026-01-08 05:22:20,65.0,60.0
2026-01-08 05:22:30,,
2026-01-08 05:22:40,,
2026-01-08 05:22:50,,
2026-01-08 05:23:00,,
2026-01-08 05:23:10,,
2026-01-08 05:23:20,66.0,53.0
2026-01-08 05:23:30,,
2026-01-08 05:23:40,,
2026-01-08 05:23:50,,
2026-01-08 05:24:00,,
2026-01-08 05:24:10,,
2026-01-08 05:24:20,66.0,55.0
2026-01-08 05:24:30,,
2026-01-08 05:24:40,,
2026-01-08 05:24:50,,
2026-01-08 05:25:00,,
2026-01-08 05:25:10,,
2026-01-08 05:25:20,66.0,55.0
2026-01-08 05:25:30,,
2026-01-08 05:25:40,,
2026-01-08 05:25:50,,
2026-01-08 05:26:00,,
2026-01-08 05:26:10,,
2026-01-08 05:26:20,64.0,56.0
2026-01-08 05:26:30,,
2026-01-08 05:26:40,,
2026-01-08 05:26:50,,
2026-01-08 05:27:00,,
2026-01-08 05:27:10,,
2026-01-08 05:27:20,64.0,55.0
2026-01-08 05:27:30,,
2026-01-08 05:27:40,,
2026-01-08 05:27:50,,
2026-01-08 05:28:00,,
2026-01-08 05:28:10,,
2026-01-08 05:28:20,64.0,55.0
2026-01-08 05:28:30,,
2026-01-08 05:28:40,,
2026-01-08 05:28:50,,
2026-01-08 05:29:00,,
2026-01-08 05:29:10,,
2026-01-08 05:29:20,64.0,57.0
2026-01-08 05:29:30,,
2026-01-08 05:29:40,,
2026-01-08 05:29:50,,
2026-01-08 05:30:00,,
2026-01-08 05:30:10,,
2026-01-08 05:30:20,65.0,56.0
2026-01-08 05:30:30,,
2026-01-08 05:30:40,,
2026-01-08 05:30:50,,
2026-01-08 05:31:00,,
2026-01-08 05:31:10,,
2026-01-08 05:31:20,67.0,55.0
2026-01-08 05:31:30,,
2026-01-08 05:31:40,,
2026-01-08 05:31:50,,
2026-01-08 05:32:00,,
2026-01-08 05:32:10,,
2026-01-08 05:32:20,65.0,56.0
2026-01-08 05:32:30,,
2026-01-08 05:32:40,,
2026-01-08 05:32:50,,
2026-01-08 05:33:00,,
2026-01-08 05:33:10,,
2026-01-08 05:33:20,64.0,54.0
2026-01-08 05:33:30,,
2026-01-08 05:33:40,,
2026-01-08 05:33:50,,
2026-01-08 05:34:00,,
2026-01-08 05:34:10,,
2026-01-08 05:34:20,65.0,54.0
2026-01-08 05:34:30,,
2026-01-08 05:34:40,,
2026-01-08 05:34:50,,
2026-01-08 05:35:00,,
2026-01-08 05:35:10,,
2026-01-08 05:35:20,65.0,54.0
2026-01-08 05:35:30,,
2026-01-08 05:35:40,,
2026-01-08 05:35:50,,
2026-01-08 05:36:00,,
2026-01-08 05:36:10,,
2026-01-08 05:36:20,62.0,62.0
2026-01-08 05:36:30,,
2026-01-08 05:36:40,,
2026-01-08 05:36:50,,
2026-01-08 05:37:00,,
2026-01-08 05:37:10,,
2026-01-08 05:37:20,65.0,53.0
2026-01-08 05:37:30,,
2026-01-08 05:37:40,,
2026-01-08 05:37:50,,
2026-01-08 05:38:00,,
2026-01-08 05:38:10,,
2026-01-08 05:38:20,64.0,55.0
2026-01-08 05:38:30,,
2026-01-08 05:38:40,,
2026-01-08 05:38:50,,
2026-01-08 05:39:00,,
2026-01-08 05:39:10,,
2026-01-08 05:39:20,66.0,64.0
2026-01-08 05:39:30,,
2026-01-08 05:39:40,,
2026-01-08 05:39:50,,
2026-01-08 05:40:00,,
2026-01-08 05:40:10,,
2026-01-08 05:40:20,63.0,53.0
2026-01-08 05:40:30,,
2026-01-08 05:40:40,,
2026-01-08 05:40:50,,
2026-01-08 05:41:00,,
2026-01-08 05:41:10,,
2026-01-08 05:41:20,64.0,53.0
2026-01-08 05:41:30,,
2026-01-08 05:41:40,,
2026-01-08 05:41:50,,
2026-01-08 05:42:00,,
2026-01-08 05:42:10,,
2026-01-08 05:42:20,64.0,52.0
2026-01-08 05:42:30,,
2026-01-08 05:42:40,,
2026-01-08 05:42:50,,
2026-01-08 05:43:00,,
2026-01-08 05:43:10,,
2026-01-08 05:43:20,65.0,57.0
2026-01-08 05:43:30,,
2026-01-08 05:43:40,,
2026-01-08 05:43:50,,
2026-01-08 05:44:00,,
2026-01-08 05:44:10,,
2026-01-08 05:44:20,62.0,52.0
2026-01-08 05:44:30,,
2026-01-08 05:44:40,,
2026-01-08 05:44:50,,
2026-01-08 05:45:00,,
2026-01-08 05:45:10,,
2026-01-08 05:45:20,65.0,53.0
2026-01-08 05:45:30,,
2026-01-08 05:45:40,,
2026-01-08 05:45:50,,
2026-01-08 05:46:00,,
2026-01-08 05:46:10,,
2026-01-08 05:46:20,66.0,55.0
2026-01-08 05:46:30,,
2026-01-08 05:46:40,,
2026-01-08 05:46:50,,
2026-01-08 05:47:00,,
2026-01-08 05:47:10,,
2026-01-08 05:47:20,62.0,52.0
2026-01-08 05:47:30,,
2026-01-08 05:47:40,,
2026-01-08 05:47:50,,
2026-01-08 05:48:00,,
2026-01-08 05:48:10,,
2026-01-08 05:48:20,66.0,67.0
2026-01-08 05:48:30,,
2026-01-08 05:48:40,,
2026-01-08 05:48:50,,
2026-01-08 05:49:00,,
2026-01-08 05:49:10,,
2026-01-08 05:49:20,68.0,53.0
2026-01-08 05:49:30,,
2026-01-08 05:49:40,,
2026-01-08 05:49:50,,
2026-01-08 05:50:00,,
2026-01-08 05:50:10,,
2026-01-08 05:50:20,66.0,54.0
2026-01-08 05:50:30,,
2026-01-08 05:50:40,,
2026-01-08 05:50:50,,
2026-01-08 05:51:00,,
2026-01-08 05:51:10,,
2026-01-08 05:51:20,64.0,53.0
2026-01-08 05:51:30,,
2026-01-08 05:51:40,,
2026-01-08 05:51:50,,
2026-01-08 05:52:00,,
2026-01-08 05:52:10,,
2026-01-08 05:52:20,65.0,51.0
2026-01-08 05:52:30,,
2026-01-08 05:52:40,,
2026-01-08 05:52:50,,
2026-01-08 05:53:00,,
2026-01-08 05:53:10,,
2026-01-08 05:53:20,62.0,50.0
2026-01-08 05:53:30,,
2026-01-08 05:53:40,,
2026-01-08 05:53:50,,
2026-01-08 05:54:00,,
2026-01-08 05:54:10,,
2026-01-08 05:54:20,64.0,49.0
2026-01-08 05:54:30,,
2026-01-08 05:54:40,,
2026-01-08 05:54:50,,
2026-01-08 05:55:00,,
2026-01-08 05:55:10,,
2026-01-08 05:55:20,64.0,50.0
2026-01-08 05:55:30,,
2026-01-08 05:55:40,,
2026-01-08 05:55:50,,
2026-01-08 05:56:00,,
2026-01-08 05:56:10,,
2026-01-08 05:56:20,61.0,54.0
2026-01-08 05:56:30,,
2026-01-08 05:56:40,,
2026-01-08 05:56:50,,
2026-01-08 05:57:00,,
2026-01-08 05:57:10,,
2026-01-08 05:57:20,64.0,53.0
2026-01-08 05:57:30,,
2026-01-08 05:57:40,,
2026-01-08 05:57:50,,
2026-01-08 05:58:00,,
2026-01-08 05:58:10,,
2026-01-08 05:58:20,62.0,53.0
2026-01-08 05:58:30,,
2026-01-08 05:58:40,,
2026-01-08 05:58:50,,
2026-01-08 05:59:00,,
2026-01-08 05:59:10,,
2026-01-08 05:59:20,64.0,52.0
2026-01-08 05:59:30,,
2026-01-08 05:59:40,,
2026-01-08 05:59:50,,
2026-01-08 06:00:00,,
2026-01-08 06:00:10,,
2026-01-08 06:00:20,65.0,53.0
2026-01-08 06:00:30,,
2026-01-08 06:00:40,,
2026-01-08 06:00:50,,
2026-01-08 06:01:00,,
2026-01-08 06:01:10,,
2026-01-08 06:01:20,65.0,51.0
2026-01-08 06:01:30,,
2026-01-08 06:01:40,,
2026-01-08 06:01:50,,
2026-01-08 06:02:00,,
2026-01-08 06:02:10,,
2026-01-08 06:02:20,65.0,53.0
2026-01-08 06:02:30,,
2026-01-08 06:02:40,,
2026-01-08 06:02:50,,
2026-01-08 06:03:00,,
2026-01-08 06:03:10,,
2026-01-08 06:03:20,63.0,51.0
2026-01-08 06:03:30,,
2026-01-08 06:03:40,,
2026-01-08 06:03:50,,
2026-01-08 06:04:00,,
2026-01-08 06:04:10,,
2026-01-08 06:04:20,58.0,49.0
2026-01-08 06:04:30,,
2026-01-08 06:04:40,,
2026-01-08 06:04:50,,
2026-01-08 06:05:00,,
2026-01-08 06:05:10,,
2026-01-08 06:05:20,58.0,50.0
2026-01-08 06:05:30,,
2026-01-08 06:05:40,,
2026-01-08 06:05:50,,
2026-01-08 06:06:00,,
2026-01-08 06:06:10,,
2026-01-08 06:06:20,60.0,46.0
2026-01-08 06:06:30,,
2026-01-08 06:06:40,,
2026-01-08 06:06:50,,
2026-01-08 06:07:00,,
2026-01-08 06:07:10,,
2026-01-08 06:07:20,,
2026-01-08 06:07:30,,
2026-01-08 06:07:40,,
2026-01-08 06:07:50,,
2026-01-08 06:08:00,,
2026-01-08 06:08:10,,
2026-01-08 06:08:20,,
2026-01-08 06:08:30,,
2026-01-08 06:08:40,,
2026-01-08 06:08:50,,
2026-01-08 06:09:00,,
2026-01-08 06:09:10,,
2026-01-08 06:09:20,,
2026-01-08 06:09:30,,
2026-01-08 06:09:40,,
2026-01-08 06:09:50,,
2026-01-08 06:10:00,,
2026-01-08 06:10:10,,
2026-01-08 06:10:20,,
2026-01-08 06:10:30,,
2026-01-08 06:10:40,,
2026-01-08 06:10:50,,
2026-01-08 06:11:00,,
2026-01-08 06:11:10,,
2026-01-08 06:11:20,,
2026-01-08 06:11:30,,
2026-01-08 06:11:40,,
2026-01-08 06:11:50,,
2026-01-08 06:12:00,,
2026-01-08 06:12:10,,
2026-01-08 06:12:20,,
2026-01-08 06:12:30,,
2026-01-08 06:12:40,,
2026-01-08 06:12:50,,
2026-01-08 06:13:00,,
2026-01-08 06:13:10,,
2026-01-08 06:13:20,,
2026-01-08 06:13:30,,
2026-01-08 06:13:40,,
2026-01-08 06:13:50,,
2026-01-08 06:14:00,,
2026-01-08 06:14:10,,
2026-01-08 06:14:20,,
2026-01-08 06:14:30,,
2026-01-08 06:14:40,,
2026-01-08 06:14:50,,
2026-01-08 06:15:00,,
2026-01-08 06:15:10,,
2026-01-08 06:15:20,,
2026-01-08 06:15:30,,
2026-01-08 06:15:40,,
2026-01-08 06:15:50,,
2026-01-08 06:16:00,,
2026-01-08 06:16:10,,
2026-01-08 06:16:20,,
2026-01-08 06:16:30,,
2026-01-08 06:16:40,,
2026-01-08 06:16:50,,
2026-01-08 06:17:00,,
2026-01-08 06:17:10,,
2026-01-08 06:17:20,,
2026-01-08 06:17:30,,
2026-01-08 06:17:40,,
2026-01-08 06:17:50,,
2026-01-08 06:18:00,,
2026-01-08 06:18:10,,
2026-01-08 06:18:20,,
2026-01-08 06:18:30,,
2026-01-08 06:18:40,,
2026-01-08 06:18:50,,
2026-01-08 06:19:00,,
2026-01-08 06:19:10,,
2026-01-08 06:19:20,,
2026-01-08 06:19:30,,
2026-01-08 06:19:40,,
2026-01-08 06:19:50,,
2026-01-08 06:20:00,,
2026-01-08 06:20:10,,
2026-01-08 06:20:20,,
2026-01-08 06:20:30,,
2026-01-08 06:20:40,,
2026-01-08 06:20:50,,
2026-01-08 06:21:00,,
2026-01-08 06:21:10,,
2026-01-08 06:21:20,,
2026-01-08 06:21:30,,
2026-01-08 06:21:40,,
2026-01-08 06:21:50,,
2026-01-08 06:22:00,,
2026-01-08 06:22:10,,
2026-01-08 06:22:20,,
2026-01-08 06:22:30,,
2026-01-08 06:22:40,,
2026-01-08 06:22:50,,
2026-01-08 06:23:00,,
2026-01-08 06:23:10,,
2026-01-08 06:23:20,52.0,52.0
2026-01-08 06:23:30,,
2026-01-08 06:23:40,,
2026-01-08 06:23:50,,
2026-01-08 06:24:00,,
2026-01-08 06:24:10,,
2026-01-08 06:24:20,,
2026-01-08 06:24:30,,
2026-01-08 06:24:40,,
2026-01-08 06:24:50,,
2026-01-08 06:25:00,,
2026-01-08 06:25:10,,
2026-01-08 06:25:20,,
2026-01-08 06:25:30,,
2026-01-08 06:25:40,,
2026-01-08 06:25:50,,
2026-01-08 06:26:00,,
2026-01-08 06:26:10,,
2026-01-08 06:26:20,47.0,56.0
2026-01-08 06:26:30,,
2026-01-08 06:26:40,,
2026-01-08 06:26:50,,
2026-01-08 06:27:00,,
2026-01-08 06:27:10,,
2026-01-08 06:27:20,52.0,51.0
2026-01-08 06:27:30,,
2026-01-08 06:27:40,,
2026-01-08 06:27:50,,
2026-01-08 06:28:00,,
2026-01-08 06:28:10,,
2026-01-08 06:28:20,55.0,49.0
2026-01-08 06:28:30,,
2026-01-08 06:28:40,,
2026-01-08 06:28:50,,
2026-01-08 06:29:00,,
2026-01-08 06:29:10,,
2026-01-08 06:29:20,56.0,51.0
2026-01-08 06:29:30,,
2026-01-08 06:29:40,,
2026-01-08 06:29:50,,
2026-01-08 06:30:00,,
2026-01-08 06:30:10,,
2026-01-08 06:30:20,53.0,51.0
2026-01-08 06:30:30,,
2026-01-08 06:30:40,,
2026-01-08 06:30:50,,
2026-01-08 06:31:00,,
2026-01-08 06:31:10,,
2026-01-08 06:31:20,53.0,53.0
2026-01-08 06:31:30,,
2026-01-08 06:31:40,,
2026-01-08 06:31:50,,
2026-01-08 06:32:00,,
2026-01-08 06:32:10,,
2026-01-08 06:32:20,52.0,51.0
2026-01-08 06:32:30,,
2026-01-08 06:32:40,,
2026-01-08 06:32:50,,
2026-01-08 06:33:00,,
2026-01-08 06:33:10,,
2026-01-08 06:33:20,53.0,48.0
2026-01-08 06:33:30,,
2026-01-08 06:33:40,,
2026-01-08 06:33:50,,
2026-01-08 06:34:00,,
2026-01-08 06:34:10,,
2026-01-08 06:34:20,,
2026-01-08 06:34:30,,
2026-01-08 06:34:40,,
2026-01-08 06:34:50,,
2026-01-08 06:35:00,,
2026-01-08 06:35:10,,
2026-01-08 06:35:20,,
2026-01-08 06:35:30,,
2026-01-08 06:35:40,,
2026-01-08 06:35:50,,
2026-01-08 06:36:00,,
2026-01-08 06:36:10,,
2026-01-08 06:36:20,,
2026-01-08 06:36:30,,
2026-01-08 06:36:40,,
2026-01-08 06:36:50,,
2026-01-08 06:37:00,,
2026-01-08 06:37:10,,
2026-01-08 06:37:20,,
2026-01-08 06:37:30,,
2026-01-08 06:37:40,,
2026-01-08 06:37:50,,
2026-01-08 06:38:00,,
2026-01-08 06:38:10,,
2026-01-08 06:38:20,,
2026-01-08 06:38:30,,
2026-01-08 06:38:40,,
2026-01-08 06:38:50,,
2026-01-08 06:39:00,,
2026-01-08 06:39:10,,
2026-01-08 06:39:20,,
2026-01-08 06:39:30,,
2026-01-08 06:39:40,,
2026-01-08 06:39:50,,
2026-01-08 06:40:00,,
2026-01-08 06:40:10,,
2026-01-08 06:40:20,,
2026-01-08 06:40:30,,
2026-01-08 06:40:40,,
2026-01-08 06:40:50,,
2026-01-08 06:41:00,,
2026-01-08 06:41:10,,
2026-01-08 06:41:20,,
2026-01-08 06:41:30,,
2026-01-08 06:41:40,,
2026-01-08 06:41:50,,
2026-01-08 06:42:00,,
2026-01-08 06:42:10,,
2026-01-08 06:42:20,57.0,47.0
2026-01-08 06:42:30,,
2026-01-08 06:42:40,,
2026-01-08 06:42:50,,
2026-01-08 06:43:00,,
2026-01-08 06:43:10,,
2026-01-08 06:43:20,55.0,47.0
2026-01-08 06:43:30,,
2026-01-08 06:43:40,,
2026-01-08 06:43:50,,
2026-01-08 06:44:00,,
2026-01-08 06:44:10,,
2026-01-08 06:44:20,55.0,48.0
2026-01-08 06:44:30,,
2026-01-08 06:44:40,,
2026-01-08 06:44:50,,
2026-01-08 06:45:00,,
2026-01-08 06:45:10,,
2026-01-08 06:45:20,58.0,47.0
2026-01-08 06:45:30,,
2026-01-08 06:45:40,,
2026-01-08 06:45:50,,
2026-01-08 06:46:00,,
2026-01-08 06:46:10,,
2026-01-08 06:46:20,56.0,48.0
2026-01-08 06:46:30,,
2026-01-08 06:46:40,,
2026-01-08 06:46:50,,
2026-01-08 06:47:00,,
2026-01-08 06:47:10,,
2026-01-08 06:47:20,55.0,49.0
2026-01-08 06:47:30,,
2026-01-08 06:47:40,,
2026-01-08 06:47:50,,
2026-01-08 06:48:00,,
2026-01-08 06:48:10,,
2026-01-08 06:48:20,57.0,48.0
2026-01-08 06:48:30,,
2026-01-08 06:48:40,,
2026-01-08 06:48:50,,
2026-01-08 06:49:00,,
2026-01-08 06:49:10,,
2026-01-08 06:49:20,56.0,51.0
2026-01-08 06:49:30,,
2026-01-08 06:49:40,,
2026-01-08 06:49:50,,
2026-01-08 06:50:00,,
2026-01-08 06:50:10,,
2026-01-08 06:50:20,52.0,48.0
2026-01-08 06:50:30,,
2026-01-08 06:50:40,,
2026-01-08 06:50:50,,
2026-01-08 06:51:00,,
2026-01-08 06:51:10,,
2026-01-08 06:51:20,55.0,52.0
2026-01-08 06:51:30,,
2026-01-08 06:51:40,,
2026-01-08 06:51:50,,
2026-01-08 06:52:00,,
2026-01-08 06:52:10,,
2026-01-08 06:52:20,57.0,49.0
2026-01-08 06:52:30,,
2026-01-08 06:52:40,,
2026-01-08 06:52:50,,
2026-01-08 06:53:00,,
2026-01-08 06:53:10,,
2026-01-08 06:53:20,55.0,49.0
2026-01-08 06:53:30,,
2026-01-08 06:53:40,,
2026-01-08 06:53:50,,
2026-01-08 06:54:00,,
2026-01-08 06:54:10,,
2026-01-08 06:54:20,57.0,52.0
2026-01-08 06:54:30,,
2026-01-08 06:54:40,,
2026-01-08 06:54:50,,
2026-01-08 06:55:00,,
2026-01-08 06:55:10,,
2026-01-08 06:55:20,59.0,49.0
2026-01-08 06:55:30,,
2026-01-08 06:55:40,,
2026-01-08 06:55:50,,
2026-01-08 06:56:00,,
2026-01-08 06:56:10,,
2026-01-08 06:56:20,57.0,52.0
2026-01-08 06:56:30,,
2026-01-08 06:56:40,,
2026-01-08 06:56:50,,
2026-01-08 06:57:00,,
2026-01-08 06:57:10,,
2026-01-08 06:57:20,58.0,49.0
2026-01-08 06:57:30,,
2026-01-08 06:57:40,,
2026-01-08 06:57:50,,
2026-01-08 06:58:00,,
2026-01-08 06:58:10,,
2026-01-08 06:58:20,61.0,52.0
2026-01-08 06:58:30,,
2026-01-08 06:58:40,,
2026-01-08 06:58:50,,
2026-01-08 06:59:00,,
2026-01-08 06:59:10,,
2026-01-08 06:59:20,59.0,51.0
2026-01-08 06:59:30,,
2026-01-08 06:59:40,,
2026-01-08 06:59:50,,
2026-01-08 07:00:00,,
2026-01-08 07:00:10,,
2026-01-08 07:00:20,57.0,51.0
2026-01-08 07:00:30,,
2026-01-08 07:00:40,,
2026-01-08 07:00:50,,
2026-01-08 07:01:00,,
2026-01-08 07:01:10,,
2026-01-08 07:01:20,60.0,55.0
2026-01-08 07:01:30,,
2026-01-08 07:01:40,,
2026-01-08 07:01:50,,
2026-01-08 07:02:00,,
2026-01-08 07:02:10,,
2026-01-08 07:02:20,58.0,48.0
2026-01-08 07:02:30,,
2026-01-08 07:02:40,,
2026-01-08 07:02:50,,
2026-01-08 07:03:00,,
2026-01-08 07:03:10,,
2026-01-08 07:03:20,57.0,49.0
2026-01-08 07:03:30,,
2026-01-08 07:03:40,,
2026-01-08 07:03:50,,
2026-01-08 07:04:00,,
2026-01-08 07:04:10,,
2026-01-08 07:04:20,58.0,49.0
2026-01-08 07:04:30,,
2026-01-08 07:04:40,,
2026-01-08 07:04:50,,
2026-01-08 07:05:00,,
2026-01-08 07:05:10,,
2026-01-08 07:05:20,60.0,52.0
2026-01-08 07:05:30,,
2026-01-08 07:05:40,,
2026-01-08 07:05:50,,
2026-01-08 07:06:00,,
2026-01-08 07:06:10,,
2026-01-08 07:06:20,57.0,48.0
2026-01-08 07:06:30,,
2026-01-08 07:06:40,,
2026-01-08 07:06:50,,
2026-01-08 07:07:00,,
2026-01-08 07:07:10,,
2026-01-08 07:07:20,56.0,51.0
2026-01-08 07:07:30,,
2026-01-08 07:07:40,,
2026-01-08 07:07:50,,
2026-01-08 07:08:00,,
2026-01-08 07:08:10,,
2026-01-08 07:08:20,60.0,50.0
2026-01-08 07:08:30,,
2026-01-08 07:08:40,,
2026-01-08 07:08:50,,
2026-01-08 07:09:00,,
2026-01-08 07:09:10,,
2026-01-08 07:09:20,58.0,48.0
2026-01-08 07:09:30,,
2026-01-08 07:09:40,,
2026-01-08 07:09:50,,
2026-01-08 07:10:00,,
2026-01-08 07:10:10,,
2026-01-08 07:10:20,57.0,50.0
2026-01-08 07:10:30,,
2026-01-08 07:10:40,,
2026-01-08 07:10:50,,
2026-01-08 07:11:00,,
2026-01-08 07:11:10,,
2026-01-08 07:11:20,58.0,51.0
2026-01-08 07:11:30,,
2026-01-08 07:11:40,,
2026-01-08 07:11:50,,
2026-01-08 07:12:00,,
2026-01-08 07:12:10,,
2026-01-08 07:12:20,63.0,52.0
2026-01-08 07:12:30,,
2026-01-08 07:12:40,,
2026-01-08 07:12:50,,
2026-01-08 07:13:00,,
2026-01-08 07:13:10,,
2026-01-08 07:13:20,57.0,51.0
2026-01-08 07:13:30,,
2026-01-08 07:13:40,,
2026-01-08 07:13:50,,
2026-01-08 07:14:00,,
2026-01-08 07:14:10,,
2026-01-08 07:14:20,58.0,50.0
2026-01-08 07:14:30,,
2026-01-08 07:14:40,,
2026-01-08 07:14:50,,
2026-01-08 07:15:00,,
2026-01-08 07:15:10,,
2026-01-08 07:15:20,59.0,53.0
2026-01-08 07:15:30,,
2026-01-08 07:15:40,,
2026-01-08 07:15:50,,
2026-01-08 07:16:00,,
2026-01-08 07:16:10,,
2026-01-08 07:16:20,62.0,53.0
2026-01-08 07:16:30,,
2026-01-08 07:16:40,,
2026-01-08 07:16:50,,
2026-01-08 07:17:00,,
2026-01-08 07:17:10,,
2026-01-08 07:17:20,58.0,52.0
2026-01-08 07:17:30,,
2026-01-08 07:17:40,,
2026-01-08 07:17:50,,
2026-01-08 07:18:00,,
2026-01-08 07:18:10,,
2026-01-08 07:18:20,60.0,52.0
2026-01-08 07:18:30,,
2026-01-08 07:18:40,,
2026-01-08 07:18:50,,
2026-01-08 07:19:00,,
2026-01-08 07:19:10,,
2026-01-08 07:19:20,58.0,50.0
2026-01-08 07:19:30,,
2026-01-08 07:19:40,,
2026-01-08 07:19:50,,
2026-01-08 07:20:00,,
2026-01-08 07:20:10,,
2026-01-08 07:20:20,61.0,52.0
2026-01-08 07:20:30,,
2026-01-08 07:20:40,,
2026-01-08 07:20:50,,
2026-01-08 07:21:00,,
2026-01-08 07:21:10,,
2026-01-08 07:21:20,58.0,48.0
2026-01-08 07:21:30,,
2026-01-08 07:21:40,,
2026-01-08 07:21:50,,
2026-01-08 07:22:00,,
2026-01-08 07:22:10,,
2026-01-08 07:22:20,59.0,50.0
2026-01-08 07:22:30,,
2026-01-08 07:22:40,,
2026-01-08 07:22:50,,
2026-01-08 07:23:00,,
2026-01-08 07:23:10,,
2026-01-08 07:23:20,61.0,53.0
2026-01-08 07:23:30,,
2026-01-08 07:23:40,,
2026-01-08 07:23:50,,
2026-01-08 07:24:00,,
2026-01-08 07:24:10,,
2026-01-08 07:24:20,61.0,50.0
2026-01-08 07:24:30,,
2026-01-08 07:24:40,,
2026-01-08 07:24:50,,
2026-01-08 07:25:00,,
2026-01-08 07:25:10,,
2026-01-08 07:25:20,60.0,53.0
2026-01-08 07:25:30,,
2026-01-08 07:25:40,,
2026-01-08 07:25:50,,
2026-01-08 07:26:00,,
2026-01-08 07:26:10,,
2026-01-08 07:26:20,62.0,51.0
2026-01-08 07:26:30,,
2026-01-08 07:26:40,,
2026-01-08 07:26:50,,
2026-01-08 07:27:00,,
2026-01-08 07:27:10,,
2026-01-08 07:27:20,56.0,50.0
2026-01-08 07:27:30,,
2026-01-08 07:27:40,,
2026-01-08 07:27:50,,
2026-01-08 07:28:00,,
2026-01-08 07:28:10,,
2026-01-08 07:28:20,59.0,51.0
2026-01-08 07:28:30,,
2026-01-08 07:28:40,,
2026-01-08 07:28:50,,
2026-01-08 07:29:00,,
2026-01-08 07:29:10,,
2026-01-08 07:29:20,64.0,51.0
2026-01-08 07:29:30,,
2026-01-08 07:29:40,,
2026-01-08 07:29:50,,
2026-01-08 07:30:00,,
2026-01-08 07:30:10,,
2026-01-08 07:30:20,59.0,49.0
2026-01-08 07:30:30,,
2026-01-08 07:30:40,,
2026-01-08 07:30:50,,
2026-01-08 07:31:00,,
2026-01-08 07:31:10,,
2026-01-08 07:31:20,58.0,50.0
2026-01-08 07:31:30,,
2026-01-08 07:31:40,,
2026-01-08 07:31:50,,
2026-01-08 07:32:00,,
2026-01-08 07:32:10,,
2026-01-08 07:32:20,62.0,52.0
2026-01-08 07:32:30,,
2026-01-08 07:32:40,,
2026-01-08 07:32:50,,
2026-01-08 07:33:00,,
2026-01-08 07:33:10,,
2026-01-08 07:33:20,60.0,51.0
2026-01-08 07:33:30,,
2026-01-08 07:33:40,,
2026-01-08 07:33:50,,
2026-01-08 07:34:00,,
2026-01-08 07:34:10,,
2026-01-08 07:34:20,59.0,51.0
2026-01-08 07:34:30,,
2026-01-08 07:34:40,,
2026-01-08 07:34:50,,
2026-01-08 07:35:00,,
2026-01-08 07:35:10,,
2026-01-08 07:35:20,60.0,52.0
2026-01-08 07:35:30,,
2026-01-08 07:35:40,,
2026-01-08 07:35:50,,
2026-01-08 07:36:00,,
2026-01-08 07:36:10,,
2026-01-08 07:36:20,63.0,52.0
2026-01-08 07:36:30,,
2026-01-08 07:36:40,,
2026-01-08 07:36:50,,
2026-01-08 07:37:00,,
2026-01-08 07:37:10,,
2026-01-08 07:37:20,60.0,55.0
2026-01-08 07:37:30,,
2026-01-08 07:37:40,,
2026-01-08 07:37:50,,
2026-01-08 07:38:00,,
2026-01-08 07:38:10,,
2026-01-08 07:38:20,58.0,55.0
2026-01-08 07:38:30,,
2026-01-08 07:38:40,,
2026-01-08 07:38:50,,
2026-01-08 07:39:00,,
2026-01-08 07:39:10,,
2026-01-08 07:39:20,58.0,54.0
2026-01-08 07:39:30,,
2026-01-08 07:39:40,,
2026-01-08 07:39:50,,
2026-01-08 07:40:00,,
2026-01-08 07:40:10,,
2026-01-08 07:40:20,61.0,53.0
2026-01-08 07:40:30,,
2026-01-08 07:40:40,,
2026-01-08 07:40:50,,
2026-01-08 07:41:00,,
2026-01-08 07:41:10,,
2026-01-08 07:41:20,59.0,50.0
2026-01-08 07:41:30,,
2026-01-08 07:41:40,,
2026-01-08 07:41:50,,
2026-01-08 07:42:00,,
2026-01-08 07:42:10,,
2026-01-08 07:42:20,60.0,52.0
2026-01-08 07:42:30,,
2026-01-08 07:42:40,,
2026-01-08 07:42:50,,
2026-01-08 07:43:00,,
2026-01-08 07:43:10,,
2026-01-08 07:43:20,59.0,51.0
2026-01-08 07:43:30,,
2026-01-08 07:43:40,,
2026-01-08 07:43:50,,
2026-01-08 07:44:00,,
2026-01-08 07:44:10,,
2026-01-08 07:44:20,61.0,51.0
2026-01-08 07:44:30,,
2026-01-08 07:44:40,,
2026-01-08 07:44:50,,
2026-01-08 07:45:00,,
2026-01-08 07:45:10,,
2026-01-08 07:45:20,60.0,52.0
2026-01-08 07:45:30,,
2026-01-08 07:45:40,,
2026-01-08 07:45:50,,
2026-01-08 07:46:00,,
2026-01-08 07:46:10,,
2026-01-08 07:46:20,59.0,50.0
2026-01-08 07:46:30,,
2026-01-08 07:46:40,,
2026-01-08 07:46:50,,
2026-01-08 07:47:00,,
2026-01-08 07:47:10,,
2026-01-08 07:47:20,60.0,49.0
2026-01-08 07:47:30,,
2026-01-08 07:47:40,,
2026-01-08 07:47:50,,
2026-01-08 07:48:00,,
2026-01-08 07:48:10,,
2026-01-08 07:48:20,63.0,50.0
2026-01-08 07:48:30,,
2026-01-08 07:48:40,,
2026-01-08 07:48:50,,
2026-01-08 07:49:00,,
2026-01-08 07:49:10,,
2026-01-08 07:49:20,59.0,49.0
2026-01-08 07:49:30,,
2026-01-08 07:49:40,,
2026-01-08 07:49:50,,
2026-01-08 07:50:00,,
2026-01-08 07:50:10,,
2026-01-08 07:50:20,59.0,50.0
2026-01-08 07:50:30,,
2026-01-08 07:50:40,,
2026-01-08 07:50:50,,
2026-01-08 07:51:00,,
2026-01-08 07:51:10,,
2026-01-08 07:51:20,60.0,52.0
2026-01-08 07:51:30,,
2026-01-08 07:51:40,,
2026-01-08 07:51:50,,
2026-01-08 07:52:00,,
2026-01-08 07:52:10,,
2026-01-08 07:52:20,59.0,53.0
2026-01-08 07:52:30,,
2026-01-08 07:52:40,,
2026-01-08 07:52:50,,
2026-01-08 07:53:00,,
2026-01-08 07:53:10,,
2026-01-08 07:53:20,62.0,54.0
2026-01-08 07:53:30,,
2026-01-08 07:53:40,,
2026-01-08 07:53:50,,
2026-01-08 07:54:00,,
2026-01-08 07:54:10,,
2026-01-08 07:54:20,59.0,51.0
2026-01-08 07:54:30,,
2026-01-08 07:54:40,,
2026-01-08 07:54:50,,
2026-01-08 07:55:00,,
2026-01-08 07:55:10,,
2026-01-08 07:55:20,56.0,52.0
2026-01-08 07:55:30,,
2026-01-08 07:55:40,,
2026-01-08 07:55:50,,
2026-01-08 07:56:00,,
2026-01-08 07:56:10,,
2026-01-08 07:56:20,57.0,51.0
2026-01-08 07:56:30,,
2026-01-08 07:56:40,,
2026-01-08 07:56:50,,
2026-01-08 07:57:00,,
2026-01-08 07:57:10,,
2026-01-08 07:57:20,62.0,54.0
2026-01-08 07:57:30,,
2026-01-08 07:57:40,,
2026-01-08 07:57:50,,
2026-01-08 07:58:00,,
2026-01-08 07:58:10,,
2026-01-08 07:58:20,62.0,54.0
2026-01-08 07:58:30,,
2026-01-08 07:58:40,,
2026-01-08 07:58:50,,
2026-01-08 07:59:00,,
2026-01-08 07:59:10,,
2026-01-08 07:59:20,61.0,150.0
2026-01-08 07:59:30,,
2026-01-08 07:59:40,,
2026-01-08 07:59:50,,
2026-01-08 08:00:00,,
2026-01-08 08:00:10,,
2026-01-08 08:00:20,62.0,150.0
2026-01-08 08:00:30,,
2026-01-08 08:00:40,,
2026-01-08 08:00:50,,
2026-01-08 08:01:00,,
2026-01-08 08:01:10,,
2026-01-08 08:01:20,60.0,52.0
2026-01-08 08:01:30,,
2026-01-08 08:01:40,,
2026-01-08 08:01:50,,
2026-01-08 08:02:00,,
2026-01-08 08:02:10,,
2026-01-08 08:02:20,58.0,50.0
2026-01-08 08:02:30,,
2026-01-08 08:02:40,,
2026-01-08 08:02:50,,
2026-01-08 08:03:00,,
2026-01-08 08:03:10,,
2026-01-08 08:03:20,60.0,51.0
2026-01-08 08:03:30,,
2026-01-08 08:03:40,,
2026-01-08 08:03:50,,
2026-01-08 08:04:00,,
2026-01-08 08:04:10,,
2026-01-08 08:04:20,62.0,51.0
2026-01-08 08:04:30,,
2026-01-08 08:04:40,,
2026-01-08 08:04:50,,
2026-01-08 08:05:00,,
2026-01-08 08:05:10,,
2026-01-08 08:05:20,57.0,51.0
2026-01-08 08:05:30,,
2026-01-08 08:05:40,,
2026-01-08 08:05:50,,
2026-01-08 08:06:00,,
2026-01-08 08:06:10,,
2026-01-08 08:06:20,56.0,49.0
2026-01-08 08:06:30,,
2026-01-08 08:06:40,,
2026-01-08 08:06:50,,
2026-01-08 08:07:00,,
2026-01-08 08:07:10,,
2026-01-08 08:07:20,58.0,50.0
2026-01-08 08:07:30,,
2026-01-08 08:07:40,,
2026-01-08 08:07:50,,
2026-01-08 08:08:00,,
2026-01-08 08:08:10,,
2026-01-08 08:08:20,58.0,48.0
2026-01-08 08:08:30,,
2026-01-08 08:08:40,,
2026-01-08 08:08:50,,
2026-01-08 08:09:00,,
2026-01-08 08:09:10,,
2026-01-08 08:09:20,56.0,49.0
2026-01-08 08:09:30,,
2026-01-08 08:09:40,,
2026-01-08 08:09:50,,
2026-01-08 08:10:00,,
2026-01-08 08:10:10,,
2026-01-08 08:10:20,57.0,54.0
2026-01-08 08:10:30,,
2026-01-08 08:10:40,,
2026-01-08 08:10:50,,
2026-01-08 08:11:00,,
2026-01-08 08:11:10,,
2026-01-08 08:11:20,57.0,50.0
2026-01-08 08:11:30,,
2026-01-08 08:11:40,,
2026-01-08 08:11:50,,
2026-01-08 08:12:00,,
2026-01-08 08:12:10,,
2026-01-08 08:12:20,60.0,53.0
2026-01-08 08:12:30,,
2026-01-08 08:12:40,,
2026-01-08 08:12:50,,
2026-01-08 08:13:00,,
2026-01-08 08:13:10,,
2026-01-08 08:13:20,60.0,57.0
2026-01-08 08:13:30,,
2026-01-08 08:13:40,,
2026-01-08 08:13:50,,
2026-01-08 08:14:00,,
2026-01-08 08:14:10,,
2026-01-08 08:14:20,61.0,53.0
2026-01-08 08:14:30,,
2026-01-08 08:14:40,,
2026-01-08 08:14:50,,
2026-01-08 08:15:00,,
2026-01-08 08:15:10,,
2026-01-08 08:15:20,57.0,52.0
2026-01-08 08:15:30,,
2026-01-08 08:15:40,,
2026-01-08 08:15:50,,
2026-01-08 08:16:00,,
2026-01-08 08:16:10,,
2026-01-08 08:16:20,55.0,51.0
2026-01-08 08:16:30,,
2026-01-08 08:16:40,,
2026-01-08 08:16:50,,
2026-01-08 08:17:00,,
2026-01-08 08:17:10,,
2026-01-08 08:17:20,57.0,50.0
2026-01-08 08:17:30,,
2026-01-08 08:17:40,,
2026-01-08 08:17:50,,
2026-01-08 08:18:00,,
2026-01-08 08:18:10,,
2026-01-08 08:18:20,60.0,51.0
2026-01-08 08:18:30,,
2026-01-08 08:18:40,,
2026-01-08 08:18:50,,
2026-01-08 08:19:00,,
2026-01-08 08:19:10,,
2026-01-08 08:19:20,59.0,51.0
2026-01-08 08:19:30,,
2026-01-08 08:19:40,,
2026-01-08 08:19:50,,
2026-01-08 08:20:00,,
2026-01-08 08:20:10,,
2026-01-08 08:20:20,59.0,56.0
2026-01-08 08:20:30,,
2026-01-08 08:20:40,,
2026-01-08 08:20:50,,
2026-01-08 08:21:00,,
2026-01-08 08:21:10,,
2026-01-08 08:21:20,61.0,54.0
2026-01-08 08:21:30,,
2026-01-08 08:21:40,,
2026-01-08 08:21:50,,
2026-01-08 08:22:00,,
2026-01-08 08:22:10,,
2026-01-08 08:22:20,58.0,53.0
2026-01-08 08:22:30,,
2026-01-08 08:22:40,,
2026-01-08 08:22:50,,
2026-01-08 08:23:00,,
2026-01-08 08:23:10,,
2026-01-08 08:23:20,59.0,54.0
2026-01-08 08:23:30,,
2026-01-08 08:23:40,,
2026-01-08 08:23:50,,
2026-01-08 08:24:00,,
2026-01-08 08:24:10,,
2026-01-08 08:24:20,61.0,55.0
2026-01-08 08:24:30,,
2026-01-08 08:24:40,,
2026-01-08 08:24:50,,
2026-01-08 08:25:00,,
2026-01-08 08:25:10,,
2026-01-08 08:25:20,57.0,52.0
2026-01-08 08:25:30,,
2026-01-08 08:25:40,,
2026-01-08 08:25:50,,
2026-01-08 08:26:00,,
2026-01-08 08:26:10,,
2026-01-08 08:26:20,56.0,53.0
2026-01-08 08:26:30,,
2026-01-08 08:26:40,,
2026-01-08 08:26:50,,
2026-01-08 08:27:00,,
2026-01-08 08:27:10,,
2026-01-08 08:27:20,59.0,52.0
2026-01-08 08:27:30,,
2026-01-08 08:27:40,,
2026-01-08 08:27:50,,
2026-01-08 08:28:00,,
2026-01-08 08:28:10,,
2026-01-08 08:28:20,55.0,50.0
2026-01-08 08:28:30,,
2026-01-08 08:28:40,,
2026-01-08 08:28:50,,
2026-01-08 08:29:00,,
2026-01-08 08:29:10,,
2026-01-08 08:29:20,55.0,50.0
2026-01-08 08:29:30,,
2026-01-08 08:29:40,,
2026-01-08 08:29:50,,
2026-01-08 08:30:00,,
2026-01-08 08:30:10,,
2026-01-08 08:30:20,57.0,49.0
2026-01-08 08:30:30,,
2026-01-08 08:30:40,,
2026-01-08 08:30:50,,
2026-01-08 08:31:00,,
2026-01-08 08:31:10,,
2026-01-08 08:31:20,55.0,49.0
2026-01-08 08:31:30,,
2026-01-08 08:31:40,,
2026-01-08 08:31:50,,
2026-01-08 08:32:00,,
2026-01-08 08:32:10,,
2026-01-08 08:32:20,57.0,50.0
2026-01-08 08:32:30,,
2026-01-08 08:32:40,,
2026-01-08 08:32:50,,
2026-01-08 08:33:00,,
2026-01-08 08:33:10,,
2026-01-08 08:33:20,57.0,50.0
2026-01-08 08:33:30,,
2026-01-08 08:33:40,,
2026-01-08 08:33:50,,
2026-01-08 08:34:00,,
2026-01-08 08:34:10,,
2026-01-08 08:34:20,58.0,50.0
2026-01-08 08:34:30,,
2026-01-08 08:34:40,,
2026-01-08 08:34:50,,
2026-01-08 08:35:00,,
2026-01-08 08:35:10,,
2026-01-08 08:35:20,55.0,50.0
2026-01-08 08:35:30,,
2026-01-08 08:35:40,,
2026-01-08 08:35:50,,
2026-01-08 08:36:00,,
2026-01-08 08:36:10,,
2026-01-08 08:36:20,59.0,49.0
2026-01-08 08:36:30,,
2026-01-08 08:36:40,,
2026-01-08 08:36:50,,
2026-01-08 08:37:00,,
2026-01-08 08:37:10,,
2026-01-08 08:37:20,58.0,50.0
2026-01-08 08:37:30,,
2026-01-08 08:37:40,,
2026-01-08 08:37:50,,
2026-01-08 08:38:00,,
2026-01-08 08:38:10,,
2026-01-08 08:38:20,55.0,50.0
2026-01-08 08:38:30,,
2026-01-08 08:38:40,,
2026-01-08 08:38:50,,
2026-01-08 08:39:00,,
2026-01-08 08:39:10,,
2026-01-08 08:39:20,56.0,50.0
2026-01-08 08:39:30,,
2026-01-08 08:39:40,,
2026-01-08 08:39:50,,
2026-01-08 08:40:00,,
2026-01-08 08:40:10,,
2026-01-08 08:40:20,56.0,50.0
2026-01-08 08:40:30,,
2026-01-08 08:40:40,,
2026-01-08 08:40:50,,
2026-01-08 08:41:00,,
2026-01-08 08:41:10,,
2026-01-08 08:41:20,60.0,52.0
2026-01-08 08:41:30,,
2026-01-08 08:41:40,,
2026-01-08 08:41:50,,
2026-01-08 08:42:00,,
2026-01-08 08:42:10,,
2026-01-08 08:42:20,58.0,52.0
2026-01-08 08:42:30,,
2026-01-08 08:42:40,,
2026-01-08 08:42:50,,
2026-01-08 08:43:00,,
2026-01-08 08:43:10,,
2026-01-08 08:43:20,58.0,54.0
2026-01-08 08:43:30,,
2026-01-08 08:43:40,,
2026-01-08 08:43:50,,
2026-01-08 08:44:00,,
2026-01-08 08:44:10,,
2026-01-08 08:44:20,57.0,56.0
2026-01-08 08:44:30,,
2026-01-08 08:44:40,,
2026-01-08 08:44:50,,
2026-01-08 08:45:00,,
2026-01-08 08:45:10,,
2026-01-08 08:45:20,62.0,54.0
2026-01-08 08:45:30,,
2026-01-08 08:45:40,,
2026-01-08 08:45:50,,
2026-01-08 08:46:00,,
2026-01-08 08:46:10,,
2026-01-08 08:46:20,58.0,58.0
2026-01-08 08:46:30,,
2026-01-08 08:46:40,,
2026-01-08 08:46:50,,
2026-01-08 08:47:00,,
2026-01-08 08:47:10,,
2026-01-08 08:47:20,55.0,57.0
2026-01-08 08:47:30,,
2026-01-08 08:47:40,,
2026-01-08 08:47:50,,
2026-01-08 08:48:00,,
2026-01-08 08:48:10,,
2026-01-08 08:48:20,52.0,47.0
2026-01-08 08:48:30,,
2026-01-08 08:48:40,,
2026-01-08 08:48:50,,
2026-01-08 08:49:00,,
2026-01-08 08:49:10,,
2026-01-08 08:49:20,54.0,45.0
2026-01-08 08:49:30,,
2026-01-08 08:49:40,,
2026-01-08 08:49:50,,
2026-01-08 08:50:00,,
2026-01-08 08:50:10,,
2026-01-08 08:50:20,50.0,50.0
2026-01-08 08:50:30,,
2026-01-08 08:50:40,,
2026-01-08 08:50:50,,
2026-01-08 08:51:00,,
2026-01-08 08:51:10,,
2026-01-08 08:51:20,51.0,50.0
2026-01-08 08:51:30,,
2026-01-08 08:51:40,,
2026-01-08 08:51:50,,
2026-01-08 08:52:00,,
2026-01-08 08:52:10,,
2026-01-08 08:52:20,52.0,47.0
2026-01-08 08:52:30,,
2026-01-08 08:52:40,,
2026-01-08 08:52:50,,
2026-01-08 08:53:00,,
2026-01-08 08:53:10,,
2026-01-08 08:53:20,51.0,46.0
2026-01-08 08:53:30,,
2026-01-08 08:53:40,,
2026-01-08 08:53:50,,
2026-01-08 08:54:00,,
2026-01-08 08:54:10,,
2026-01-08 08:54:20,52.0,46.0
2026-01-08 08:54:30,,
2026-01-08 08:54:40,,
2026-01-08 08:54:50,,
2026-01-08 08:55:00,,
2026-01-08 08:55:10,,
2026-01-08 08:55:20,51.0,46.0
2026-01-08 08:55:30,,
2026-01-08 08:55:40,,
2026-01-08 08:55:50,,
2026-01-08 08:56:00,,
2026-01-08 08:56:10,,
2026-01-08 08:56:20,50.0,44.0
2026-01-08 08:56:30,,
2026-01-08 08:56:40,,
2026-01-08 08:56:50,,
2026-01-08 08:57:00,,
2026-01-08 08:57:10,,
2026-01-08 08:57:20,51.0,43.0
2026-01-08 08:57:30,,
2026-01-08 08:57:40,,
2026-01-08 08:57:50,,
2026-01-08 08:58:00,,
2026-01-08 08:58:10,,
2026-01-08 08:58:20,50.0,44.0
2026-01-08 08:58:30,,
2026-01-08 08:58:40,,
2026-01-08 08:58:50,,
2026-01-08 08:59:00,,
2026-01-08 08:59:10,,
2026-01-08 08:59:20,50.0,44.0
2026-01-08 08:59:30,,
2026-01-08 08:59:40,,
2026-01-08 08:59:50,,
2026-01-08 09:00:00,,
2026-01-08 09:00:10,,
2026-01-08 09:00:20,52.0,47.0
2026-01-08 09:00:30,,
2026-01-08 09:00:40,,
2026-01-08 09:00:50,,
2026-01-08 09:01:00,,
2026-01-08 09:01:10,,
2026-01-08 09:01:20,51.0,47.0
2026-01-08 09:01:30,,
2026-01-08 09:01:40,,
2026-01-08 09:01:50,,
2026-01-08 09:02:00,,
2026-01-08 09:02:10,,
2026-01-08 09:02:20,50.0,46.0
2026-01-08 09:02:30,,
2026-01-08 09:02:40,,
2026-01-08 09:02:50,,
2026-01-08 09:03:00,,
2026-01-08 09:03:10,,
2026-01-08 09:03:20,53.0,50.0
2026-01-08 09:03:30,,
2026-01-08 09:03:40,,
2026-01-08 09:03:50,,
2026-01-08 09:04:00,,
2026-01-08 09:04:10,,
2026-01-08 09:04:20,51.0,49.0
2026-01-08 09:04:30,,
2026-01-08 09:04:40,,
2026-01-08 09:04:50,,
2026-01-08 09:05:00,,
2026-01-08 09:05:10,,
2026-01-08 09:05:20,52.0,54.0
2026-01-08 09:05:30,,
2026-01-08 09:05:40,,
2026-01-08 09:05:50,,
2026-01-08 09:06:00,,
2026-01-08 09:06:10,,
2026-01-08 09:06:20,53.0,0.0
2026-01-08 09:06:30,,
2026-01-08 09:06:40,,
2026-01-08 09:06:50,,
2026-01-08 09:07:00,,
2026-01-08 09:07:10,,
2026-01-08 09:07:20,52.0,49.0
2026-01-08 09:07:30,,
2026-01-08 09:07:40,,
2026-01-08 09:07:50,,
2026-01-08 09:08:00,,
2026-01-08 09:08:10,,
2026-01-08 09:08:20,53.0,50.0
2026-01-08 09:08:30,,
2026-01-08 09:08:40,,
2026-01-08 09:08:50,,
2026-01-08 09:09:00,,
2026-01-08 09:09:10,,
2026-01-08 09:09:20,54.0,51.0
2026-01-08 09:09:30,,
2026-01-08 09:09:40,,
2026-01-08 09:09:50,,
2026-01-08 09:10:00,,
2026-01-08 09:10:10,,
2026-01-08 09:10:20,53.0,47.0
2026-01-08 09:10:30,,
2026-01-08 09:10:40,,
2026-01-08 09:10:50,,
2026-01-08 09:11:00,,
2026-01-08 09:11:10,,
2026-01-08 09:11:20,53.0,46.0
2026-01-08 09:11:30,,
2026-01-08 09:11:40,,
2026-01-08 09:11:50,,
2026-01-08 09:12:00,,
2026-01-08 09:12:10,,
2026-01-08 09:12:20,55.0,50.0
2026-01-08 09:12:30,,
2026-01-08 09:12:40,,
2026-01-08 09:12:50,,
2026-01-08 09:13:00,,
2026-01-08 09:13:10,,
2026-01-08 09:13:20,53.0,49.0
2026-01-08 09:13:30,,
2026-01-08 09:13:40,,
2026-01-08 09:13:50,,
2026-01-08 09:14:00,,
2026-01-08 09:14:10,,
2026-01-08 09:14:20,51.0,49.0
2026-01-08 09:14:30,,
2026-01-08 09:14:40,,
2026-01-08 09:14:50,,
2026-01-08 09:15:00,,
2026-01-08 09:15:10,,
2026-01-08 09:15:20,51.0,50.0
2026-01-08 09:15:30,,
2026-01-08 09:15:40,,
2026-01-08 09:15:50,,
2026-01-08 09:16:00,,
2026-01-08 09:16:10,,
2026-01-08 09:16:20,53.0,48.0
2026-01-08 09:16:30,,
2026-01-08 09:16:40,,
2026-01-08 09:16:50,,
2026-01-08 09:17:00,,
2026-01-08 09:17:10,,
2026-01-08 09:17:20,51.0,45.0
2026-01-08 09:17:30,,
2026-01-08 09:17:40,,
2026-01-08 09:17:50,,
2026-01-08 09:18:00,,
2026-01-08 09:18:10,,
2026-01-08 09:18:20,52.0,46.0
2026-01-08 09:18:30,,
2026-01-08 09:18:40,,
2026-01-08 09:18:50,,
2026-01-08 09:19:00,,
2026-01-08 09:19:10,,
2026-01-08 09:19:20,54.0,51.0
2026-01-08 09:19:30,,
2026-01-08 09:19:40,,
2026-01-08 09:19:50,,
2026-01-08 09:20:00,,
2026-01-08 09:20:10,,
2026-01-08 09:20:20,53.0,48.0
2026-01-08 09:20:30,,
2026-01-08 09:20:40,,
2026-01-08 09:20:50,,
2026-01-08 09:21:00,,
2026-01-08 09:21:10,,
2026-01-08 09:21:20,56.0,54.0
2026-01-08 09:21:30,,
2026-01-08 09:21:40,,
2026-01-08 09:21:50,,
2026-01-08 09:22:00,,
2026-01-08 09:22:10,,
2026-01-08 09:22:20,54.0,50.0
2026-01-08 09:22:30,,
2026-01-08 09:22:40,,
2026-01-08 09:22:50,,
2026-01-08 09:23:00,,
2026-01-08 09:23:10,,
2026-01-08 09:23:20,53.0,49.0
2026-01-08 09:23:30,,
2026-01-08 09:23:40,,
2026-01-08 09:23:50,,
2026-01-08 09:24:00,,
2026-01-08 09:24:10,,
2026-01-08 09:24:20,54.0,49.0
2026-01-08 09:24:30,,
2026-01-08 09:24:40,,
2026-01-08 09:24:50,,
2026-01-08 09:25:00,,
2026-01-08 09:25:10,,
2026-01-08 09:25:20,55.0,48.0
2026-01-08 09:25:30,,
2026-01-08 09:25:40,,
2026-01-08 09:25:50,,
2026-01-08 09:26:00,,
2026-01-08 09:26:10,,
2026-01-08 09:26:20,55.0,49.0
2026-01-08 09:26:30,,
2026-01-08 09:26:40,,
2026-01-08 09:26:50,,
2026-01-08 09:27:00,,
2026-01-08 09:27:10,,
2026-01-08 09:27:20,54.0,48.0
2026-01-08 09:27:30,,
2026-01-08 09:27:40,,
2026-01-08 09:27:50,,
2026-01-08 09:28:00,,
2026-01-08 09:28:10,,
2026-01-08 09:28:20,55.0,48.0
2026-01-08 09:28:30,,
2026-01-08 09:28:40,,
2026-01-08 09:28:50,,
2026-01-08 09:29:00,,
2026-01-08 09:29:10,,
2026-01-08 09:29:20,57.0,52.0
2026-01-08 09:29:30,,
2026-01-08 09:29:40,,
2026-01-08 09:29:50,,
2026-01-08 09:30:00,,
2026-01-08 09:30:10,,
2026-01-08 09:30:20,56.0,50.0
2026-01-08 09:30:30,,
2026-01-08 09:30:40,,
2026-01-08 09:30:50,,
2026-01-08 09:31:00,,
2026-01-08 09:31:10,,
2026-01-08 09:31:20,56.0,48.0
2026-01-08 09:31:30,,
2026-01-08 09:31:40,,
2026-01-08 09:31:50,,
2026-01-08 09:32:00,,
2026-01-08 09:32:10,,
2026-01-08 09:32:20,59.0,49.0
2026-01-08 09:32:30,,
2026-01-08 09:32:40,,
2026-01-08 09:32:50,,
2026-01-08 09:33:00,,
2026-01-08 09:33:10,,
2026-01-08 09:33:20,55.0,47.0
2026-01-08 09:33:30,,
2026-01-08 09:33:40,,
2026-01-08 09:33:50,,
2026-01-08 09:34:00,,
2026-01-08 09:34:10,,
2026-01-08 09:34:20,57.0,50.0
2026-01-08 09:34:30,,
2026-01-08 09:34:40,,
2026-01-08 09:34:50,,
2026-01-08 09:35:00,,
2026-01-08 09:35:10,,
2026-01-08 09:35:20,56.0,48.0
2026-01-08 09:35:30,,
2026-01-08 09:35:40,,
2026-01-08 09:35:50,,
2026-01-08 09:36:00,,
2026-01-08 09:36:10,,
2026-01-08 09:36:20,57.0,49.0
2026-01-08 09:36:30,,
2026-01-08 09:36:40,,
2026-01-08 09:36:50,,
2026-01-08 09:37:00,,
2026-01-08 09:37:10,,
2026-01-08 09:37:20,56.0,55.0
2026-01-08 09:37:30,,
2026-01-08 09:37:40,,
2026-01-08 09:37:50,,
2026-01-08 09:38:00,,
2026-01-08 09:38:10,,
2026-01-08 09:38:20,60.0,52.0
2026-01-08 09:38:30,,
2026-01-08 09:38:40,,
2026-01-08 09:38:50,,
2026-01-08 09:39:00,,
2026-01-08 09:39:10,,
2026-01-08 09:39:20,59.0,52.0
2026-01-08 09:39:30,,
2026-01-08 09:39:40,,
2026-01-08 09:39:50,,
2026-01-08 09:40:00,,
2026-01-08 09:40:10,,
2026-01-08 09:40:20,59.0,55.0
2026-01-08 09:40:30,,
2026-01-08 09:40:40,,
2026-01-08 09:40:50,,
2026-01-08 09:41:00,,
2026-01-08 09:41:10,,
2026-01-08 09:41:20,62.0,53.0
2026-01-08 09:41:30,,
2026-01-08 09:41:40,,
2026-01-08 09:41:50,,
2026-01-08 09:42:00,,
2026-01-08 09:42:10,,
2026-01-08 09:42:20,58.0,52.0
2026-01-08 09:42:30,,
2026-01-08 09:42:40,,
2026-01-08 09:42:50,,
2026-01-08 09:43:00,,
2026-01-08 09:43:10,,
2026-01-08 09:43:20,59.0,52.0
2026-01-08 09:43:30,,
2026-01-08 09:43:40,,
2026-01-08 09:43:50,,
2026-01-08 09:44:00,,
2026-01-08 09:44:10,,
2026-01-08 09:44:20,60.0,53.0
2026-01-08 09:44:30,,
2026-01-08 09:44:40,,
2026-01-08 09:44:50,,
2026-01-08 09:45:00,,
2026-01-08 09:45:10,,
2026-01-08 09:45:20,60.0,55.0
2026-01-08 09:45:30,,
2026-01-08 09:45:40,,
2026-01-08 09:45:50,,
2026-01-08 09:46:00,,
2026-01-08 09:46:10,,
2026-01-08 09:46:20,61.0,56.0
2026-01-08 09:46:30,,
2026-01-08 09:46:40,,
2026-01-08 09:46:50,,
2026-01-08 09:47:00,,
2026-01-08 09:47:10,,
2026-01-08 09:47:20,60.0,52.0
2026-01-08 09:47:30,,
2026-01-08 09:47:40,,
2026-01-08 09:47:50,,
2026-01-08 09:48:00,,
2026-01-08 09:48:10,,
2026-01-08 09:48:20,60.0,53.0
2026-01-08 09:48:30,,
2026-01-08 09:48:40,,
2026-01-08 09:48:50,,
2026-01-08 09:49:00,,
2026-01-08 09:49:10,,
2026-01-08 09:49:20,61.0,51.0
2026-01-08 09:49:30,,
2026-01-08 09:49:40,,
2026-01-08 09:49:50,,
2026-01-08 09:50:00,,
2026-01-08 09:50:10,,
2026-01-08 09:50:20,62.0,57.0
2026-01-08 09:50:30,,
2026-01-08 09:50:40,,
2026-01-08 09:50:50,,
2026-01-08 09:51:00,,
2026-01-08 09:51:10,,
2026-01-08 09:51:20,59.0,53.0
2026-01-08 09:51:30,,
2026-01-08 09:51:40,,
2026-01-08 09:51:50,,
2026-01-08 09:52:00,,
2026-01-08 09:52:10,,
2026-01-08 09:52:20,60.0,54.0
2026-01-08 09:52:30,,
2026-01-08 09:52:40,,
2026-01-08 09:52:50,,
2026-01-08 09:53:00,,
2026-01-08 09:53:10,,
2026-01-08 09:53:20,59.0,56.0
2026-01-08 09:53:30,,
2026-01-08 09:53:40,,
2026-01-08 09:53:50,,
2026-01-08 09:54:00,,
2026-01-08 09:54:10,,
2026-01-08 09:54:20,60.0,54.0
2026-01-08 09:54:30,,
2026-01-08 09:54:40,,
2026-01-08 09:54:50,,
2026-01-08 09:55:00,,
2026-01-08 09:55:10,,
2026-01-08 09:55:20,59.0,52.0
2026-01-08 09:55:30,,
2026-01-08 09:55:40,,
2026-01-08 09:55:50,,
2026-01-08 09:56:00,,
2026-01-08 09:56:10,,
2026-01-08 09:56:20,58.0,54.0
2026-01-08 09:56:30,,
2026-01-08 09:56:40,,
2026-01-08 09:56:50,,
2026-01-08 09:57:00,,
2026-01-08 09:57:10,,
2026-01-08 09:57:20,55.0,53.0
2026-01-08 09:57:30,,
2026-01-08 09:57:40,,
2026-01-08 09:57:50,,
2026-01-08 09:58:00,,
2026-01-08 09:58:10,,
2026-01-08 09:58:20,57.0,50.0
2026-01-08 09:58:30,,
2026-01-08 09:58:40,,
2026-01-08 09:58:50,,
2026-01-08 09:59:00,,
2026-01-08 09:59:10,,
2026-01-08 09:59:20,58.0,69.0
2026-01-08 09:59:30,,
2026-01-08 09:59:40,,
2026-01-08 09:59:50,,
2026-01-08 10:00:00,,
2026-01-08 10:00:10,,
2026-01-08 10:00:20,57.0,51.0
2026-01-08 10:00:30,,
2026-01-08 10:00:40,,
2026-01-08 10:00:50,,
2026-01-08 10:01:00,,
2026-01-08 10:01:10,,
2026-01-08 10:01:20,60.0,57.0
2026-01-08 10:01:30,,
2026-01-08 10:01:40,,
2026-01-08 10:01:50,,
2026-01-08 10:02:00,,
2026-01-08 10:02:10,,
2026-01-08 10:02:20,63.0,57.0
2026-01-08 10:02:30,,
2026-01-08 10:02:40,,
2026-01-08 10:02:50,,
2026-01-08 10:03:00,,
2026-01-08 10:03:10,,
2026-01-08 10:03:20,61.0,54.0
2026-01-08 10:03:30,,
2026-01-08 10:03:40,,
2026-01-08 10:03:50,,
2026-01-08 10:04:00,,
2026-01-08 10:04:10,,
2026-01-08 10:04:20,62.0,54.0
2026-01-08 10:04:30,,
2026-01-08 10:04:40,,
2026-01-08 10:04:50,,
2026-01-08 10:05:00,,
2026-01-08 10:05:10,,
2026-01-08 10:05:20,63.0,58.0
2026-01-08 10:05:30,,
2026-01-08 10:05:40,,
2026-01-08 10:05:50,,
2026-01-08 10:06:00,,
2026-01-08 10:06:10,,
2026-01-08 10:06:20,63.0,58.0
2026-01-08 10:06:30,,
2026-01-08 10:06:40,,
2026-01-08 10:06:50,,
2026-01-08 10:07:00,,
2026-01-08 10:07:10,,
2026-01-08 10:07:20,65.0,56.0
2026-01-08 10:07:30,,
2026-01-08 10:07:40,,
2026-01-08 10:07:50,,
2026-01-08 10:08:00,,
2026-01-08 10:08:10,,
2026-01-08 10:08:20,66.0,57.0
2026-01-08 10:08:30,,
2026-01-08 10:08:40,,
2026-01-08 10:08:50,,
2026-01-08 10:09:00,,
2026-01-08 10:09:10,,
2026-01-08 10:09:20,61.0,54.0
2026-01-08 10:09:30,,
2026-01-08 10:09:40,,
2026-01-08 10:09:50,,
2026-01-08 10:10:00,,
2026-01-08 10:10:10,,
2026-01-08 10:10:20,60.0,54.0
2026-01-08 10:10:30,,
2026-01-08 10:10:40,,
2026-01-08 10:10:50,,
2026-01-08 10:11:00,,
2026-01-08 10:11:10,,
2026-01-08 10:11:20,63.0,55.0
2026-01-08 10:11:30,,
2026-01-08 10:11:40,,
2026-01-08 10:11:50,,
2026-01-08 10:12:00,,
2026-01-08 10:12:10,,
2026-01-08 10:12:20,60.0,55.0
2026-01-08 10:12:30,,
2026-01-08 10:12:40,,
2026-01-08 10:12:50,,
2026-01-08 10:13:00,,
2026-01-08 10:13:10,,
2026-01-08 10:13:20,65.0,58.0
2026-01-08 10:13:30,,
2026-01-08 10:13:40,,
2026-01-08 10:13:50,,
2026-01-08 10:14:00,,
2026-01-08 10:14:10,,
2026-01-08 10:14:20,,
2026-01-08 10:14:30,,
2026-01-08 10:14:40,,
2026-01-08 10:14:50,,
2026-01-08 10:15:00,,
2026-01-08 10:15:10,,
2026-01-08 10:15:20,,
2026-01-08 10:15:30,,
2026-01-08 10:15:40,,
2026-01-08 10:15:50,,
2026-01-08 10:16:00,,
2026-01-08 10:16:10,,
2026-01-08 10:16:20,,
2026-01-08 10:16:30,,
2026-01-08 10:16:40,,
2026-01-08 10:16:50,,
2026-01-08 10:17:00,,
2026-01-08 10:17:10,,
2026-01-08 10:17:20,,
2026-01-08 10:17:30,,
2026-01-08 10:17:40,,
2026-01-08 10:17:50,,
2026-01-08 10:18:00,,
2026-01-08 10:18:10,,
2026-01-08 10:18:20,,
2026-01-08 10:18:30,,
2026-01-08 10:18:40,,
2026-01-08 10:18:50,,
2026-01-08 10:19:00,,
2026-01-08 10:19:10,,
2026-01-08 10:19:20,,
2026-01-08 10:19:30,,
2026-01-08 10:19:40,,
2026-01-08 10:19:50,,
2026-01-08 10:20:00,,
2026-01-08 10:20:10,,
2026-01-08 10:20:20,,
2026-01-08 10:20:30,,
2026-01-08 10:20:40,,
2026-01-08 10:20:50,,
2026-01-08 10:21:00,,
2026-01-08 10:21:10,,
2026-01-08 10:21:20,,
2026-01-08 10:21:30,,
2026-01-08 10:21:40,,
2026-01-08 10:21:50,,
2026-01-08 10:22:00,,
2026-01-08 10:22:10,,
2026-01-08 10:22:20,,
2026-01-08 10:22:30,,
2026-01-08 10:22:40,,
2026-01-08 10:22:50,,
2026-01-08 10:23:00,,
2026-01-08 10:23:10,,
2026-01-08 10:23:20,,
2026-01-08 10:23:30,,
2026-01-08 10:23:40,,
2026-01-08 10:23:50,,
2026-01-08 10:24:00,,
2026-01-08 10:24:10,,
2026-01-08 10:24:20,,
2026-01-08 10:24:30,,
2026-01-08 10:24:40,,
2026-01-08 10:24:50,,
2026-01-08 10:25:00,,
2026-01-08 10:25:10,,
2026-01-08 10:25:20,,
2026-01-08 10:25:30,,
2026-01-08 10:25:40,,
2026-01-08 10:25:50,,
2026-01-08 10:26:00,,
2026-01-08 10:26:10,,
2026-01-08 10:26:20,,
2026-01-08 10:26:30,,
2026-01-08 10:26:40,,
2026-01-08 10:26:50,,
2026-01-08 10:27:00,,
2026-01-08 10:27:10,,
2026-01-08 10:27:20,,
2026-01-08 10:27:30,,
2026-01-08 10:27:40,,
2026-01-08 10:27:50,,
2026-01-08 10:28:00,,
2026-01-08 10:28:10,,
2026-01-08 10:28:20,,
2026-01-08 10:28:30,,
2026-01-08 10:28:40,,
2026-01-08 10:28:50,,
2026-01-08 10:29:00,,
2026-01-08 10:29:10,,
2026-01-08 10:29:20,,
2026-01-08 10:29:30,,
2026-01-08 10:29:40,,
2026-01-08 10:29:50,,
2026-01-08 10:30:00,,
2026-01-08 10:30:10,,
2026-01-08 10:30:20,,
2026-01-08 10:30:30,,
2026-01-08 10:30:40,,
2026-01-08 10:30:50,,
2026-01-08 10:31:00,,
2026-01-08 10:31:10,,
2026-01-08 10:31:20,,
2026-01-08 10:31:30,,
2026-01-08 10:31:40,,
2026-01-08 10:31:50,,
2026-01-08 10:32:00,,
2026-01-08 10:32:10,,
2026-01-08 10:32:20,,
2026-01-08 10:32:30,,
2026-01-08 10:32:40,,
2026-01-08 10:32:50,,
2026-01-08 10:33:00,,
2026-01-08 10:33:10,,
2026-01-08 10:33:20,,
2026-01-08 10:33:30,,
2026-01-08 10:33:40,,
2026-01-08 10:33:50,,
2026-01-08 10:34:00,,
2026-01-08 10:34:10,,
2026-01-08 10:34:20,,
2026-01-08 10:34:30,,
2026-01-08 10:34:40,,
2026-01-08 10:34:50,,
2026-01-08 10:35:00,,
2026-01-08 10:35:10,,
2026-01-08 10:35:20,,
2026-01-08 10:35:30,,
2026-01-08 10:35:40,,
2026-01-08 10:35:50,,
2026-01-08 10:36:00,,
2026-01-08 10:36:10,,
2026-01-08 10:36:20,,
2026-01-08 10:36:30,,
2026-01-08 10:36:40,,
2026-01-08 10:36:50,,
2026-01-08 10:37:00,,
2026-01-08 10:37:10,,
2026-01-08 10:37:20,,
2026-01-08 10:37:30,,
2026-01-08 10:37:40,,
2026-01-08 10:37:50,,
2026-01-08 10:38:00,,
2026-01-08 10:38:10,,
2026-01-08 10:38:20,,
2026-01-08 10:38:30,,
2026-01-08 10:38:40,,
2026-01-08 10:38:50,,
2026-01-08 10:39:00,,
2026-01-08 10:39:10,,
2026-01-08 10:39:20,,
2026-01-08 10:39:30,,
2026-01-08 10:39:40,,
2026-01-08 10:39:50,,
2026-01-08 10:40:00,,
2026-01-08 10:40:10,,
2026-01-08 10:40:20,,
2026-01-08 10:40:30,,
2026-01-08 10:40:40,,
2026-01-08 10:40:50,,
2026-01-08 10:41:00,,
2026-01-08 10:41:10,,
2026-01-08 10:41:20,,
2026-01-08 10:41:30,,
2026-01-08 10:41:40,,
2026-01-08 10:41:50,,
2026-01-08 10:42:00,,
2026-01-08 10:42:10,,
2026-01-08 10:42:20,,
2026-01-08 10:42:30,,
2026-01-08 10:42:40,,
2026-01-08 10:42:50,,
2026-01-08 10:43:00,,
2026-01-08 10:43:10,,
2026-01-08 10:43:20,,
2026-01-08 10:43:30,,
2026-01-08 10:43:40,,
2026-01-08 10:43:50,,
2026-01-08 10:44:00,,
2026-01-08 10:44:10,,
2026-01-08 10:44:20,,
2026-01-08 10:44:30,,
2026-01-08 10:44:40,,
2026-01-08 10:44:50,,
2026-01-08 10:45:00,,
2026-01-08 10:45:10,,
2026-01-08 10:45:20,,
2026-01-08 10:45:30,,
2026-01-08 10:45:40,,
2026-01-08 10:45:50,,
2026-01-08 10:46:00,,
2026-01-08 10:46:10,,
2026-01-08 10:46:20,,
2026-01-08 10:46:30,,
2026-01-08 10:46:40,,
2026-01-08 10:46:50,,
2026-01-08 10:47:00,,
2026-01-08 10:47:10,,
2026-01-08 10:47:20,,
2026-01-08 10:47:30,,
2026-01-08 10:47:40,,
2026-01-08 10:47:50,,
2026-01-08 10:48:00,,
2026-01-08 10:48:10,,
2026-01-08 10:48:20,,
2026-01-08 10:48:30,,
2026-01-08 10:48:40,,
2026-01-08 10:48:50,,
2026-01-08 10:49:00,,
2026-01-08 10:49:10,,
2026-01-08 10:49:20,,
2026-01-08 10:49:30,,
2026-01-08 10:49:40,,
2026-01-08 10:49:50,,
2026-01-08 10:50:00,,
2026-01-08 10:50:10,,
2026-01-08 10:50:20,,
2026-01-08 10:50:30,,
2026-01-08 10:50:40,,
2026-01-08 10:50:50,,
2026-01-08 10:51:00,,
2026-01-08 10:51:10,,
2026-01-08 10:51:20,,
2026-01-08 10:51:30,,
2026-01-08 10:51:40,,
2026-01-08 10:51:50,,
2026-01-08 10:52:00,,
2026-01-08 10:52:10,,
2026-01-08 10:52:20,,
2026-01-08 10:52:30,,
2026-01-08 10:52:40,,
2026-01-08 10:52:50,,
2026-01-08 10:53:00,,
2026-01-08 10:53:10,,
2026-01-08 10:53:20,,
2026-01-08 10:53:30,,
2026-01-08 10:53:40,,
2026-01-08 10:53:50,,
2026-01-08 10:54:00,,
2026-01-08 10:54:10,,
2026-01-08 10:54:20,,
2026-01-08 10:54:30,,
2026-01-08 10:54:40,,
2026-01-08 10:54:50,,
2026-01-08 10:55:00,,
2026-01-08 10:55:10,,
2026-01-08 10:55:20,,
2026-01-08 10:55:30,,
2026-01-08 10:55:40,,
2026-01-08 10:55:50,,
2026-01-08 10:56:00,,
2026-01-08 10:56:10,,
2026-01-08 10:56:20,,
2026-01-08 10:56:30,,
2026-01-08 10:56:40,,
2026-01-08 10:56:50,,
2026-01-08 10:57:00,,
2026-01-08 10:57:10,,
2026-01-08 10:57:20,,
2026-01-08 10:57:30,,
2026-01-08 10:57:40,,
2026-01-08 10:57:50,,
2026-01-08 10:58:00,,
2026-01-08 10:58:10,,
2026-01-08 10:58:20,,
2026-01-08 10:58:30,,
2026-01-08 10:58:40,,
2026-01-08 10:58:50,,
2026-01-08 10:59:00,,
2026-01-08 10:59:10,,
2026-01-08 10:59:20,,
2026-01-08 10:59:30,,
2026-01-08 10:59:40,,
2026-01-08 10:59:50,,
2026-01-08 11:00:00,,
2026-01-08 11:00:10,,
2026-01-08 11:00:20,,
2026-01-08 11:00:30,,
2026-01-08 11:00:40,,
2026-01-08 11:00:50,,
2026-01-08 11:01:00,,
2026-01-08 11:01:10,,
2026-01-08 11:01:20,,
2026-01-08 11:01:30,,
2026-01-08 11:01:40,,
2026-01-08 11:01:50,,
2026-01-08 11:02:00,,
2026-01-08 11:02:10,,
2026-01-08 11:02:20,,
2026-01-08 11:02:30,,
2026-01-08 11:02:40,,
2026-01-08 11:02:50,,
2026-01-08 11:03:00,,
2026-01-08 11:03:10,,
2026-01-08 11:03:20,,
2026-01-08 11:03:30,,
2026-01-08 11:03:40,,
2026-01-08 11:03:50,,
2026-01-08 11:04:00,,
2026-01-08 11:04:10,,
2026-01-08 11:04:20,,
2026-01-08 11:04:30,,
2026-01-08 11:04:40,,
2026-01-08 11:04:50,,
2026-01-08 11:05:00,,
2026-01-08 11:05:10,,
2026-01-08 11:05:20,,
2026-01-08 11:05:30,,
2026-01-08 11:05:40,,
2026-01-08 11:05:50,,
2026-01-08 11:06:00,,
2026-01-08 11:06:10,,
2026-01-08 11:06:20,,
2026-01-08 11:06:30,,
2026-01-08 11:06:40,,
2026-01-08 11:06:50,,
2026-01-08 11:07:00,,
2026-01-08 11:07:10,,
2026-01-08 11:07:20,,
2026-01-08 11:07:30,,
2026-01-08 11:07:40,,
2026-01-08 11:07:50,,
2026-01-08 11:08:00,,
2026-01-08 11:08:10,,
2026-01-08 11:08:20,,
2026-01-08 11:08:30,,
2026-01-08 11:08:40,,
2026-01-08 11:08:50,,
2026-01-08 11:09:00,,
2026-01-08 11:09:10,,
2026-01-08 11:09:20,,
2026-01-08 11:09:30,,
2026-01-08 11:09:40,,
2026-01-08 11:09:50,,
2026-01-08 11:10:00,,
2026-01-08 11:10:10,,
2026-01-08 11:10:20,,
2026-01-08 11:10:30,,
2026-01-08 11:10:40,,
2026-01-08 11:10:50,,
2026-01-08 11:11:00,,
2026-01-08 11:11:10,,
2026-01-08 11:11:20,,
2026-01-08 11:11:30,,
2026-01-08 11:11:40,,
2026-01-08 11:11:50,,
2026-01-08 11:12:00,,
2026-01-08 11:12:10,,
2026-01-08 11:12:20,,
2026-01-08 11:12:30,,
2026-01-08 11:12:40,,
2026-01-08 11:12:50,,
2026-01-08 11:13:00,,
2026-01-08 11:13:10,,
2026-01-08 11:13:20,,
2026-01-08 11:13:30,,
2026-01-08 11:13:40,,
2026-01-08 11:13:50,,
2026-01-08 11:14:00,,
2026-01-08 11:14:10,,
2026-01-08 11:14:20,,
2026-01-08 11:14:30,,
2026-01-08 11:14:40,,
2026-01-08 11:14:50,,
2026-01-08 11:15:00,,
2026-01-08 11:15:10,,
2026-01-08 11:15:20,,
2026-01-08 11:15:30,,
2026-01-08 11:15:40,,
2026-01-08 11:15:50,,
2026-01-08 11:16:00,,
2026-01-08 11:16:10,,
2026-01-08 11:16:20,,
2026-01-08 11:16:30,,
2026-01-08 11:16:40,,
2026-01-08 11:16:50,,
2026-01-08 11:17:00,,
2026-01-08 11:17:10,,
2026-01-08 11:17:20,,
2026-01-08 11:17:30,,
2026-01-08 11:17:40,,
2026-01-08 11:17:50,,
2026-01-08 11:18:00,,
2026-01-08 11:18:10,,
2026-01-08 11:18:20,,
2026-01-08 11:18:30,,
2026-01-08 11:18:40,,
2026-01-08 11:18:50,,
2026-01-08 11:19:00,,
2026-01-08 11:19:10,,
2026-01-08 11:19:20,,
2026-01-08 11:19:30,,
2026-01-08 11:19:40,,
2026-01-08 11:19:50,,
2026-01-08 11:20:00,,
2026-01-08 11:20:10,,
2026-01-08 11:20:20,,
2026-01-08 11:20:30,,
2026-01-08 11:20:40,,
2026-01-08 11:20:50,,
2026-01-08 11:21:00,,
2026-01-08 11:21:10,,
2026-01-08 11:21:20,,
2026-01-08 11:21:30,,
2026-01-08 11:21:40,,
2026-01-08 11:21:50,,
2026-01-08 11:22:00,,
2026-01-08 11:22:10,,
2026-01-08 11:22:20,,
2026-01-08 11:22:30,,
2026-01-08 11:22:40,,
2026-01-08 11:22:50,,
2026-01-08 11:23:00,,
2026-01-08 11:23:10,,
2026-01-08 11:23:20,,
2026-01-08 11:23:30,,
2026-01-08 11:23:40,,
2026-01-08 11:23:50,,
2026-01-08 11:24:00,,
2026-01-08 11:24:10,,
2026-01-08 11:24:20,,
2026-01-08 11:24:30,,
2026-01-08 11:24:40,,
2026-01-08 11:24:50,,
2026-01-08 11:25:00,,
2026-01-08 11:25:10,,
2026-01-08 11:25:20,,
2026-01-08 11:25:30,,
2026-01-08 11:25:40,,
2026-01-08 11:25:50,,
2026-01-08 11:26:00,,
2026-01-08 11:26:10,,
2026-01-08 11:26:20,,
2026-01-08 11:26:30,,
2026-01-08 11:26:40,,
2026-01-08 11:26:50,,
2026-01-08 11:27:00,,
2026-01-08 11:27:10,,
2026-01-08 11:27:20,,
2026-01-08 11:27:30,,
2026-01-08 11:27:40,,
2026-01-08 11:27:50,,
2026-01-08 11:28:00,,
2026-01-08 11:28:10,,
2026-01-08 11:28:20,,
2026-01-08 11:28:30,,
2026-01-08 11:28:40,,
2026-01-08 11:28:50,,
2026-01-08 11:29:00,,
2026-01-08 11:29:10,,
2026-01-08 11:29:20,,
2026-01-08 11:29:30,,
2026-01-08 11:29:40,,
2026-01-08 11:29:50,,
2026-01-08 11:30:00,,
2026-01-08 11:30:10,,
2026-01-08 11:30:20,,
2026-01-08 11:30:30,,
2026-01-08 11:30:40,,
2026-01-08 11:30:50,,
2026-01-08 11:31:00,,
2026-01-08 11:31:10,,
2026-01-08 11:31:20,,
2026-01-08 11:31:30,,
2026-01-08 11:31:40,,
2026-01-08 11:31:50,,
2026-01-08 11:32:00,,
2026-01-08 11:32:10,,
2026-01-08 11:32:20,,
2026-01-08 11:32:30,,
2026-01-08 11:32:40,,
2026-01-08 11:32:50,,
2026-01-08 11:33:00,,
2026-01-08 11:33:10,,
2026-01-08 11:33:20,,
2026-01-08 11:33:30,,
2026-01-08 11:33:40,,
2026-01-08 11:33:50,,
2026-01-08 11:34:00,,
2026-01-08 11:34:10,,
2026-01-08 11:34:20,,
2026-01-08 11:34:30,,
2026-01-08 11:34:40,,
2026-01-08 11:34:50,,
2026-01-08 11:35:00,,
2026-01-08 11:35:10,,
2026-01-08 11:35:20,,
2026-01-08 11:35:30,,
2026-01-08 11:35:40,,
2026-01-08 11:35:50,,
2026-01-08 11:36:00,,
2026-01-08 11:36:10,,
2026-01-08 11:36:20,,
2026-01-08 11:36:30,,
2026-01-08 11:36:40,,
2026-01-08 11:36:50,,
2026-01-08 11:37:00,,
2026-01-08 11:37:10,,
2026-01-08 11:37:20,,
2026-01-08 11:37:30,,
2026-01-08 11:37:40,,
2026-01-08 11:37:50,,
2026-01-08 11:38:00,,
2026-01-08 11:38:10,,
2026-01-08 11:38:20,,
2026-01-08 11:38:30,,
2026-01-08 11:38:40,,
2026-01-08 11:38:50,,
2026-01-08 11:39:00,,
2026-01-08 11:39:10,,
2026-01-08 11:39:20,,
2026-01-08 11:39:30,,
2026-01-08 11:39:40,,
2026-01-08 11:39:50,,
2026-01-08 11:40:00,,
2026-01-08 11:40:10,,
2026-01-08 11:40:20,,
2026-01-08 11:40:30,,
2026-01-08 11:40:40,,
2026-01-08 11:40:50,,
2026-01-08 11:41:00,,
2026-01-08 11:41:10,,
2026-01-08 11:41:20,,
2026-01-08 11:41:30,,
2026-01-08 11:41:40,,
2026-01-08 11:41:50,,
2026-01-08 11:42:00,,
2026-01-08 11:42:10,,
2026-01-08 11:42:20,,
2026-01-08 11:42:30,,
2026-01-08 11:42:40,,
2026-01-08 11:42:50,,
2026-01-08 11:43:00,,
2026-01-08 11:43:10,,
2026-01-08 11:43:20,,
2026-01-08 11:43:30,,
2026-01-08 11:43:40,,
2026-01-08 11:43:50,,
2026-01-08 11:44:00,,
2026-01-08 11:44:10,,
2026-01-08 11:44:20,,
2026-01-08 11:44:30,,
2026-01-08 11:44:40,,
2026-01-08 11:44:50,,
2026-01-08 11:45:00,,
2026-01-08 11:45:10,,
2026-01-08 11:45:20,,
2026-01-08 11:45:30,,
2026-01-08 11:45:40,,
2026-01-08 11:45:50,,
2026-01-08 11:46:00,,
2026-01-08 11:46:10,,
2026-01-08 11:46:20,,
2026-01-08 11:46:30,,
2026-01-08 11:46:40,,
2026-01-08 11:46:50,,
2026-01-08 11:47:00,,
2026-01-08 11:47:10,,
2026-01-08 11:47:20,,
2026-01-08 11:47:30,,
2026-01-08 11:47:40,,
2026-01-08 11:47:50,,
2026-01-08 11:48:00,,
2026-01-08 11:48:10,,
2026-01-08 11:48:20,,
2026-01-08 11:48:30,,
2026-01-08 11:48:40,,
2026-01-08 11:48:50,,
2026-01-08 11:49:00,,
2026-01-08 11:49:10,,
2026-01-08 11:49:20,,
2026-01-08 11:49:30,,
2026-01-08 11:49:40,,
2026-01-08 11:49:50,,
2026-01-08 11:50:00,,
2026-01-08 11:50:10,,
2026-01-08 11:50:20,,
2026-01-08 11:50:30,,
2026-01-08 11:50:40,,
2026-01-08 11:50:50,,
2026-01-08 11:51:00,,
2026-01-08 11:51:10,,
2026-01-08 11:51:20,,
2026-01-08 11:51:30,,
2026-01-08 11:51:40,,
2026-01-08 11:51:50,,
2026-01-08 11:52:00,,
2026-01-08 11:52:10,,
2026-01-08 11:52:20,,
2026-01-08 11:52:30,,
2026-01-08 11:52:40,,
2026-01-08 11:52:50,,
2026-01-08 11:53:00,,
2026-01-08 11:53:10,,
2026-01-08 11:53:20,,
2026-01-08 11:53:30,,
2026-01-08 11:53:40,,
2026-01-08 11:53:50,,
2026-01-08 11:54:00,,
2026-01-08 11:54:10,,
2026-01-08 11:54:20,,
2026-01-08 11:54:30,,
2026-01-08 11:54:40,,
2026-01-08 11:54:50,,
2026-01-08 11:55:00,,
2026-01-08 11:55:10,,
2026-01-08 11:55:20,,
2026-01-08 11:55:30,,
2026-01-08 11:55:40,,
2026-01-08 11:55:50,,
2026-01-08 11:56:00,,
2026-01-08 11:56:10,,
2026-01-08 11:56:20,,
2026-01-08 11:56:30,,
2026-01-08 11:56:40,,
2026-01-08 11:56:50,,
2026-01-08 11:57:00,,
2026-01-08 11:57:10,,
2026-01-08 11:57:20,,
2026-01-08 11:57:30,,
2026-01-08 11:57:40,,
2026-01-08 11:57:50,,
2026-01-08 11:58:00,,
2026-01-08 11:58:10,,
2026-01-08 11:58:20,,
2026-01-08 11:58:30,,
2026-01-08 11:58:40,,
2026-01-08 11:58:50,,
2026-01-08 11:59:00,,
2026-01-08 11:59:10,,
2026-01-08 11:59:20,,
2026-01-08 11:59:30,,
2026-01-08 11:59:40,,
2026-01-08 11:59:50,,
2026-01-08 12:00:00,,
2026-01-08 12:00:10,,
2026-01-08 12:00:20,,
2026-01-08 12:00:30,,
2026-01-08 12:00:40,,
2026-01-08 12:00:50,,
2026-01-08 12:01:00,,
2026-01-08 12:01:10,,
2026-01-08 12:01:20,,
2026-01-08 12:01:30,,
2026-01-08 12:01:40,,
2026-01-08 12:01:50,,
2026-01-08 12:02:00,,
2026-01-08 12:02:10,,
2026-01-08 12:02:20,,
2026-01-08 12:02:30,,
2026-01-08 12:02:40,,
2026-01-08 12:02:50,,
2026-01-08 12:03:00,,
2026-01-08 12:03:10,,
2026-01-08 12:03:20,,
2026-01-08 12:03:30,,
2026-01-08 12:03:40,,
2026-01-08 12:03:50,,
2026-01-08 12:04:00,,
2026-01-08 12:04:10,,
2026-01-08 12:04:20,,
2026-01-08 12:04:30,,
2026-01-08 12:04:40,,
2026-01-08 12:04:50,,
2026-01-08 12:05:00,,
2026-01-08 12:05:10,,
2026-01-08 12:05:20,,
2026-01-08 12:05:30,,
2026-01-08 12:05:40,,
2026-01-08 12:05:50,,
2026-01-08 12:06:00,,
2026-01-08 12:06:10,,
2026-01-08 12:06:20,,
2026-01-08 12:06:30,,
2026-01-08 12:06:40,,
2026-01-08 12:06:50,,
2026-01-08 12:07:00,,
2026-01-08 12:07:10,,
2026-01-08 12:07:20,,
2026-01-08 12:07:30,,
2026-01-08 12:07:40,,
2026-01-08 12:07:50,,
2026-01-08 12:08:00,,
2026-01-08 12:08:10,,
2026-01-08 12:08:20,,
2026-01-08 12:08:30,,
2026-01-08 12:08:40,,
2026-01-08 12:08:50,,
2026-01-08 12:09:00,,
2026-01-08 12:09:10,,
2026-01-08 12:09:20,68.0,59.0
2026-01-08 12:09:30,,
2026-01-08 12:09:40,,
2026-01-08 12:09:50,,
2026-01-08 12:10:00,,
2026-01-08 12:10:10,,
2026-01-08 12:10:20,64.0,57.0
2026-01-08 12:10:30,,
2026-01-08 12:10:40,,
2026-01-08 12:10:50,,
2026-01-08 12:11:00,,
2026-01-08 12:11:10,,
2026-01-08 12:11:20,67.0,57.0
2026-01-08 12:11:30,,
2026-01-08 12:11:40,,
2026-01-08 12:11:50,,
2026-01-08 12:12:00,,
2026-01-08 12:12:10,,
2026-01-08 12:12:20,66.0,55.0
2026-01-08 12:12:30,,
2026-01-08 12:12:40,,
2026-01-08 12:12:50,,
2026-01-08 12:13:00,,
2026-01-08 12:13:10,,
2026-01-08 12:13:20,66.0,52.0
2026-01-08 12:13:30,,
2026-01-08 12:13:40,,
2026-01-08 12:13:50,,
2026-01-08 12:14:00,,
2026-01-08 12:14:10,,
2026-01-08 12:14:20,64.0,52.0
2026-01-08 12:14:30,,
2026-01-08 12:14:40,,
2026-01-08 12:14:50,,
2026-01-08 12:15:00,,
2026-01-08 12:15:10,,
2026-01-08 12:15:20,67.0,61.0
2026-01-08 12:15:30,,
2026-01-08 12:15:40,,
2026-01-08 12:15:50,,
2026-01-08 12:16:00,,
2026-01-08 12:16:10,,
2026-01-08 12:16:20,68.0,59.0
2026-01-08 12:16:30,,
2026-01-08 12:16:40,,
2026-01-08 12:16:50,,
2026-01-08 12:17:00,,
2026-01-08 12:17:10,,
2026-01-08 12:17:20,68.0,58.0
2026-01-08 12:17:30,,
2026-01-08 12:17:40,,
2026-01-08 12:17:50,,
2026-01-08 12:18:00,,
2026-01-08 12:18:10,,
2026-01-08 12:18:20,66.0,56.0
2026-01-08 12:18:30,,
2026-01-08 12:18:40,,
2026-01-08 12:18:50,,
2026-01-08 12:19:00,,
2026-01-08 12:19:10,,
2026-01-08 12:19:20,66.0,57.0
2026-01-08 12:19:30,,
2026-01-08 12:19:40,,
2026-01-08 12:19:50,,
2026-01-08 12:20:00,,
2026-01-08 12:20:10,,
2026-01-08 12:20:20,65.0,57.0
2026-01-08 12:20:30,,
2026-01-08 12:20:40,,
2026-01-08 12:20:50,,
2026-01-08 12:21:00,,
2026-01-08 12:21:10,,
2026-01-08 12:21:20,69.0,56.0
2026-01-08 12:21:30,,
2026-01-08 12:21:40,,
2026-01-08 12:21:50,,
2026-01-08 12:22:00,,
2026-01-08 12:22:10,,
2026-01-08 12:22:20,66.0,56.0
2026-01-08 12:22:30,,
2026-01-08 12:22:40,,
2026-01-08 12:22:50,,
2026-01-08 12:23:00,,
2026-01-08 12:23:10,,
2026-01-08 12:23:20,66.0,58.0
2026-01-08 12:23:30,,
2026-01-08 12:23:40,,
2026-01-08 12:23:50,,
2026-01-08 12:24:00,,
2026-01-08 12:24:10,,
2026-01-08 12:24:20,66.0,55.0
2026-01-08 12:24:30,,
2026-01-08 12:24:40,,
2026-01-08 12:24:50,,
2026-01-08 12:25:00,,
2026-01-08 12:25:10,,
2026-01-08 12:25:20,66.0,57.0
2026-01-08 12:25:30,,
2026-01-08 12:25:40,,
2026-01-08 12:25:50,,
2026-01-08 12:26:00,,
2026-01-08 12:26:10,,
2026-01-08 12:26:20,65.0,60.0
2026-01-08 12:26:30,,
2026-01-08 12:26:40,,
2026-01-08 12:26:50,,
2026-01-08 12:27:00,,
2026-01-08 12:27:10,,
2026-01-08 12:27:20,68.0,57.0
2026-01-08 12:27:30,,
2026-01-08 12:27:40,,
2026-01-08 12:27:50,,
2026-01-08 12:28:00,,
2026-01-08 12:28:10,,
2026-01-08 12:28:20,66.0,54.0
2026-01-08 12:28:30,,
2026-01-08 12:28:40,,
2026-01-08 12:28:50,,
2026-01-08 12:29:00,,
2026-01-08 12:29:10,,
2026-01-08 12:29:20,64.0,54.0
2026-01-08 12:29:30,,
2026-01-08 12:29:40,,
2026-01-08 12:29:50,,
2026-01-08 12:30:00,,
2026-01-08 12:30:10,,
2026-01-08 12:30:20,64.0,55.0
2026-01-08 12:30:30,,
2026-01-08 12:30:40,,
2026-01-08 12:30:50,,
2026-01-08 12:31:00,,
2026-01-08 12:31:10,,
2026-01-08 12:31:20,63.0,55.0
2026-01-08 12:31:30,,
2026-01-08 12:31:40,,
2026-01-08 12:31:50,,
2026-01-08 12:32:00,,
2026-01-08 12:32:10,,
2026-01-08 12:32:20,64.0,54.0
2026-01-08 12:32:30,,
2026-01-08 12:32:40,,
2026-01-08 12:32:50,,
2026-01-08 12:33:00,,
2026-01-08 12:33:10,,
2026-01-08 12:33:20,64.0,54.0
2026-01-08 12:33:30,,
2026-01-08 12:33:40,,
2026-01-08 12:33:50,,
2026-01-08 12:34:00,,
2026-01-08 12:34:10,,
2026-01-08 12:34:20,65.0,55.0
2026-01-08 12:34:30,,
2026-01-08 12:34:40,,
2026-01-08 12:34:50,,
2026-01-08 12:35:00,,
2026-01-08 12:35:10,,
2026-01-08 12:35:20,65.0,56.0
2026-01-08 12:35:30,,
2026-01-08 12:35:40,,
2026-01-08 12:35:50,,
2026-01-08 12:36:00,,
2026-01-08 12:36:10,,
2026-01-08 12:36:20,65.0,54.0
2026-01-08 12:36:30,,
2026-01-08 12:36:40,,
2026-01-08 12:36:50,,
2026-01-08 12:37:00,,
2026-01-08 12:37:10,,
2026-01-08 12:37:20,66.0,54.0
2026-01-08 12:37:30,,
2026-01-08 12:37:40,,
2026-01-08 12:37:50,,
2026-01-08 12:38:00,,
2026-01-08 12:38:10,,
2026-01-08 12:38:20,67.0,56.0
2026-01-08 12:38:30,,
2026-01-08 12:38:40,,
2026-01-08 12:38:50,,
2026-01-08 12:39:00,,
2026-01-08 12:39:10,,
2026-01-08 12:39:20,64.0,53.0
2026-01-08 12:39:30,,
2026-01-08 12:39:40,,
2026-01-08 12:39:50,,
2026-01-08 12:40:00,,
2026-01-08 12:40:10,,
2026-01-08 12:40:20,65.0,53.0
2026-01-08 12:40:30,,
2026-01-08 12:40:40,,
2026-01-08 12:40:50,,
2026-01-08 12:41:00,,
2026-01-08 12:41:10,,
2026-01-08 12:41:20,65.0,55.0
2026-01-08 12:41:30,,
2026-01-08 12:41:40,,
2026-01-08 12:41:50,,
2026-01-08 12:42:00,,
2026-01-08 12:42:10,,
2026-01-08 12:42:20,64.0,53.0
2026-01-08 12:42:30,,
2026-01-08 12:42:40,,
2026-01-08 12:42:50,,
2026-01-08 12:43:00,,
2026-01-08 12:43:10,,
2026-01-08 12:43:20,67.0,53.0
2026-01-08 12:43:30,,
2026-01-08 12:43:40,,
2026-01-08 12:43:50,,
2026-01-08 12:44:00,,
2026-01-08 12:44:10,,
2026-01-08 12:44:20,63.0,53.0
2026-01-08 12:44:30,,
2026-01-08 12:44:40,,
2026-01-08 12:44:50,,
2026-01-08 12:45:00,,
2026-01-08 12:45:10,,
2026-01-08 12:45:20,64.0,52.0
2026-01-08 12:45:30,,
2026-01-08 12:45:40,,
2026-01-08 12:45:50,,
2026-01-08 12:46:00,,
2026-01-08 12:46:10,,
2026-01-08 12:46:20,64.0,54.0
2026-01-08 12:46:30,,
2026-01-08 12:46:40,,
2026-01-08 12:46:50,,
2026-01-08 12:47:00,,
2026-01-08 12:47:10,,
2026-01-08 12:47:20,62.0,54.0
2026-01-08 12:47:30,,
2026-01-08 12:47:40,,
2026-01-08 12:47:50,,
2026-01-08 12:48:00,,
2026-01-08 12:48:10,,
2026-01-08 12:48:20,71.0,57.0
2026-01-08 12:48:30,,
2026-01-08 12:48:40,,
2026-01-08 12:48:50,,
2026-01-08 12:49:00,,
2026-01-08 12:49:10,,
2026-01-08 12:49:20,67.0,57.0
2026-01-08 12:49:30,,
2026-01-08 12:49:40,,
2026-01-08 12:49:50,,
2026-01-08 12:50:00,,
2026-01-08 12:50:10,,
2026-01-08 12:50:20,66.0,53.0
2026-01-08 12:50:30,,
2026-01-08 12:50:40,,
2026-01-08 12:50:50,,
2026-01-08 12:51:00,,
2026-01-08 12:51:10,,
2026-01-08 12:51:20,69.0,54.0
2026-01-08 12:51:30,,
2026-01-08 12:51:40,,
2026-01-08 12:51:50,,
2026-01-08 12:52:00,,
2026-01-08 12:52:10,,
2026-01-08 12:52:20,69.0,56.0
2026-01-08 12:52:30,,
2026-01-08 12:52:40,,
2026-01-08 12:52:50,,
2026-01-08 12:53:00,,
2026-01-08 12:53:10,,
2026-01-08 12:53:20,65.0,54.0
2026-01-08 12:53:30,,
2026-01-08 12:53:40,,
2026-01-08 12:53:50,,
2026-01-08 12:54:00,,
2026-01-08 12:54:10,,
2026-01-08 12:54:20,66.0,53.0
2026-01-08 12:54:30,,
2026-01-08 12:54:40,,
2026-01-08 12:54:50,,
2026-01-08 12:55:00,,
2026-01-08 12:55:10,,
2026-01-08 12:55:20,67.0,54.0
2026-01-08 12:55:30,,
2026-01-08 12:55:40,,
2026-01-08 12:55:50,,
2026-01-08 12:56:00,,
2026-01-08 12:56:10,,
2026-01-08 12:56:20,66.0,53.0
2026-01-08 12:56:30,,
2026-01-08 12:56:40,,
2026-01-08 12:56:50,,
2026-01-08 12:57:00,,
2026-01-08 12:57:10,,
2026-01-08 12:57:20,70.0,55.0
2026-01-08 12:57:30,,
2026-01-08 12:57:40,,
2026-01-08 12:57:50,,
2026-01-08 12:58:00,,
2026-01-08 12:58:10,,
2026-01-08 12:58:20,66.0,55.0
2026-01-08 12:58:30,,
2026-01-08 12:58:40,,
2026-01-08 12:58:50,,
2026-01-08 12:59:00,,
2026-01-08 12:59:10,,
2026-01-08 12:59:20,66.0,53.0
2026-01-08 12:59:30,,
2026-01-08 12:59:40,,
2026-01-08 12:59:50,,
2026-01-08 13:00:00,,
2026-01-08 13:00:10,,
2026-01-08 13:00:20,70.0,56.0
2026-01-08 13:00:30,,
2026-01-08 13:00:40,,
2026-01-08 13:00:50,,
2026-01-08 13:01:00,,
2026-01-08 13:01:10,,
2026-01-08 13:01:20,68.0,55.0
2026-01-08 13:01:30,,
2026-01-08 13:01:40,,
2026-01-08 13:01:50,,
2026-01-08 13:02:00,,
2026-01-08 13:02:10,,
2026-01-08 13:02:20,66.0,54.0
2026-01-08 13:02:30,,
2026-01-08 13:02:40,,
2026-01-08 13:02:50,,
2026-01-08 13:03:00,,
2026-01-08 13:03:10,,
2026-01-08 13:03:20,66.0,53.0
2026-01-08 13:03:30,,
2026-01-08 13:03:40,,
2026-01-08 13:03:50,,
2026-01-08 13:04:00,,
2026-01-08 13:04:10,,
2026-01-08 13:04:20,65.0,53.0
2026-01-08 13:04:30,,
2026-01-08 13:04:40,,
2026-01-08 13:04:50,,
2026-01-08 13:05:00,,
2026-01-08 13:05:10,,
2026-01-08 13:05:20,66.0,52.0
2026-01-08 13:05:30,,
2026-01-08 13:05:40,,
2026-01-08 13:05:50,,
2026-01-08 13:06:00,,
2026-01-08 13:06:10,,
2026-01-08 13:06:20,68.0,53.0
2026-01-08 13:06:30,,
2026-01-08 13:06:40,,
2026-01-08 13:06:50,,
2026-01-08 13:07:00,,
2026-01-08 13:07:10,,
2026-01-08 13:07:20,64.0,54.0
2026-01-08 13:07:30,,
2026-01-08 13:07:40,,
2026-01-08 13:07:50,,
2026-01-08 13:08:00,,
2026-01-08 13:08:10,,
2026-01-08 13:08:20,65.0,54.0
2026-01-08 13:08:30,,
2026-01-08 13:08:40,,
2026-01-08 13:08:50,,
2026-01-08 13:09:00,,
2026-01-08 13:09:10,,
2026-01-08 13:09:20,66.0,53.0
2026-01-08 13:09:30,,
2026-01-08 13:09:40,,
2026-01-08 13:09:50,,
2026-01-08 13:10:00,,
2026-01-08 13:10:10,,
2026-01-08 13:10:20,65.0,55.0
2026-01-08 13:10:30,,
2026-01-08 13:10:40,,
2026-01-08 13:10:50,,
2026-01-08 13:11:00,,
2026-01-08 13:11:10,,
2026-01-08 13:11:20,65.0,55.0
2026-01-08 13:11:30,,
2026-01-08 13:11:40,,
2026-01-08 13:11:50,,
2026-01-08 13:12:00,,
2026-01-08 13:12:10,,
2026-01-08 13:12:20,68.0,53.0
2026-01-08 13:12:30,,
2026-01-08 13:12:40,,
2026-01-08 13:12:50,,
2026-01-08 13:13:00,,
2026-01-08 13:13:10,,
2026-01-08 13:13:20,67.0,53.0
2026-01-08 13:13:30,,
2026-01-08 13:13:40,,
2026-01-08 13:13:50,,
2026-01-08 13:14:00,,
2026-01-08 13:14:10,,
2026-01-08 13:14:20,66.0,52.0
2026-01-08 13:14:30,,
2026-01-08 13:14:40,,
2026-01-08 13:14:50,,
2026-01-08 13:15:00,,
2026-01-08 13:15:10,,
2026-01-08 13:15:20,67.0,54.0
2026-01-08 13:15:30,,
2026-01-08 13:15:40,,
2026-01-08 13:15:50,,
2026-01-08 13:16:00,,
2026-01-08 13:16:10,,
2026-01-08 13:16:20,67.0,57.0
2026-01-08 13:16:30,,
2026-01-08 13:16:40,,
2026-01-08 13:16:50,,
2026-01-08 13:17:00,,
2026-01-08 13:17:10,,
2026-01-08 13:17:20,71.0,59.0
2026-01-08 13:17:30,,
2026-01-08 13:17:40,,
2026-01-08 13:17:50,,
2026-01-08 13:18:00,,
2026-01-08 13:18:10,,
2026-01-08 13:18:20,69.0,60.0
2026-01-08 13:18:30,,
2026-01-08 13:18:40,,
2026-01-08 13:18:50,,
2026-01-08 13:19:00,,
2026-01-08 13:19:10,,
2026-01-08 13:19:20,66.0,59.0
2026-01-08 13:19:30,,
2026-01-08 13:19:40,,
2026-01-08 13:19:50,,
2026-01-08 13:20:00,,
2026-01-08 13:20:10,,
2026-01-08 13:20:20,69.0,59.0
2026-01-08 13:20:30,,
2026-01-08 13:20:40,,
2026-01-08 13:20:50,,
2026-01-08 13:21:00,,
2026-01-08 13:21:10,,
2026-01-08 13:21:20,66.0,55.0
2026-01-08 13:21:30,,
2026-01-08 13:21:40,,
2026-01-08 13:21:50,,
2026-01-08 13:22:00,,
2026-01-08 13:22:10,,
2026-01-08 13:22:20,66.0,54.0
2026-01-08 13:22:30,,
2026-01-08 13:22:40,,
2026-01-08 13:22:50,,
2026-01-08 13:23:00,,
2026-01-08 13:23:10,,
2026-01-08 13:23:20,67.0,57.0
2026-01-08 13:23:30,,
2026-01-08 13:23:40,,
2026-01-08 13:23:50,,
2026-01-08 13:24:00,,
2026-01-08 13:24:10,,
2026-01-08 13:24:20,65.0,55.0
2026-01-08 13:24:30,,
2026-01-08 13:24:40,,
2026-01-08 13:24:50,,
2026-01-08 13:25:00,,
2026-01-08 13:25:10,,
2026-01-08 13:25:20,66.0,55.0
2026-01-08 13:25:30,,
2026-01-08 13:25:40,,
2026-01-08 13:25:50,,
2026-01-08 13:26:00,,
2026-01-08 13:26:10,,
2026-01-08 13:26:20,67.0,53.0
2026-01-08 13:26:30,,
2026-01-08 13:26:40,,
2026-01-08 13:26:50,,
2026-01-08 13:27:00,,
2026-01-08 13:27:10,,
2026-01-08 13:27:20,68.0,56.0
2026-01-08 13:27:30,,
2026-01-08 13:27:40,,
2026-01-08 13:27:50,,
2026-01-08 13:28:00,,
2026-01-08 13:28:10,,
2026-01-08 13:28:20,67.0,54.0
2026-01-08 13:28:30,,
2026-01-08 13:28:40,,
2026-01-08 13:28:50,,
2026-01-08 13:29:00,,
2026-01-08 13:29:10,,
2026-01-08 13:29:20,67.0,57.0
2026-01-08 13:29:30,,
2026-01-08 13:29:40,,
2026-01-08 13:29:50,,
2026-01-08 13:30:00,,
2026-01-08 13:30:10,,
2026-01-08 13:30:20,64.0,55.0
2026-01-08 13:30:30,,
2026-01-08 13:30:40,,
2026-01-08 13:30:50,,
2026-01-08 13:31:00,,
2026-01-08 13:31:10,,
2026-01-08 13:31:20,68.0,55.0
2026-01-08 13:31:30,,
2026-01-08 13:31:40,,
2026-01-08 13:31:50,,
2026-01-08 13:32:00,,
2026-01-08 13:32:10,,
2026-01-08 13:32:20,65.0,55.0
2026-01-08 13:32:30,,
2026-01-08 13:32:40,,
2026-01-08 13:32:50,,
2026-01-08 13:33:00,,
2026-01-08 13:33:10,,
2026-01-08 13:33:20,66.0,58.0
2026-01-08 13:33:30,,
2026-01-08 13:33:40,,
2026-01-08 13:33:50,,
2026-01-08 13:34:00,,
2026-01-08 13:34:10,,
2026-01-08 13:34:20,73.0,61.0
2026-01-08 13:34:30,,
2026-01-08 13:34:40,,
2026-01-08 13:34:50,,
2026-01-08 13:35:00,,
2026-01-08 13:35:10,,
2026-01-08 13:35:20,70.0,57.0
2026-01-08 13:35:30,,
2026-01-08 13:35:40,,
2026-01-08 13:35:50,,
2026-01-08 13:36:00,,
2026-01-08 13:36:10,,
2026-01-08 13:36:20,68.0,58.0
2026-01-08 13:36:30,,
2026-01-08 13:36:40,,
2026-01-08 13:36:50,,
2026-01-08 13:37:00,,
2026-01-08 13:37:10,,
2026-01-08 13:37:20,66.0,57.0
2026-01-08 13:37:30,,
2026-01-08 13:37:40,,
2026-01-08 13:37:50,,
2026-01-08 13:38:00,,
2026-01-08 13:38:10,,
2026-01-08 13:38:20,63.0,55.0
2026-01-08 13:38:30,,
2026-01-08 13:38:40,,
2026-01-08 13:38:50,,
2026-01-08 13:39:00,,
2026-01-08 13:39:10,,
2026-01-08 13:39:20,65.0,55.0
2026-01-08 13:39:30,,
2026-01-08 13:39:40,,
2026-01-08 13:39:50,,
2026-01-08 13:40:00,,
2026-01-08 13:40:10,,
2026-01-08 13:40:20,68.0,56.0
2026-01-08 13:40:30,,
2026-01-08 13:40:40,,
2026-01-08 13:40:50,,
2026-01-08 13:41:00,,
2026-01-08 13:41:10,,
2026-01-08 13:41:20,66.0,56.0
2026-01-08 13:41:30,,
2026-01-08 13:41:40,,
2026-01-08 13:41:50,,
2026-01-08 13:42:00,,
2026-01-08 13:42:10,,
2026-01-08 13:42:20,65.0,55.0
2026-01-08 13:42:30,,
2026-01-08 13:42:40,,
2026-01-08 13:42:50,,
2026-01-08 13:43:00,,
2026-01-08 13:43:10,,
2026-01-08 13:43:20,66.0,56.0
2026-01-08 13:43:30,,
2026-01-08 13:43:40,,
2026-01-08 13:43:50,,
2026-01-08 13:44:00,,
2026-01-08 13:44:10,,
2026-01-08 13:44:20,65.0,53.0
2026-01-08 13:44:30,,
2026-01-08 13:44:40,,
2026-01-08 13:44:50,,
2026-01-08 13:45:00,,
2026-01-08 13:45:10,,
2026-01-08 13:45:20,71.0,56.0
2026-01-08 13:45:30,,
2026-01-08 13:45:40,,
2026-01-08 13:45:50,,
2026-01-08 13:46:00,,
2026-01-08 13:46:10,,
2026-01-08 13:46:20,69.0,59.0
2026-01-08 13:46:30,,
2026-01-08 13:46:40,,
2026-01-08 13:46:50,,
2026-01-08 13:47:00,,
2026-01-08 13:47:10,,
2026-01-08 13:47:20,71.0,60.0
2026-01-08 13:47:30,,
2026-01-08 13:47:40,,
2026-01-08 13:47:50,,
2026-01-08 13:48:00,,
2026-01-08 13:48:10,,
2026-01-08 13:48:20,69.0,62.0
2026-01-08 13:48:30,,
2026-01-08 13:48:40,,
2026-01-08 13:48:50,,
2026-01-08 13:49:00,,
2026-01-08 13:49:10,,
2026-01-08 13:49:20,70.0,62.0
2026-01-08 13:49:30,,
2026-01-08 13:49:40,,
2026-01-08 13:49:50,,
2026-01-08 13:50:00,,
2026-01-08 13:50:10,,
2026-01-08 13:50:20,70.0,59.0
2026-01-08 13:50:30,,
2026-01-08 13:50:40,,
2026-01-08 13:50:50,,
2026-01-08 13:51:00,,
2026-01-08 13:51:10,,
2026-01-08 13:51:20,66.0,58.0
2026-01-08 13:51:30,,
2026-01-08 13:51:40,,
2026-01-08 13:51:50,,
2026-01-08 13:52:00,,
2026-01-08 13:52:10,,
2026-01-08 13:52:20,63.0,57.0
2026-01-08 13:52:30,,
2026-01-08 13:52:40,,
2026-01-08 13:52:50,,
2026-01-08 13:53:00,,
2026-01-08 13:53:10,,
2026-01-08 13:53:20,66.0,56.0
2026-01-08 13:53:30,,
2026-01-08 13:53:40,,
2026-01-08 13:53:50,,
2026-01-08 13:54:00,,
2026-01-08 13:54:10,,
2026-01-08 13:54:20,67.0,59.0
2026-01-08 13:54:30,,
2026-01-08 13:54:40,,
2026-01-08 13:54:50,,
2026-01-08 13:55:00,,
2026-01-08 13:55:10,,
2026-01-08 13:55:20,67.0,61.0
2026-01-08 13:55:30,,
2026-01-08 13:55:40,,
2026-01-08 13:55:50,,
2026-01-08 13:56:00,,
2026-01-08 13:56:10,,
2026-01-08 13:56:20,70.0,61.0
2026-01-08 13:56:30,,
2026-01-08 13:56:40,,
2026-01-08 13:56:50,,
2026-01-08 13:57:00,,
2026-01-08 13:57:10,,
2026-01-08 13:57:20,69.0,64.0
2026-01-08 13:57:30,,
2026-01-08 13:57:40,,
2026-01-08 13:57:50,,
2026-01-08 13:58:00,,
2026-01-08 13:58:10,,
2026-01-08 13:58:20,71.0,63.0
2026-01-08 13:58:30,,
2026-01-08 13:58:40,,
2026-01-08 13:58:50,,
2026-01-08 13:59:00,,
2026-01-08 13:59:10,,
2026-01-08 13:59:20,69.0,61.0
2026-01-08 13:59:30,,
2026-01-08 13:59:40,,
2026-01-08 13:59:50,,
2026-01-08 14:00:00,,
2026-01-08 14:00:10,,
2026-01-08 14:00:20,63.0,63.0
2026-01-08 14:00:30,,
2026-01-08 14:00:40,,
2026-01-08 14:00:50,,
2026-01-08 14:01:00,,
2026-01-08 14:01:10,,
2026-01-08 14:01:20,65.0,61.0
2026-01-08 14:01:30,,
2026-01-08 14:01:40,,
2026-01-08 14:01:50,,
2026-01-08 14:02:00,,
2026-01-08 14:02:10,,
2026-01-08 14:02:20,68.0,58.0
2026-01-08 14:02:30,,
2026-01-08 14:02:40,,
2026-01-08 14:02:50,,
2026-01-08 14:03:00,,
2026-01-08 14:03:10,,
2026-01-08 14:03:20,67.0,60.0
2026-01-08 14:03:30,,
2026-01-08 14:03:40,,
2026-01-08 14:03:50,,
2026-01-08 14:04:00,,
2026-01-08 14:04:10,,
2026-01-08 14:04:20,67.0,60.0
2026-01-08 14:04:30,,
2026-01-08 14:04:40,,
2026-01-08 14:04:50,,
2026-01-08 14:05:00,,
2026-01-08 14:05:10,,
2026-01-08 14:05:20,66.0,62.0
2026-01-08 14:05:30,,
2026-01-08 14:05:40,,
2026-01-08 14:05:50,,
2026-01-08 14:06:00,,
2026-01-08 14:06:10,,
2026-01-08 14:06:20,66.0,60.0
2026-01-08 14:06:30,,
2026-01-08 14:06:40,,
2026-01-08 14:06:50,,
2026-01-08 14:07:00,,
2026-01-08 14:07:10,,
2026-01-08 14:07:20,65.0,60.0
2026-01-08 14:07:30,,
2026-01-08 14:07:40,,
2026-01-08 14:07:50,,
2026-01-08 14:08:00,,
2026-01-08 14:08:10,,
2026-01-08 14:08:20,62.0,60.0
2026-01-08 14:08:30,,
2026-01-08 14:08:40,,
2026-01-08 14:08:50,,
2026-01-08 14:09:00,,
2026-01-08 14:09:10,,
2026-01-08 14:09:20,60.0,60.0
2026-01-08 14:09:30,,
2026-01-08 14:09:40,,
2026-01-08 14:09:50,,
2026-01-08 14:10:00,,
2026-01-08 14:10:10,,
2026-01-08 14:10:20,66.0,58.0
2026-01-08 14:10:30,,
2026-01-08 14:10:40,,
2026-01-08 14:10:50,,
2026-01-08 14:11:00,,
2026-01-08 14:11:10,,
2026-01-08 14:11:20,65.0,60.0
2026-01-08 14:11:30,,
2026-01-08 14:11:40,,
2026-01-08 14:11:50,,
2026-01-08 14:12:00,,
2026-01-08 14:12:10,,
2026-01-08 14:12:20,66.0,59.0
2026-01-08 14:12:30,,
2026-01-08 14:12:40,,
2026-01-08 14:12:50,,
2026-01-08 14:13:00,,
2026-01-08 14:13:10,,
2026-01-08 14:13:20,66.0,61.0
2026-01-08 14:13:30,,
2026-01-08 14:13:40,,
2026-01-08 14:13:50,,
2026-01-08 14:14:00,,
2026-01-08 14:14:10,,
2026-01-08 14:14:20,66.0,64.0
2026-01-08 14:14:30,,
2026-01-08 14:14:40,,
2026-01-08 14:14:50,,
2026-01-08 14:15:00,,
2026-01-08 14:15:10,,
2026-01-08 14:15:20,67.0,63.0
2026-01-08 14:15:30,,
2026-01-08 14:15:40,,
2026-01-08 14:15:50,,
2026-01-08 14:16:00,,
2026-01-08 14:16:10,,
2026-01-08 14:16:20,68.0,62.0
2026-01-08 14:16:30,,
2026-01-08 14:16:40,,
2026-01-08 14:16:50,,
2026-01-08 14:17:00,,
2026-01-08 14:17:10,,
2026-01-08 14:17:20,62.0,59.0
2026-01-08 14:17:30,,
2026-01-08 14:17:40,,
2026-01-08 14:17:50,,
2026-01-08 14:18:00,,
2026-01-08 14:18:10,,
2026-01-08 14:18:20,61.0,59.0
2026-01-08 14:18:30,,
2026-01-08 14:18:40,,
2026-01-08 14:18:50,,
2026-01-08 14:19:00,,
2026-01-08 14:19:10,,
2026-01-08 14:19:20,64.0,61.0
2026-01-08 14:19:30,,
2026-01-08 14:19:40,,
2026-01-08 14:19:50,,
2026-01-08 14:20:00,,
2026-01-08 14:20:10,,
2026-01-08 14:20:20,66.0,61.0
2026-01-08 14:20:30,,
2026-01-08 14:20:40,,
2026-01-08 14:20:50,,
2026-01-08 14:21:00,,
2026-01-08 14:21:10,,
2026-01-08 14:21:20,64.0,61.0
2026-01-08 14:21:30,,
2026-01-08 14:21:40,,
2026-01-08 14:21:50,,
2026-01-08 14:22:00,,
2026-01-08 14:22:10,,
2026-01-08 14:22:20,67.0,60.0
2026-01-08 14:22:30,,
2026-01-08 14:22:40,,
2026-01-08 14:22:50,,
2026-01-08 14:23:00,,
2026-01-08 14:23:10,,
2026-01-08 14:23:20,63.0,57.0
2026-01-08 14:23:30,,
2026-01-08 14:23:40,,
2026-01-08 14:23:50,,
2026-01-08 14:24:00,,
2026-01-08 14:24:10,,
2026-01-08 14:24:20,62.0,57.0
2026-01-08 14:24:30,,
2026-01-08 14:24:40,,
2026-01-08 14:24:50,,
2026-01-08 14:25:00,,
2026-01-08 14:25:10,,
2026-01-08 14:25:20,63.0,57.0
2026-01-08 14:25:30,,
2026-01-08 14:25:40,,
2026-01-08 14:25:50,,
2026-01-08 14:26:00,,
2026-01-08 14:26:10,,
2026-01-08 14:26:20,60.0,58.0
2026-01-08 14:26:30,,
2026-01-08 14:26:40,,
2026-01-08 14:26:50,,
2026-01-08 14:27:00,,
2026-01-08 14:27:10,,
2026-01-08 14:27:20,68.0,59.0
2026-01-08 14:27:30,,
2026-01-08 14:27:40,,
2026-01-08 14:27:50,,
2026-01-08 14:28:00,,
2026-01-08 14:28:10,,
2026-01-08 14:28:20,66.0,56.0
2026-01-08 14:28:30,,
2026-01-08 14:28:40,,
2026-01-08 14:28:50,,
2026-01-08 14:29:00,,
2026-01-08 14:29:10,,
2026-01-08 14:29:20,63.0,57.0
2026-01-08 14:29:30,,
2026-01-08 14:29:40,,
2026-01-08 14:29:50,,
2026-01-08 14:30:00,,
2026-01-08 14:30:10,,
2026-01-08 14:30:20,62.0,58.0
2026-01-08 14:30:30,,
2026-01-08 14:30:40,,
2026-01-08 14:30:50,,
2026-01-08 14:31:00,,
2026-01-08 14:31:10,,
2026-01-08 14:31:20,63.0,55.0
2026-01-08 14:31:30,,
2026-01-08 14:31:40,,
2026-01-08 14:31:50,,
2026-01-08 14:32:00,,
2026-01-08 14:32:10,,
2026-01-08 14:32:20,62.0,56.0
2026-01-08 14:32:30,,
2026-01-08 14:32:40,,
2026-01-08 14:32:50,,
2026-01-08 14:33:00,,
2026-01-08 14:33:10,,
2026-01-08 14:33:20,61.0,57.0
2026-01-08 14:33:30,,
2026-01-08 14:33:40,,
2026-01-08 14:33:50,,
2026-01-08 14:34:00,,
2026-01-08 14:34:10,,
2026-01-08 14:34:20,60.0,56.0
2026-01-08 14:34:30,,
2026-01-08 14:34:40,,
2026-01-08 14:34:50,,
2026-01-08 14:35:00,,
2026-01-08 14:35:10,,
2026-01-08 14:35:20,66.0,56.0
2026-01-08 14:35:30,,
2026-01-08 14:35:40,,
2026-01-08 14:35:50,,
2026-01-08 14:36:00,,
2026-01-08 14:36:10,,
2026-01-08 14:36:20,63.0,56.0
2026-01-08 14:36:30,,
2026-01-08 14:36:40,,
2026-01-08 14:36:50,,
2026-01-08 14:37:00,,
2026-01-08 14:37:10,,
2026-01-08 14:37:20,62.0,57.0
2026-01-08 14:37:30,,
2026-01-08 14:37:40,,
2026-01-08 14:37:50,,
2026-01-08 14:38:00,,
2026-01-08 14:38:10,,
2026-01-08 14:38:20,62.0,55.0
2026-01-08 14:38:30,,
2026-01-08 14:38:40,,
2026-01-08 14:38:50,,
2026-01-08 14:39:00,,
2026-01-08 14:39:10,,
2026-01-08 14:39:20,63.0,57.0
2026-01-08 14:39:30,,
2026-01-08 14:39:40,,
2026-01-08 14:39:50,,
2026-01-08 14:40:00,,
2026-01-08 14:40:10,,
2026-01-08 14:40:20,65.0,56.0
2026-01-08 14:40:30,,
2026-01-08 14:40:40,,
2026-01-08 14:40:50,,
2026-01-08 14:41:00,,
2026-01-08 14:41:10,,
2026-01-08 14:41:20,62.0,55.0
2026-01-08 14:41:30,,
2026-01-08 14:41:40,,
2026-01-08 14:41:50,,
2026-01-08 14:42:00,,
2026-01-08 14:42:10,,
2026-01-08 14:42:20,62.0,56.0
2026-01-08 14:42:30,,
2026-01-08 14:42:40,,
2026-01-08 14:42:50,,
2026-01-08 14:43:00,,
2026-01-08 14:43:10,,
2026-01-08 14:43:20,67.0,57.0
2026-01-08 14:43:30,,
2026-01-08 14:43:40,,
2026-01-08 14:43:50,,
2026-01-08 14:44:00,,
2026-01-08 14:44:10,,
2026-01-08 14:44:20,68.0,55.0
2026-01-08 14:44:30,,
2026-01-08 14:44:40,,
2026-01-08 14:44:50,,
2026-01-08 14:45:00,,
2026-01-08 14:45:10,,
2026-01-08 14:45:20,62.0,56.0
2026-01-08 14:45:30,,
2026-01-08 14:45:40,,
2026-01-08 14:45:50,,
2026-01-08 14:46:00,,
2026-01-08 14:46:10,,
2026-01-08 14:46:20,63.0,56.0
2026-01-08 14:46:30,,
2026-01-08 14:46:40,,
2026-01-08 14:46:50,,
2026-01-08 14:47:00,,
2026-01-08 14:47:10,,
2026-01-08 14:47:20,64.0,56.0
2026-01-08 14:47:30,,
2026-01-08 14:47:40,,
2026-01-08 14:47:50,,
2026-01-08 14:48:00,,
2026-01-08 14:48:10,,
2026-01-08 14:48:20,64.0,53.0
2026-01-08 14:48:30,,
2026-01-08 14:48:40,,
2026-01-08 14:48:50,,
2026-01-08 14:49:00,,
2026-01-08 14:49:10,,
2026-01-08 14:49:20,61.0,53.0
2026-01-08 14:49:30,,
2026-01-08 14:49:40,,
2026-01-08 14:49:50,,
2026-01-08 14:50:00,,
2026-01-08 14:50:10,,
2026-01-08 14:50:20,61.0,51.0
2026-01-08 14:50:30,,
2026-01-08 14:50:40,,
2026-01-08 14:50:50,,
2026-01-08 14:51:00,,
2026-01-08 14:51:10,,
2026-01-08 14:51:20,63.0,51.0
2026-01-08 14:51:30,,
2026-01-08 14:51:40,,
2026-01-08 14:51:50,,
2026-01-08 14:52:00,,
2026-01-08 14:52:10,,
2026-01-08 14:52:20,62.0,50.0
2026-01-08 14:52:30,,
2026-01-08 14:52:40,,
2026-01-08 14:52:50,,
2026-01-08 14:53:00,,
2026-01-08 14:53:10,,
2026-01-08 14:53:20,64.0,56.0
2026-01-08 14:53:30,,
2026-01-08 14:53:40,,
2026-01-08 14:53:50,,
2026-01-08 14:54:00,,
2026-01-08 14:54:10,,
2026-01-08 14:54:20,60.0,54.0
2026-01-08 14:54:30,,
2026-01-08 14:54:40,,
2026-01-08 14:54:50,,
2026-01-08 14:55:00,,
2026-01-08 14:55:10,,
2026-01-08 14:55:20,62.0,55.0
2026-01-08 14:55:30,,
2026-01-08 14:55:40,,
2026-01-08 14:55:50,,
2026-01-08 14:56:00,,
2026-01-08 14:56:10,,
2026-01-08 14:56:20,62.0,52.0
2026-01-08 14:56:30,,
2026-01-08 14:56:40,,
2026-01-08 14:56:50,,
2026-01-08 14:57:00,,
2026-01-08 14:57:10,,
2026-01-08 14:57:20,64.0,54.0
2026-01-08 14:57:30,,
2026-01-08 14:57:40,,
2026-01-08 14:57:50,,
2026-01-08 14:58:00,,
2026-01-08 14:58:10,,
2026-01-08 14:58:20,61.0,52.0
2026-01-08 14:58:30,,
2026-01-08 14:58:40,,
2026-01-08 14:58:50,,
2026-01-08 14:59:00,,
2026-01-08 14:59:10,,
2026-01-08 14:59:20,60.0,53.0
2026-01-08 14:59:30,,
2026-01-08 14:59:40,,
2026-01-08 14:59:50,,
2026-01-08 15:00:00,,
2026-01-08 15:00:10,,
2026-01-08 15:00:20,63.0,51.0
2026-01-08 15:00:30,,
2026-01-08 15:00:40,,
2026-01-08 15:00:50,,
2026-01-08 15:01:00,,
2026-01-08 15:01:10,,
2026-01-08 15:01:20,61.0,52.0
2026-01-08 15:01:30,,
2026-01-08 15:01:40,,
2026-01-08 15:01:50,,
2026-01-08 15:02:00,,
2026-01-08 15:02:10,,
2026-01-08 15:02:20,67.0,58.0
2026-01-08 15:02:30,,
2026-01-08 15:02:40,,
2026-01-08 15:02:50,,
2026-01-08 15:03:00,,
2026-01-08 15:03:10,,
2026-01-08 15:03:20,67.0,58.0
2026-01-08 15:03:30,,
2026-01-08 15:03:40,,
2026-01-08 15:03:50,,
2026-01-08 15:04:00,,
2026-01-08 15:04:10,,
2026-01-08 15:04:20,68.0,58.0
2026-01-08 15:04:30,,
2026-01-08 15:04:40,,
2026-01-08 15:04:50,,
2026-01-08 15:05:00,,
2026-01-08 15:05:10,,
2026-01-08 15:05:20,66.0,55.0
2026-01-08 15:05:30,,
2026-01-08 15:05:40,,
2026-01-08 15:05:50,,
2026-01-08 15:06:00,,
2026-01-08 15:06:10,,
2026-01-08 15:06:20,67.0,57.0
2026-01-08 15:06:30,,
2026-01-08 15:06:40,,
2026-01-08 15:06:50,,
2026-01-08 15:07:00,,
2026-01-08 15:07:10,,
2026-01-08 15:07:20,67.0,57.0
2026-01-08 15:07:30,,
2026-01-08 15:07:40,,
2026-01-08 15:07:50,,
2026-01-08 15:08:00,,
2026-01-08 15:08:10,,
2026-01-08 15:08:20,67.0,54.0
2026-01-08 15:08:30,,
2026-01-08 15:08:40,,
2026-01-08 15:08:50,,
2026-01-08 15:09:00,,
2026-01-08 15:09:10,,
2026-01-08 15:09:20,69.0,55.0
2026-01-08 15:09:30,,
2026-01-08 15:09:40,,
2026-01-08 15:09:50,,
2026-01-08 15:10:00,,
2026-01-08 15:10:10,,
2026-01-08 15:10:20,66.0,55.0
2026-01-08 15:10:30,,
2026-01-08 15:10:40,,
2026-01-08 15:10:50,,
2026-01-08 15:11:00,,
2026-01-08 15:11:10,,
2026-01-08 15:11:20,67.0,53.0
2026-01-08 15:11:30,,
2026-01-08 15:11:40,,
2026-01-08 15:11:50,,
2026-01-08 15:12:00,,
2026-01-08 15:12:10,,
2026-01-08 15:12:20,71.0,55.0
2026-01-08 15:12:30,,
2026-01-08 15:12:40,,
2026-01-08 15:12:50,,
2026-01-08 15:13:00,,
2026-01-08 15:13:10,,
2026-01-08 15:13:20,70.0,56.0
2026-01-08 15:13:30,,
2026-01-08 15:13:40,,
2026-01-08 15:13:50,,
2026-01-08 15:14:00,,
2026-01-08 15:14:10,,
2026-01-08 15:14:20,69.0,54.0
2026-01-08 15:14:30,,
2026-01-08 15:14:40,,
2026-01-08 15:14:50,,
2026-01-08 15:15:00,,
2026-01-08 15:15:10,,
2026-01-08 15:15:20,69.0,54.0
2026-01-08 15:15:30,,
2026-01-08 15:15:40,,
2026-01-08 15:15:50,,
2026-01-08 15:16:00,,
2026-01-08 15:16:10,,
2026-01-08 15:16:20,70.0,56.0
2026-01-08 15:16:30,,
2026-01-08 15:16:40,,
2026-01-08 15:16:50,,
2026-01-08 15:17:00,,
2026-01-08 15:17:10,,
2026-01-08 15:17:20,68.0,55.0
2026-01-08 15:17:30,,
2026-01-08 15:17:40,,
2026-01-08 15:17:50,,
2026-01-08 15:18:00,,
2026-01-08 15:18:10,,
2026-01-08 15:18:20,67.0,54.0
2026-01-08 15:18:30,,
2026-01-08 15:18:40,,
2026-01-08 15:18:50,,
2026-01-08 15:19:00,,
2026-01-08 15:19:10,,
2026-01-08 15:19:20,68.0,52.0
2026-01-08 15:19:30,,
2026-01-08 15:19:40,,
2026-01-08 15:19:50,,
2026-01-08 15:20:00,,
2026-01-08 15:20:10,,
2026-01-08 15:20:20,71.0,55.0
2026-01-08 15:20:30,,
2026-01-08 15:20:40,,
2026-01-08 15:20:50,,
2026-01-08 15:21:00,,
2026-01-08 15:21:10,,
2026-01-08 15:21:20,70.0,54.0
2026-01-08 15:21:30,,
2026-01-08 15:21:40,,
2026-01-08 15:21:50,,
2026-01-08 15:22:00,,
2026-01-08 15:22:10,,
2026-01-08 15:22:20,69.0,56.0
2026-01-08 15:22:30,,
2026-01-08 15:22:40,,
2026-01-08 15:22:50,,
2026-01-08 15:23:00,,
2026-01-08 15:23:10,,
2026-01-08 15:23:20,69.0,53.0
2026-01-08 15:23:30,,
2026-01-08 15:23:40,,
2026-01-08 15:23:50,,
2026-01-08 15:24:00,,
2026-01-08 15:24:10,,
2026-01-08 15:24:20,68.0,56.0
2026-01-08 15:24:30,,
2026-01-08 15:24:40,,
2026-01-08 15:24:50,,
2026-01-08 15:25:00,,
2026-01-08 15:25:10,,
2026-01-08 15:25:20,67.0,56.0
2026-01-08 15:25:30,,
2026-01-08 15:25:40,,
2026-01-08 15:25:50,,
2026-01-08 15:26:00,,
2026-01-08 15:26:10,,
2026-01-08 15:26:20,67.0,55.0
2026-01-08 15:26:30,,
2026-01-08 15:26:40,,
2026-01-08 15:26:50,,
2026-01-08 15:27:00,,
2026-01-08 15:27:10,,
2026-01-08 15:27:20,67.0,53.0
2026-01-08 15:27:30,,
2026-01-08 15:27:40,,
2026-01-08 15:27:50,,
2026-01-08 15:28:00,,
2026-01-08 15:28:10,,
2026-01-08 15:28:20,67.0,59.0
2026-01-08 15:28:30,,
2026-01-08 15:28:40,,
2026-01-08 15:28:50,,
2026-01-08 15:29:00,,
2026-01-08 15:29:10,,
2026-01-08 15:29:20,68.0,56.0
2026-01-08 15:29:30,,
2026-01-08 15:29:40,,
2026-01-08 15:29:50,,
2026-01-08 15:30:00,,
2026-01-08 15:30:10,,
2026-01-08 15:30:20,70.0,55.0
2026-01-08 15:30:30,,
2026-01-08 15:30:40,,
2026-01-08 15:30:50,,
2026-01-08 15:31:00,,
2026-01-08 15:31:10,,
2026-01-08 15:31:20,67.0,55.0
2026-01-08 15:31:30,,
2026-01-08 15:31:40,,
2026-01-08 15:31:50,,
2026-01-08 15:32:00,,
2026-01-08 15:32:10,,
2026-01-08 15:32:20,67.0,55.0
2026-01-08 15:32:30,,
2026-01-08 15:32:40,,
2026-01-08 15:32:50,,
2026-01-08 15:33:00,,
2026-01-08 15:33:10,,
2026-01-08 15:33:20,66.0,52.0
2026-01-08 15:33:30,,
2026-01-08 15:33:40,,
2026-01-08 15:33:50,,
2026-01-08 15:34:00,,
2026-01-08 15:34:10,,
2026-01-08 15:34:20,67.0,55.0
2026-01-08 15:34:30,,
2026-01-08 15:34:40,,
2026-01-08 15:34:50,,
2026-01-08 15:35:00,,
2026-01-08 15:35:10,,
2026-01-08 15:35:20,65.0,55.0
2026-01-08 15:35:30,,
2026-01-08 15:35:40,,
2026-01-08 15:35:50,,
2026-01-08 15:36:00,,
2026-01-08 15:36:10,,
2026-01-08 15:36:20,66.0,58.0
2026-01-08 15:36:30,,
2026-01-08 15:36:40,,
2026-01-08 15:36:50,,
2026-01-08 15:37:00,,
2026-01-08 15:37:10,,
2026-01-08 15:37:20,67.0,55.0
2026-01-08 15:37:30,,
2026-01-08 15:37:40,,
2026-01-08 15:37:50,,
2026-01-08 15:38:00,,
2026-01-08 15:38:10,,
2026-01-08 15:38:20,66.0,56.0
2026-01-08 15:38:30,,
2026-01-08 15:38:40,,
2026-01-08 15:38:50,,
2026-01-08 15:39:00,,
2026-01-08 15:39:10,,
2026-01-08 15:39:20,66.0,53.0
2026-01-08 15:39:30,,
2026-01-08 15:39:40,,
2026-01-08 15:39:50,,
2026-01-08 15:40:00,,
2026-01-08 15:40:10,,
2026-01-08 15:40:20,67.0,52.0
2026-01-08 15:40:30,,
2026-01-08 15:40:40,,
2026-01-08 15:40:50,,
2026-01-08 15:41:00,,
2026-01-08 15:41:10,,
2026-01-08 15:41:20,65.0,52.0
2026-01-08 15:41:30,,
2026-01-08 15:41:40,,
2026-01-08 15:41:50,,
2026-01-08 15:42:00,,
2026-01-08 15:42:10,,
2026-01-08 15:42:20,65.0,54.0
2026-01-08 15:42:30,,
2026-01-08 15:42:40,,
2026-01-08 15:42:50,,
2026-01-08 15:43:00,,
2026-01-08 15:43:10,,
2026-01-08 15:43:20,67.0,52.0
2026-01-08 15:43:30,,
2026-01-08 15:43:40,,
2026-01-08 15:43:50,,
2026-01-08 15:44:00,,
2026-01-08 15:44:10,,
2026-01-08 15:44:20,66.0,49.0
2026-01-08 15:44:30,,
2026-01-08 15:44:40,,
2026-01-08 15:44:50,,
2026-01-08 15:45:00,,
2026-01-08 15:45:10,,
2026-01-08 15:45:20,68.0,51.0
2026-01-08 15:45:30,,
2026-01-08 15:45:40,,
2026-01-08 15:45:50,,
2026-01-08 15:46:00,,
2026-01-08 15:46:10,,
2026-01-08 15:46:20,66.0,50.0
2026-01-08 15:46:30,,
2026-01-08 15:46:40,,
2026-01-08 15:46:50,,
2026-01-08 15:47:00,,
2026-01-08 15:47:10,,
2026-01-08 15:47:20,67.0,52.0
2026-01-08 15:47:30,,
2026-01-08 15:47:40,,
2026-01-08 15:47:50,,
2026-01-08 15:48:00,,
2026-01-08 15:48:10,,
2026-01-08 15:48:20,69.0,51.0
2026-01-08 15:48:30,,
2026-01-08 15:48:40,,
2026-01-08 15:48:50,,
2026-01-08 15:49:00,,
2026-01-08 15:49:10,,
2026-01-08 15:49:20,67.0,51.0
2026-01-08 15:49:30,,
2026-01-08 15:49:40,,
2026-01-08 15:49:50,,
2026-01-08 15:50:00,,
2026-01-08 15:50:10,,
2026-01-08 15:50:20,70.0,54.0
2026-01-08 15:50:30,,
2026-01-08 15:50:40,,
2026-01-08 15:50:50,,
2026-01-08 15:51:00,,
2026-01-08 15:51:10,,
2026-01-08 15:51:20,70.0,53.0
2026-01-08 15:51:30,,
2026-01-08 15:51:40,,
2026-01-08 15:51:50,,
2026-01-08 15:52:00,,
2026-01-08 15:52:10,,
2026-01-08 15:52:20,69.0,55.0
2026-01-08 15:52:30,,
2026-01-08 15:52:40,,
2026-01-08 15:52:50,,
2026-01-08 15:53:00,,
2026-01-08 15:53:10,,
2026-01-08 15:53:20,67.0,53.0
2026-01-08 15:53:30,,
2026-01-08 15:53:40,,
2026-01-08 15:53:50,,
2026-01-08 15:54:00,,
2026-01-08 15:54:10,,
2026-01-08 15:54:20,68.0,50.0
2026-01-08 15:54:30,,
2026-01-08 15:54:40,,
2026-01-08 15:54:50,,
2026-01-08 15:55:00,,
2026-01-08 15:55:10,,
2026-01-08 15:55:20,69.0,55.0
2026-01-08 15:55:30,,
2026-01-08 15:55:40,,
2026-01-08 15:55:50,,
2026-01-08 15:56:00,,
2026-01-08 15:56:10,,
2026-01-08 15:56:20,69.0,50.0
2026-01-08 15:56:30,,
2026-01-08 15:56:40,,
2026-01-08 15:56:50,,
2026-01-08 15:57:00,,
2026-01-08 15:57:10,,
2026-01-08 15:57:20,70.0,53.0
2026-01-08 15:57:30,,
2026-01-08 15:57:40,,
2026-01-08 15:57:50,,
2026-01-08 15:58:00,,
2026-01-08 15:58:10,,
2026-01-08 15:58:20,67.0,50.0
2026-01-08 15:58:30,,
2026-01-08 15:58:40,,
2026-01-08 15:58:50,,
2026-01-08 15:59:00,,
2026-01-08 15:59:10,,
2026-01-08 15:59:20,68.0,57.0
2026-01-08 15:59:30,,
2026-01-08 15:59:40,,
2026-01-08 15:59:50,,
2026-01-08 16:00:00,,
2026-01-08 16:00:10,,
2026-01-08 16:00:20,68.0,50.0
2026-01-08 16:00:30,,
2026-01-08 16:00:40,,
2026-01-08 16:00:50,,
2026-01-08 16:01:00,,
2026-01-08 16:01:10,,
2026-01-08 16:01:20,69.0,51.0
2026-01-08 16:01:30,,
2026-01-08 16:01:40,,
2026-01-08 16:01:50,,
2026-01-08 16:02:00,,
2026-01-08 16:02:10,,
2026-01-08 16:02:20,66.0,52.0
2026-01-08 16:02:30,,
2026-01-08 16:02:40,,
2026-01-08 16:02:50,,
2026-01-08 16:03:00,,
2026-01-08 16:03:10,,
2026-01-08 16:03:20,68.0,56.0
2026-01-08 16:03:30,,
2026-01-08 16:03:40,,
2026-01-08 16:03:50,,
2026-01-08 16:04:00,,
2026-01-08 16:04:10,,
2026-01-08 16:04:20,70.0,52.0
2026-01-08 16:04:30,,
2026-01-08 16:04:40,,
2026-01-08 16:04:50,,
2026-01-08 16:05:00,,
2026-01-08 16:05:10,,
2026-01-08 16:05:20,67.0,52.0
2026-01-08 16:05:30,,
2026-01-08 16:05:40,,
2026-01-08 16:05:50,,
2026-01-08 16:06:00,,
2026-01-08 16:06:10,,
2026-01-08 16:06:20,68.0,52.0
2026-01-08 16:06:30,,
2026-01-08 16:06:40,,
2026-01-08 16:06:50,,
2026-01-08 16:07:00,,
2026-01-08 16:07:10,,
2026-01-08 16:07:20,69.0,50.0
2026-01-08 16:07:30,,
2026-01-08 16:07:40,,
2026-01-08 16:07:50,,
2026-01-08 16:08:00,,
2026-01-08 16:08:10,,
2026-01-08 16:08:20,71.0,55.0
2026-01-08 16:08:30,,
2026-01-08 16:08:40,,
2026-01-08 16:08:50,,
2026-01-08 16:09:00,,
2026-01-08 16:09:10,,
2026-01-08 16:09:20,69.0,56.0
2026-01-08 16:09:30,,
2026-01-08 16:09:40,,
2026-01-08 16:09:50,,
2026-01-08 16:10:00,,
2026-01-08 16:10:10,,
2026-01-08 16:10:20,68.0,53.0
2026-01-08 16:10:30,,
2026-01-08 16:10:40,,
2026-01-08 16:10:50,,
2026-01-08 16:11:00,,
2026-01-08 16:11:10,,
2026-01-08 16:11:20,69.0,53.0
2026-01-08 16:11:30,,
2026-01-08 16:11:40,,
2026-01-08 16:11:50,,
2026-01-08 16:12:00,,
2026-01-08 16:12:10,,
2026-01-08 16:12:20,69.0,55.0
2026-01-08 16:12:30,,
2026-01-08 16:12:40,,
2026-01-08 16:12:50,,
2026-01-08 16:13:00,,
2026-01-08 16:13:10,,
2026-01-08 16:13:20,67.0,52.0
2026-01-08 16:13:30,,
2026-01-08 16:13:40,,
2026-01-08 16:13:50,,
2026-01-08 16:14:00,,
2026-01-08 16:14:10,,
2026-01-08 16:14:20,69.0,52.0
2026-01-08 16:14:30,,
2026-01-08 16:14:40,,
2026-01-08 16:14:50,,
2026-01-08 16:15:00,,
2026-01-08 16:15:10,,
2026-01-08 16:15:20,69.0,52.0
2026-01-08 16:15:30,,
2026-01-08 16:15:40,,
2026-01-08 16:15:50,,
2026-01-08 16:16:00,,
2026-01-08 16:16:10,,
2026-01-08 16:16:20,69.0,50.0
2026-01-08 16:16:30,,
2026-01-08 16:16:40,,
2026-01-08 16:16:50,,
2026-01-08 16:17:00,,
2026-01-08 16:17:10,,
2026-01-08 16:17:20,66.0,54.0
2026-01-08 16:17:30,,
2026-01-08 16:17:40,,
2026-01-08 16:17:50,,
2026-01-08 16:18:00,,
2026-01-08 16:18:10,,
2026-01-08 16:18:20,67.0,52.0
2026-01-08 16:18:30,,
2026-01-08 16:18:40,,
2026-01-08 16:18:50,,
2026-01-08 16:19:00,,
2026-01-08 16:19:10,,
2026-01-08 16:19:20,65.0,53.0
2026-01-08 16:19:30,,
2026-01-08 16:19:40,,
2026-01-08 16:19:50,,
2026-01-08 16:20:00,,
2026-01-08 16:20:10,,
2026-01-08 16:20:20,67.0,50.0
2026-01-08 16:20:30,,
2026-01-08 16:20:40,,
2026-01-08 16:20:50,,
2026-01-08 16:21:00,,
2026-01-08 16:21:10,,
2026-01-08 16:21:20,68.0,49.0
2026-01-08 16:21:30,,
2026-01-08 16:21:40,,
2026-01-08 16:21:50,,
2026-01-08 16:22:00,,
2026-01-08 16:22:10,,
2026-01-08 16:22:20,66.0,49.0
2026-01-08 16:22:30,,
2026-01-08 16:22:40,,
2026-01-08 16:22:50,,
2026-01-08 16:23:00,,
2026-01-08 16:23:10,,
2026-01-08 16:23:20,69.0,53.0
2026-01-08 16:23:30,,
2026-01-08 16:23:40,,
2026-01-08 16:23:50,,
2026-01-08 16:24:00,,
2026-01-08 16:24:10,,
2026-01-08 16:24:20,67.0,54.0
2026-01-08 16:24:30,,
2026-01-08 16:24:40,,
2026-01-08 16:24:50,,
2026-01-08 16:25:00,,
2026-01-08 16:25:10,,
2026-01-08 16:25:20,65.0,53.0
2026-01-08 16:25:30,,
2026-01-08 16:25:40,,
2026-01-08 16:25:50,,
2026-01-08 16:26:00,,
2026-01-08 16:26:10,,
2026-01-08 16:26:20,65.0,50.0
2026-01-08 16:26:30,,
2026-01-08 16:26:40,,
2026-01-08 16:26:50,,
2026-01-08 16:27:00,,
2026-01-08 16:27:10,,
2026-01-08 16:27:20,65.0,50.0
2026-01-08 16:27:30,,
2026-01-08 16:27:40,,
2026-01-08 16:27:50,,
2026-01-08 16:28:00,,
2026-01-08 16:28:10,,
2026-01-08 16:28:20,64.0,51.0
2026-01-08 16:28:30,,
2026-01-08 16:28:40,,
2026-01-08 16:28:50,,
2026-01-08 16:29:00,,
2026-01-08 16:29:10,,
2026-01-08 16:29:20,66.0,51.0
2026-01-08 16:29:30,,
2026-01-08 16:29:40,,
2026-01-08 16:29:50,,
2026-01-08 16:30:00,,
2026-01-08 16:30:10,,
2026-01-08 16:30:20,65.0,50.0
2026-01-08 16:30:30,,
2026-01-08 16:30:40,,
2026-01-08 16:30:50,,
2026-01-08 16:31:00,,
2026-01-08 16:31:10,,
2026-01-08 16:31:20,64.0,49.0
2026-01-08 16:31:30,,
2026-01-08 16:31:40,,
2026-01-08 16:31:50,,
2026-01-08 16:32:00,,
2026-01-08 16:32:10,,
2026-01-08 16:32:20,66.0,51.0
2026-01-08 16:32:30,,
2026-01-08 16:32:40,,
2026-01-08 16:32:50,,
2026-01-08 16:33:00,,
2026-01-08 16:33:10,,
2026-01-08 16:33:20,66.0,53.0
2026-01-08 16:33:30,,
2026-01-08 16:33:40,,
2026-01-08 16:33:50,,
2026-01-08 16:34:00,,
2026-01-08 16:34:10,,
2026-01-08 16:34:20,65.0,54.0
2026-01-08 16:34:30,,
2026-01-08 16:34:40,,
2026-01-08 16:34:50,,
2026-01-08 16:35:00,,
2026-01-08 16:35:10,,
2026-01-08 16:35:20,67.0,52.0
2026-01-08 16:35:30,,
2026-01-08 16:35:40,,
2026-01-08 16:35:50,,
2026-01-08 16:36:00,,
2026-01-08 16:36:10,,
2026-01-08 16:36:20,65.0,52.0
2026-01-08 16:36:30,,
2026-01-08 16:36:40,,
2026-01-08 16:36:50,,
2026-01-08 16:37:00,,
2026-01-08 16:37:10,,
2026-01-08 16:37:20,66.0,50.0
2026-01-08 16:37:30,,
2026-01-08 16:37:40,,
2026-01-08 16:37:50,,
2026-01-08 16:38:00,,
2026-01-08 16:38:10,,
2026-01-08 16:38:20,66.0,50.0
2026-01-08 16:38:30,,
2026-01-08 16:38:40,,
2026-01-08 16:38:50,,
2026-01-08 16:39:00,,
2026-01-08 16:39:10,,
2026-01-08 16:39:20,67.0,50.0
2026-01-08 16:39:30,,
2026-01-08 16:39:40,,
2026-01-08 16:39:50,,
2026-01-08 16:40:00,,
2026-01-08 16:40:10,,
2026-01-08 16:40:20,67.0,51.0
2026-01-08 16:40:30,,
2026-01-08 16:40:40,,
2026-01-08 16:40:50,,
2026-01-08 16:41:00,,
2026-01-08 16:41:10,,
2026-01-08 16:41:20,69.0,57.0
2026-01-08 16:41:30,,
2026-01-08 16:41:40,,
2026-01-08 16:41:50,,
2026-01-08 16:42:00,,
2026-01-08 16:42:10,,
2026-01-08 16:42:20,65.0,52.0
2026-01-08 16:42:30,,
2026-01-08 16:42:40,,
2026-01-08 16:42:50,,
2026-01-08 16:43:00,,
2026-01-08 16:43:10,,
2026-01-08 16:43:20,65.0,53.0
2026-01-08 16:43:30,,
2026-01-08 16:43:40,,
2026-01-08 16:43:50,,
2026-01-08 16:44:00,,
2026-01-08 16:44:10,,
2026-01-08 16:44:20,64.0,51.0
2026-01-08 16:44:30,,
2026-01-08 16:44:40,,
2026-01-08 16:44:50,,
2026-01-08 16:45:00,,
2026-01-08 16:45:10,,
2026-01-08 16:45:20,64.0,50.0
2026-01-08 16:45:30,,
2026-01-08 16:45:40,,
2026-01-08 16:45:50,,
2026-01-08 16:46:00,,
2026-01-08 16:46:10,,
2026-01-08 16:46:20,67.0,50.0
2026-01-08 16:46:30,,
2026-01-08 16:46:40,,
2026-01-08 16:46:50,,
2026-01-08 16:47:00,,
2026-01-08 16:47:10,,
2026-01-08 16:47:20,68.0,55.0
2026-01-08 16:47:30,,
2026-01-08 16:47:40,,
2026-01-08 16:47:50,,
2026-01-08 16:48:00,,
2026-01-08 16:48:10,,
2026-01-08 16:48:20,64.0,53.0
2026-01-08 16:48:30,,
2026-01-08 16:48:40,,
2026-01-08 16:48:50,,
2026-01-08 16:49:00,,
2026-01-08 16:49:10,,
2026-01-08 16:49:20,65.0,51.0
2026-01-08 16:49:30,,
2026-01-08 16:49:40,,
2026-01-08 16:49:50,,
2026-01-08 16:50:00,,
2026-01-08 16:50:10,,
2026-01-08 16:50:20,66.0,55.0
2026-01-08 16:50:30,,
2026-01-08 16:50:40,,
2026-01-08 16:50:50,,
2026-01-08 16:51:00,,
2026-01-08 16:51:10,,
2026-01-08 16:51:20,66.0,54.0
2026-01-08 16:51:30,,
2026-01-08 16:51:40,,
2026-01-08 16:51:50,,
2026-01-08 16:52:00,,
2026-01-08 16:52:10,,
2026-01-08 16:52:20,66.0,54.0
2026-01-08 16:52:30,,
2026-01-08 16:52:40,,
2026-01-08 16:52:50,,
2026-01-08 16:53:00,,
2026-01-08 16:53:10,,
2026-01-08 16:53:20,66.0,54.0
2026-01-08 16:53:30,,
2026-01-08 16:53:40,,
2026-01-08 16:53:50,,
2026-01-08 16:54:00,,
2026-01-08 16:54:10,,
2026-01-08 16:54:20,66.0,56.0
2026-01-08 16:54:30,,
2026-01-08 16:54:40,,
2026-01-08 16:54:50,,
2026-01-08 16:55:00,,
2026-01-08 16:55:10,,
2026-01-08 16:55:20,65.0,54.0
2026-01-08 16:55:30,,
2026-01-08 16:55:40,,
2026-01-08 16:55:50,,
2026-01-08 16:56:00,,
2026-01-08 16:56:10,,
2026-01-08 16:56:20,65.0,51.0
2026-01-08 16:56:30,,
2026-01-08 16:56:40,,
2026-01-08 16:56:50,,
2026-01-08 16:57:00,,
2026-01-08 16:57:10,,
2026-01-08 16:57:20,65.0,51.0
2026-01-08 16:57:30,,
2026-01-08 16:57:40,,
2026-01-08 16:57:50,,
2026-01-08 16:58:00,,
2026-01-08 16:58:10,,
2026-01-08 16:58:20,66.0,50.0
2026-01-08 16:58:30,,
2026-01-08 16:58:40,,
2026-01-08 16:58:50,,
2026-01-08 16:59:00,,
2026-01-08 16:59:10,,
2026-01-08 16:59:20,68.0,52.0
2026-01-08 16:59:30,,
2026-01-08 16:59:40,,
2026-01-08 16:59:50,,
2026-01-08 17:00:00,,
2026-01-08 17:00:10,,
2026-01-08 17:00:20,66.0,51.0
2026-01-08 17:00:30,,
2026-01-08 17:00:40,,
2026-01-08 17:00:50,,
2026-01-08 17:01:00,,
2026-01-08 17:01:10,,
2026-01-08 17:01:20,65.0,54.0
2026-01-08 17:01:30,,
2026-01-08 17:01:40,,
2026-01-08 17:01:50,,
2026-01-08 17:02:00,,
2026-01-08 17:02:10,,
2026-01-08 17:02:20,64.0,50.0
2026-01-08 17:02:30,,
2026-01-08 17:02:40,,
2026-01-08 17:02:50,,
2026-01-08 17:03:00,,
2026-01-08 17:03:10,,
2026-01-08 17:03:20,67.0,49.0
2026-01-08 17:03:30,,
2026-01-08 17:03:40,,
2026-01-08 17:03:50,,
2026-01-08 17:04:00,,
2026-01-08 17:04:10,,
2026-01-08 17:04:20,66.0,52.0
2026-01-08 17:04:30,,
2026-01-08 17:04:40,,
2026-01-08 17:04:50,,
2026-01-08 17:05:00,,
2026-01-08 17:05:10,,
2026-01-08 17:05:20,67.0,52.0
2026-01-08 17:05:30,,
2026-01-08 17:05:40,,
2026-01-08 17:05:50,,
2026-01-08 17:06:00,,
2026-01-08 17:06:10,,
2026-01-08 17:06:20,66.0,50.0
2026-01-08 17:06:30,,
2026-01-08 17:06:40,,
2026-01-08 17:06:50,,
2026-01-08 17:07:00,,
2026-01-08 17:07:10,,
2026-01-08 17:07:20,67.0,51.0
2026-01-08 17:07:30,,
2026-01-08 17:07:40,,
2026-01-08 17:07:50,,
2026-01-08 17:08:00,,
2026-01-08 17:08:10,,
2026-01-08 17:08:20,69.0,53.0
2026-01-08 17:08:30,,
2026-01-08 17:08:40,,
2026-01-08 17:08:50,,
2026-01-08 17:09:00,,
2026-01-08 17:09:10,,
2026-01-08 17:09:20,66.0,51.0
2026-01-08 17:09:30,,
2026-01-08 17:09:40,,
2026-01-08 17:09:50,,
2026-01-08 17:10:00,,
2026-01-08 17:10:10,,
2026-01-08 17:10:20,66.0,51.0
2026-01-08 17:10:30,,
2026-01-08 17:10:40,,
2026-01-08 17:10:50,,
2026-01-08 17:11:00,,
2026-01-08 17:11:10,,
2026-01-08 17:11:20,70.0,50.0
2026-01-08 17:11:30,,
2026-01-08 17:11:40,,
2026-01-08 17:11:50,,
2026-01-08 17:12:00,,
2026-01-08 17:12:10,,
2026-01-08 17:12:20,67.0,52.0
2026-01-08 17:12:30,,
2026-01-08 17:12:40,,
2026-01-08 17:12:50,,
2026-01-08 17:13:00,,
2026-01-08 17:13:10,,
2026-01-08 17:13:20,68.0,51.0
2026-01-08 17:13:30,,
2026-01-08 17:13:40,,
2026-01-08 17:13:50,,
2026-01-08 17:14:00,,
2026-01-08 17:14:10,,
2026-01-08 17:14:20,67.0,51.0
2026-01-08 17:14:30,,
2026-01-08 17:14:40,,
2026-01-08 17:14:50,,
2026-01-08 17:15:00,,
2026-01-08 17:15:10,,
2026-01-08 17:15:20,67.0,50.0
2026-01-08 17:15:30,,
2026-01-08 17:15:40,,
2026-01-08 17:15:50,,
2026-01-08 17:16:00,,
2026-01-08 17:16:10,,
2026-01-08 17:16:20,67.0,52.0
2026-01-08 17:16:30,,
2026-01-08 17:16:40,,
2026-01-08 17:16:50,,
2026-01-08 17:17:00,,
2026-01-08 17:17:10,,
2026-01-08 17:17:20,67.0,53.0
2026-01-08 17:17:30,,
2026-01-08 17:17:40,,
2026-01-08 17:17:50,,
2026-01-08 17:18:00,,
2026-01-08 17:18:10,,
2026-01-08 17:18:20,67.0,54.0
2026-01-08 17:18:30,,
2026-01-08 17:18:40,,
2026-01-08 17:18:50,,
2026-01-08 17:19:00,,
2026-01-08 17:19:10,,
2026-01-08 17:19:20,69.0,50.0
2026-01-08 17:19:30,,
2026-01-08 17:19:40,,
2026-01-08 17:19:50,,
2026-01-08 17:20:00,,
2026-01-08 17:20:10,,
2026-01-08 17:20:20,66.0,52.0
2026-01-08 17:20:30,,
2026-01-08 17:20:40,,
2026-01-08 17:20:50,,
2026-01-08 17:21:00,,
2026-01-08 17:21:10,,
2026-01-08 17:21:20,67.0,52.0
2026-01-08 17:21:30,,
2026-01-08 17:21:40,,
2026-01-08 17:21:50,,
2026-01-08 17:22:00,,
2026-01-08 17:22:10,,
2026-01-08 17:22:20,70.0,53.0
2026-01-08 17:22:30,,
2026-01-08 17:22:40,,
2026-01-08 17:22:50,,
2026-01-08 17:23:00,,
2026-01-08 17:23:10,,
2026-01-08 17:23:20,67.0,54.0
2026-01-08 17:23:30,,
2026-01-08 17:23:40,,
2026-01-08 17:23:50,,
2026-01-08 17:24:00,,
2026-01-08 17:24:10,,
2026-01-08 17:24:20,66.0,54.0
2026-01-08 17:24:30,,
2026-01-08 17:24:40,,
2026-01-08 17:24:50,,
2026-01-08 17:25:00,,
2026-01-08 17:25:10,,
2026-01-08 17:25:20,67.0,55.0
2026-01-08 17:25:30,,
2026-01-08 17:25:40,,
2026-01-08 17:25:50,,
2026-01-08 17:26:00,,
2026-01-08 17:26:10,,
2026-01-08 17:26:20,67.0,54.0
2026-01-08 17:26:30,,
2026-01-08 17:26:40,,
2026-01-08 17:26:50,,
2026-01-08 17:27:00,,
2026-01-08 17:27:10,,
2026-01-08 17:27:20,68.0,53.0
2026-01-08 17:27:30,,
2026-01-08 17:27:40,,
2026-01-08 17:27:50,,
2026-01-08 17:28:00,,
2026-01-08 17:28:10,,
2026-01-08 17:28:20,70.0,53.0
2026-01-08 17:28:30,,
2026-01-08 17:28:40,,
2026-01-08 17:28:50,,
2026-01-08 17:29:00,,
2026-01-08 17:29:10,,
2026-01-08 17:29:20,70.0,52.0
2026-01-08 17:29:30,,
2026-01-08 17:29:40,,
2026-01-08 17:29:50,,
2026-01-08 17:30:00,,
2026-01-08 17:30:10,,
2026-01-08 17:30:20,68.0,53.0
2026-01-08 17:30:30,,
2026-01-08 17:30:40,,
2026-01-08 17:30:50,,
2026-01-08 17:31:00,,
2026-01-08 17:31:10,,
2026-01-08 17:31:20,68.0,53.0
2026-01-08 17:31:30,,
2026-01-08 17:31:40,,
2026-01-08 17:31:50,,
2026-01-08 17:32:00,,
2026-01-08 17:32:10,,
2026-01-08 17:32:20,68.0,51.0
2026-01-08 17:32:30,,
2026-01-08 17:32:40,,
2026-01-08 17:32:50,,
2026-01-08 17:33:00,,
2026-01-08 17:33:10,,
2026-01-08 17:33:20,69.0,52.0
2026-01-08 17:33:30,,
2026-01-08 17:33:40,,
2026-01-08 17:33:50,,
2026-01-08 17:34:00,,
2026-01-08 17:34:10,,
2026-01-08 17:34:20,68.0,50.0
2026-01-08 17:34:30,,
2026-01-08 17:34:40,,
2026-01-08 17:34:50,,
2026-01-08 17:35:00,,
2026-01-08 17:35:10,,
2026-01-08 17:35:20,70.0,52.0
2026-01-08 17:35:30,,
2026-01-08 17:35:40,,
2026-01-08 17:35:50,,
2026-01-08 17:36:00,,
2026-01-08 17:36:10,,
2026-01-08 17:36:20,67.0,51.0
2026-01-08 17:36:30,,
2026-01-08 17:36:40,,
2026-01-08 17:36:50,,
2026-01-08 17:37:00,,
2026-01-08 17:37:10,,
2026-01-08 17:37:20,68.0,50.0
2026-01-08 17:37:30,,
2026-01-08 17:37:40,,
2026-01-08 17:37:50,,
2026-01-08 17:38:00,,
2026-01-08 17:38:10,,
2026-01-08 17:38:20,69.0,60.0
2026-01-08 17:38:30,,
2026-01-08 17:38:40,,
2026-01-08 17:38:50,,
2026-01-08 17:39:00,,
2026-01-08 17:39:10,,
2026-01-08 17:39:20,68.0,55.0
2026-01-08 17:39:30,,
2026-01-08 17:39:40,,
2026-01-08 17:39:50,,
2026-01-08 17:40:00,,
2026-01-08 17:40:10,,
2026-01-08 17:40:20,70.0,58.0
2026-01-08 17:40:30,,
2026-01-08 17:40:40,,
2026-01-08 17:40:50,,
2026-01-08 17:41:00,,
2026-01-08 17:41:10,,
2026-01-08 17:41:20,69.0,55.0
2026-01-08 17:41:30,,
2026-01-08 17:41:40,,
2026-01-08 17:41:50,,
2026-01-08 17:42:00,,
2026-01-08 17:42:10,,
2026-01-08 17:42:20,69.0,56.0
2026-01-08 17:42:30,,
2026-01-08 17:42:40,,
2026-01-08 17:42:50,,
2026-01-08 17:43:00,,
2026-01-08 17:43:10,,
2026-01-08 17:43:20,70.0,54.0
2026-01-08 17:43:30,,
2026-01-08 17:43:40,,
2026-01-08 17:43:50,,
2026-01-08 17:44:00,,
2026-01-08 17:44:10,,
2026-01-08 17:44:20,69.0,58.0
2026-01-08 17:44:30,,
2026-01-08 17:44:40,,
2026-01-08 17:44:50,,
2026-01-08 17:45:00,,
2026-01-08 17:45:10,,
2026-01-08 17:45:20,70.0,85.0
2026-01-08 17:45:30,,
2026-01-08 17:45:40,,
2026-01-08 17:45:50,,
2026-01-08 17:46:00,,
2026-01-08 17:46:10,,
2026-01-08 17:46:20,69.0,107.0
2026-01-08 17:46:30,,
2026-01-08 17:46:40,,
2026-01-08 17:46:50,,
2026-01-08 17:47:00,,
2026-01-08 17:47:10,,
2026-01-08 17:47:20,68.0,53.0
2026-01-08 17:47:30,,
2026-01-08 17:47:40,,
2026-01-08 17:47:50,,
2026-01-08 17:48:00,,
2026-01-08 17:48:10,,
2026-01-08 17:48:20,66.0,50.0
2026-01-08 17:48:30,,
2026-01-08 17:48:40,,
2026-01-08 17:48:50,,
2026-01-08 17:49:00,,
2026-01-08 17:49:10,,
2026-01-08 17:49:20,,
2026-01-08 17:49:30,,
2026-01-08 17:49:40,,
2026-01-08 17:49:50,,
2026-01-08 17:50:00,,
2026-01-08 17:50:10,,
2026-01-08 17:50:20,,
2026-01-08 17:50:30,,
2026-01-08 17:50:40,,
2026-01-08 17:50:50,,
2026-01-08 17:51:00,,
2026-01-08 17:51:10,,
2026-01-08 17:51:20,,
2026-01-08 17:51:30,,
2026-01-08 17:51:40,,
2026-01-08 17:51:50,,
2026-01-08 17:52:00,,
2026-01-08 17:52:10,,
2026-01-08 17:52:20,,
2026-01-08 17:52:30,,
2026-01-08 17:52:40,,
2026-01-08 17:52:50,,
2026-01-08 17:53:00,,
2026-01-08 17:53:10,,
2026-01-08 17:53:20,,
2026-01-08 17:53:30,,
2026-01-08 17:53:40,,
2026-01-08 17:53:50,,
2026-01-08 17:54:00,,
2026-01-08 17:54:10,,
2026-01-08 17:54:20,,
2026-01-08 17:54:30,,
2026-01-08 17:54:40,,
2026-01-08 17:54:50,,
2026-01-08 17:55:00,,
2026-01-08 17:55:10,,
2026-01-08 17:55:20,,
2026-01-08 17:55:30,,
2026-01-08 17:55:40,,
2026-01-08 17:55:50,,
2026-01-08 17:56:00,,
2026-01-08 17:56:10,,
2026-01-08 17:56:20,,
2026-01-08 17:56:30,,
2026-01-08 17:56:40,,
2026-01-08 17:56:50,,
2026-01-08 17:57:00,,
2026-01-08 17:57:10,,
2026-01-08 17:57:20,,
2026-01-08 17:57:30,,
2026-01-08 17:57:40,,
2026-01-08 17:57:50,,
2026-01-08 17:58:00,,
2026-01-08 17:58:10,,
2026-01-08 17:58:20,,
2026-01-08 17:58:30,,
2026-01-08 17:58:40,,
2026-01-08 17:58:50,,
2026-01-08 17:59:00,,
2026-01-08 17:59:10,,
2026-01-08 17:59:20,,
2026-01-08 17:59:30,,
2026-01-08 17:59:40,,
2026-01-08 17:59:50,,
2026-01-08 18:00:00,,
2026-01-08 18:00:10,,
2026-01-08 18:00:20,,
2026-01-08 18:00:30,,
2026-01-08 18:00:40,,
2026-01-08 18:00:50,,
2026-01-08 18:01:00,,
2026-01-08 18:01:10,,
2026-01-08 18:01:20,,
2026-01-08 18:01:30,,
2026-01-08 18:01:40,,
2026-01-08 18:01:50,,
2026-01-08 18:02:00,,
2026-01-08 18:02:10,,
2026-01-08 18:02:20,,
2026-01-08 18:02:30,,
2026-01-08 18:02:40,,
2026-01-08 18:02:50,,
2026-01-08 18:03:00,,
2026-01-08 18:03:10,,
2026-01-08 18:03:20,,
2026-01-08 18:03:30,,
2026-01-08 18:03:40,,
2026-01-08 18:03:50,,
2026-01-08 18:04:00,,
2026-01-08 18:04:10,,
2026-01-08 18:04:20,,
2026-01-08 18:04:30,,
2026-01-08 18:04:40,,
2026-01-08 18:04:50,,
2026-01-08 18:05:00,,
2026-01-08 18:05:10,,
2026-01-08 18:05:20,,
2026-01-08 18:05:30,,
2026-01-08 18:05:40,,
2026-01-08 18:05:50,,
2026-01-08 18:06:00,,
2026-01-08 18:06:10,,
2026-01-08 18:06:20,,
2026-01-08 18:06:30,,
2026-01-08 18:06:40,,
2026-01-08 18:06:50,,
2026-01-08 18:07:00,,
2026-01-08 18:07:10,,
2026-01-08 18:07:20,,
2026-01-08 18:07:30,,
2026-01-08 18:07:40,,
2026-01-08 18:07:50,,
2026-01-08 18:08:00,,
2026-01-08 18:08:10,,
2026-01-08 18:08:20,,
2026-01-08 18:08:30,,
2026-01-08 18:08:40,,
2026-01-08 18:08:50,,
2026-01-08 18:09:00,,
2026-01-08 18:09:10,,
2026-01-08 18:09:20,,
2026-01-08 18:09:30,,
2026-01-08 18:09:40,,
2026-01-08 18:09:50,,
2026-01-08 18:10:00,,
2026-01-08 18:10:10,,
2026-01-08 18:10:20,,
2026-01-08 18:10:30,,
2026-01-08 18:10:40,,
2026-01-08 18:10:50,,
2026-01-08 18:11:00,,
2026-01-08 18:11:10,,
2026-01-08 18:11:20,,
2026-01-08 18:11:30,,
2026-01-08 18:11:40,,
2026-01-08 18:11:50,,
2026-01-08 18:12:00,,
2026-01-08 18:12:10,,
2026-01-08 18:12:20,,
2026-01-08 18:12:30,,
2026-01-08 18:12:40,,
2026-01-08 18:12:50,,
2026-01-08 18:13:00,,
2026-01-08 18:13:10,,
2026-01-08 18:13:20,,
2026-01-08 18:13:30,,
2026-01-08 18:13:40,,
2026-01-08 18:13:50,,
2026-01-08 18:14:00,,
2026-01-08 18:14:10,,
2026-01-08 18:14:20,,
2026-01-08 18:14:30,,
2026-01-08 18:14:40,,
2026-01-08 18:14:50,,
2026-01-08 18:15:00,,
2026-01-08 18:15:10,,
2026-01-08 18:15:20,,
2026-01-08 18:15:30,,
2026-01-08 18:15:40,,
2026-01-08 18:15:50,,
2026-01-08 18:16:00,,
2026-01-08 18:16:10,,
2026-01-08 18:16:20,,
2026-01-08 18:16:30,,
2026-01-08 18:16:40,,
2026-01-08 18:16:50,,
2026-01-08 18:17:00,,
2026-01-08 18:17:10,,
2026-01-08 18:17:20,,
2026-01-08 18:17:30,,
2026-01-08 18:17:40,,
2026-01-08 18:17:50,,
2026-01-08 18:18:00,,
2026-01-08 18:18:10,,
2026-01-08 18:18:20,,
2026-01-08 18:18:30,,
2026-01-08 18:18:40,,
2026-01-08 18:18:50,,
2026-01-08 18:19:00,,
2026-01-08 18:19:10,,
2026-01-08 18:19:20,,
2026-01-08 18:19:30,,
2026-01-08 18:19:40,,
2026-01-08 18:19:50,,
2026-01-08 18:20:00,,
2026-01-08 18:20:10,,
2026-01-08 18:20:20,,
2026-01-08 18:20:30,,
2026-01-08 18:20:40,,
2026-01-08 18:20:50,,
2026-01-08 18:21:00,,
2026-01-08 18:21:10,,
2026-01-08 18:21:20,,
2026-01-08 18:21:30,,
2026-01-08 18:21:40,,
2026-01-08 18:21:50,,
2026-01-08 18:22:00,,
2026-01-08 18:22:10,,
2026-01-08 18:22:20,,
2026-01-08 18:22:30,,
2026-01-08 18:22:40,,
2026-01-08 18:22:50,,
2026-01-08 18:23:00,,
2026-01-08 18:23:10,,
2026-01-08 18:23:20,,
2026-01-08 18:23:30,,
2026-01-08 18:23:40,,
2026-01-08 18:23:50,,
2026-01-08 18:24:00,,
2026-01-08 18:24:10,,
2026-01-08 18:24:20,,
2026-01-08 18:24:30,,
2026-01-08 18:24:40,,
2026-01-08 18:24:50,,
2026-01-08 18:25:00,,
2026-01-08 18:25:10,,
2026-01-08 18:25:20,,
2026-01-08 18:25:30,,
2026-01-08 18:25:40,,
2026-01-08 18:25:50,,
2026-01-08 18:26:00,,
2026-01-08 18:26:10,,
2026-01-08 18:26:20,,
2026-01-08 18:26:30,,
2026-01-08 18:26:40,,
2026-01-08 18:26:50,,
2026-01-08 18:27:00,,
2026-01-08 18:27:10,,
2026-01-08 18:27:20,,
2026-01-08 18:27:30,,
2026-01-08 18:27:40,,
2026-01-08 18:27:50,,
2026-01-08 18:28:00,,
2026-01-08 18:28:10,,
2026-01-08 18:28:20,,
2026-01-08 18:28:30,,
2026-01-08 18:28:40,,
2026-01-08 18:28:50,,
2026-01-08 18:29:00,,
2026-01-08 18:29:10,,
2026-01-08 18:29:20,,
2026-01-08 18:29:30,,
2026-01-08 18:29:40,,
2026-01-08 18:29:50,,
2026-01-08 18:30:00,,
2026-01-08 18:30:10,,
2026-01-08 18:30:20,,
2026-01-08 18:30:30,,
2026-01-08 18:30:40,,
2026-01-08 18:30:50,,
2026-01-08 18:31:00,,
2026-01-08 18:31:10,,
2026-01-08 18:31:20,,
2026-01-08 18:31:30,,
2026-01-08 18:31:40,,
2026-01-08 18:31:50,,
2026-01-08 18:32:00,,
2026-01-08 18:32:10,,
2026-01-08 18:32:20,,
2026-01-08 18:32:30,,
2026-01-08 18:32:40,,
2026-01-08 18:32:50,,
2026-01-08 18:33:00,,
2026-01-08 18:33:10,,
2026-01-08 18:33:20,,
2026-01-08 18:33:30,,
2026-01-08 18:33:40,,
2026-01-08 18:33:50,,
2026-01-08 18:34:00,,
2026-01-08 18:34:10,,
2026-01-08 18:34:20,,
2026-01-08 18:34:30,,
2026-01-08 18:34:40,,
2026-01-08 18:34:50,,
2026-01-08 18:35:00,,
2026-01-08 18:35:10,,
2026-01-08 18:35:20,,
2026-01-08 18:35:30,,
2026-01-08 18:35:40,,
2026-01-08 18:35:50,,
2026-01-08 18:36:00,,
2026-01-08 18:36:10,,
2026-01-08 18:36:20,,
2026-01-08 18:36:30,,
2026-01-08 18:36:40,,
2026-01-08 18:36:50,,
2026-01-08 18:37:00,,
2026-01-08 18:37:10,,
2026-01-08 18:37:20,,
2026-01-08 18:37:30,,
2026-01-08 18:37:40,,
2026-01-08 18:37:50,,
2026-01-08 18:38:00,,
2026-01-08 18:38:10,,
2026-01-08 18:38:20,,
2026-01-08 18:38:30,,
2026-01-08 18:38:40,,
2026-01-08 18:38:50,,
2026-01-08 18:39:00,,
2026-01-08 18:39:10,,
2026-01-08 18:39:20,,
2026-01-08 18:39:30,,
2026-01-08 18:39:40,,
2026-01-08 18:39:50,,
2026-01-08 18:40:00,,
2026-01-08 18:40:10,,
2026-01-08 18:40:20,,
2026-01-08 18:40:30,,
2026-01-08 18:40:40,,
2026-01-08 18:40:50,,
2026-01-08 18:41:00,,
2026-01-08 18:41:10,,
2026-01-08 18:41:20,,
2026-01-08 18:41:30,,
2026-01-08 18:41:40,,
2026-01-08 18:41:50,,
2026-01-08 18:42:00,,
2026-01-08 18:42:10,,
2026-01-08 18:42:20,,
2026-01-08 18:42:30,,
2026-01-08 18:42:40,,
2026-01-08 18:42:50,,
2026-01-08 18:43:00,,
2026-01-08 18:43:10,,
2026-01-08 18:43:20,,
2026-01-08 18:43:30,,
2026-01-08 18:43:40,,
2026-01-08 18:43:50,,
2026-01-08 18:44:00,,
2026-01-08 18:44:10,,
2026-01-08 18:44:20,,
2026-01-08 18:44:30,,
2026-01-08 18:44:40,,
2026-01-08 18:44:50,,
2026-01-08 18:45:00,,
2026-01-08 18:45:10,,
2026-01-08 18:45:20,,
2026-01-08 18:45:30,,
2026-01-08 18:45:40,,
2026-01-08 18:45:50,,
2026-01-08 18:46:00,,
2026-01-08 18:46:10,,
2026-01-08 18:46:20,,
2026-01-08 18:46:30,,
2026-01-08 18:46:40,,
2026-01-08 18:46:50,,
2026-01-08 18:47:00,,
2026-01-08 18:47:10,,
2026-01-08 18:47:20,,
2026-01-08 18:47:30,,
2026-01-08 18:47:40,,
2026-01-08 18:47:50,,
2026-01-08 18:48:00,,
2026-01-08 18:48:10,,
2026-01-08 18:48:20,,
2026-01-08 18:48:30,,
2026-01-08 18:48:40,,
2026-01-08 18:48:50,,
2026-01-08 18:49:00,,
2026-01-08 18:49:10,,
2026-01-08 18:49:20,,
2026-01-08 18:49:30,,
2026-01-08 18:49:40,,
2026-01-08 18:49:50,,
2026-01-08 18:50:00,,
2026-01-08 18:50:10,,
2026-01-08 18:50:20,,
2026-01-08 18:50:30,,
2026-01-08 18:50:40,,
2026-01-08 18:50:50,,
2026-01-08 18:51:00,,
2026-01-08 18:51:10,,
2026-01-08 18:51:20,,
2026-01-08 18:51:30,,
2026-01-08 18:51:40,,
2026-01-08 18:51:50,,
2026-01-08 18:52:00,,
2026-01-08 18:52:10,,
2026-01-08 18:52:20,,
2026-01-08 18:52:30,,
2026-01-08 18:52:40,,
2026-01-08 18:52:50,,
2026-01-08 18:53:00,,
2026-01-08 18:53:10,,
2026-01-08 18:53:20,,
2026-01-08 18:53:30,,
2026-01-08 18:53:40,,
2026-01-08 18:53:50,,
2026-01-08 18:54:00,,
2026-01-08 18:54:10,,
2026-01-08 18:54:20,,
2026-01-08 18:54:30,,
2026-01-08 18:54:40,,
2026-01-08 18:54:50,,
2026-01-08 18:55:00,,
2026-01-08 18:55:10,,
2026-01-08 18:55:20,,
2026-01-08 18:55:30,,
2026-01-08 18:55:40,,
2026-01-08 18:55:50,,
2026-01-08 18:56:00,,
2026-01-08 18:56:10,,
2026-01-08 18:56:20,,
2026-01-08 18:56:30,,
2026-01-08 18:56:40,,
2026-01-08 18:56:50,,
2026-01-08 18:57:00,,
2026-01-08 18:57:10,,
2026-01-08 18:57:20,,
2026-01-08 18:57:30,,
2026-01-08 18:57:40,,
2026-01-08 18:57:50,,
2026-01-08 18:58:00,,
2026-01-08 18:58:10,,
2026-01-08 18:58:20,,
2026-01-08 18:58:30,,
2026-01-08 18:58:40,,
2026-01-08 18:58:50,,
2026-01-08 18:59:00,,
2026-01-08 18:59:10,,
2026-01-08 18:59:20,,
2026-01-08 18:59:30,,
2026-01-08 18:59:40,,
2026-01-08 18:59:50,,
2026-01-08 19:00:00,,
2026-01-08 19:00:10,,
2026-01-08 19:00:20,,
2026-01-08 19:00:30,,
2026-01-08 19:00:40,,
2026-01-08 19:00:50,,
2026-01-08 19:01:00,,
2026-01-08 19:01:10,,
2026-01-08 19:01:20,,
2026-01-08 19:01:30,,
2026-01-08 19:01:40,,
2026-01-08 19:01:50,,
2026-01-08 19:02:00,,
2026-01-08 19:02:10,,
2026-01-08 19:02:20,,
2026-01-08 19:02:30,,
2026-01-08 19:02:40,,
2026-01-08 19:02:50,,
2026-01-08 19:03:00,,
2026-01-08 19:03:10,,
2026-01-08 19:03:20,,
2026-01-08 19:03:30,,
2026-01-08 19:03:40,,
2026-01-08 19:03:50,,
2026-01-08 19:04:00,,
2026-01-08 19:04:10,,
2026-01-08 19:04:20,,
2026-01-08 19:04:30,,
2026-01-08 19:04:40,,
2026-01-08 19:04:50,,
2026-01-08 19:05:00,,
2026-01-08 19:05:10,,
2026-01-08 19:05:20,,
2026-01-08 19:05:30,,
2026-01-08 19:05:40,,
2026-01-08 19:05:50,,
2026-01-08 19:06:00,,
2026-01-08 19:06:10,,
2026-01-08 19:06:20,,
2026-01-08 19:06:30,,
2026-01-08 19:06:40,,
2026-01-08 19:06:50,,
2026-01-08 19:07:00,,
2026-01-08 19:07:10,,
2026-01-08 19:07:20,,
2026-01-08 19:07:30,,
2026-01-08 19:07:40,,
2026-01-08 19:07:50,,
2026-01-08 19:08:00,,
2026-01-08 19:08:10,,
2026-01-08 19:08:20,,
2026-01-08 19:08:30,,
2026-01-08 19:08:40,,
2026-01-08 19:08:50,,
2026-01-08 19:09:00,,
2026-01-08 19:09:10,,
2026-01-08 19:09:20,,
2026-01-08 19:09:30,,
2026-01-08 19:09:40,,
2026-01-08 19:09:50,,
2026-01-08 19:10:00,,
2026-01-08 19:10:10,,
2026-01-08 19:10:20,,
2026-01-08 19:10:30,,
2026-01-08 19:10:40,,
2026-01-08 19:10:50,,
2026-01-08 19:11:00,,
2026-01-08 19:11:10,,
2026-01-08 19:11:20,,
2026-01-08 19:11:30,,
2026-01-08 19:11:40,,
2026-01-08 19:11:50,,
2026-01-08 19:12:00,,
2026-01-08 19:12:10,,
2026-01-08 19:12:20,,
2026-01-08 19:12:30,,
2026-01-08 19:12:40,,
2026-01-08 19:12:50,,
2026-01-08 19:13:00,,
2026-01-08 19:13:10,,
2026-01-08 19:13:20,,
2026-01-08 19:13:30,,
2026-01-08 19:13:40,,
2026-01-08 19:13:50,,
2026-01-08 19:14:00,,
2026-01-08 19:14:10,,
2026-01-08 19:14:20,,
2026-01-08 19:14:30,,
2026-01-08 19:14:40,,
2026-01-08 19:14:50,,
2026-01-08 19:15:00,,
2026-01-08 19:15:10,,
2026-01-08 19:15:20,,
2026-01-08 19:15:30,,
2026-01-08 19:15:40,,
2026-01-08 19:15:50,,
2026-01-08 19:16:00,,
2026-01-08 19:16:10,,
2026-01-08 19:16:20,,
2026-01-08 19:16:30,,
2026-01-08 19:16:40,,
2026-01-08 19:16:50,,
2026-01-08 19:17:00,,
2026-01-08 19:17:10,,
2026-01-08 19:17:20,,
2026-01-08 19:17:30,,
2026-01-08 19:17:40,,
2026-01-08 19:17:50,,
2026-01-08 19:18:00,,
2026-01-08 19:18:10,,
2026-01-08 19:18:20,,
2026-01-08 19:18:30,,
2026-01-08 19:18:40,,
2026-01-08 19:18:50,,
2026-01-08 19:19:00,,
2026-01-08 19:19:10,,
2026-01-08 19:19:20,,
2026-01-08 19:19:30,,
2026-01-08 19:19:40,,
2026-01-08 19:19:50,,
2026-01-08 19:20:00,,
2026-01-08 19:20:10,,
2026-01-08 19:20:20,,
2026-01-08 19:20:30,,
2026-01-08 19:20:40,,
2026-01-08 19:20:50,,
2026-01-08 19:21:00,,
2026-01-08 19:21:10,,
2026-01-08 19:21:20,,
2026-01-08 19:21:30,,
2026-01-08 19:21:40,,
2026-01-08 19:21:50,,
2026-01-08 19:22:00,,
2026-01-08 19:22:10,,
2026-01-08 19:22:20,,
2026-01-08 19:22:30,,
2026-01-08 19:22:40,,
2026-01-08 19:22:50,,
2026-01-08 19:23:00,,
2026-01-08 19:23:10,,
2026-01-08 19:23:20,,
2026-01-08 19:23:30,,
2026-01-08 19:23:40,,
2026-01-08 19:23:50,,
2026-01-08 19:24:00,,
2026-01-08 19:24:10,,
2026-01-08 19:24:20,,
2026-01-08 19:24:30,,
2026-01-08 19:24:40,,
2026-01-08 19:24:50,,
2026-01-08 19:25:00,,
2026-01-08 19:25:10,,
2026-01-08 19:25:20,,
2026-01-08 19:25:30,,
2026-01-08 19:25:40,,
2026-01-08 19:25:50,,
2026-01-08 19:26:00,,
2026-01-08 19:26:10,,
2026-01-08 19:26:20,,
2026-01-08 19:26:30,,
2026-01-08 19:26:40,,
2026-01-08 19:26:50,,
2026-01-08 19:27:00,,
2026-01-08 19:27:10,,
2026-01-08 19:27:20,,
2026-01-08 19:27:30,,
2026-01-08 19:27:40,,
2026-01-08 19:27:50,,
2026-01-08 19:28:00,,
2026-01-08 19:28:10,,
2026-01-08 19:28:20,,
2026-01-08 19:28:30,,
2026-01-08 19:28:40,,
2026-01-08 19:28:50,,
2026-01-08 19:29:00,,
2026-01-08 19:29:10,,
2026-01-08 19:29:20,,
2026-01-08 19:29:30,,
2026-01-08 19:29:40,,
2026-01-08 19:29:50,,
2026-01-08 19:30:00,,
2026-01-08 19:30:10,,
2026-01-08 19:30:20,,
2026-01-08 19:30:30,,
2026-01-08 19:30:40,,
2026-01-08 19:30:50,,
2026-01-08 19:31:00,,
2026-01-08 19:31:10,,
2026-01-08 19:31:20,,
2026-01-08 19:31:30,,
2026-01-08 19:31:40,,
2026-01-08 19:31:50,,
2026-01-08 19:32:00,,
2026-01-08 19:32:10,,
2026-01-08 19:32:20,,
2026-01-08 19:32:30,,
2026-01-08 19:32:40,,
2026-01-08 19:32:50,,
2026-01-08 19:33:00,,
2026-01-08 19:33:10,,
2026-01-08 19:33:20,,
2026-01-08 19:33:30,,
2026-01-08 19:33:40,,
2026-01-08 19:33:50,,
2026-01-08 19:34:00,,
2026-01-08 19:34:10,,
2026-01-08 19:34:20,,
2026-01-08 19:34:30,,
2026-01-08 19:34:40,,
2026-01-08 19:34:50,,
2026-01-08 19:35:00,,
2026-01-08 19:35:10,,
2026-01-08 19:35:20,,
2026-01-08 19:35:30,,
2026-01-08 19:35:40,,
2026-01-08 19:35:50,,
2026-01-08 19:36:00,,
2026-01-08 19:36:10,,
2026-01-08 19:36:20,,
2026-01-08 19:36:30,,
2026-01-08 19:36:40,,
2026-01-08 19:36:50,,
2026-01-08 19:37:00,,
2026-01-08 19:37:10,,
2026-01-08 19:37:20,,
2026-01-08 19:37:30,,
2026-01-08 19:37:40,,
2026-01-08 19:37:50,,
2026-01-08 19:38:00,,
2026-01-08 19:38:10,,
2026-01-08 19:38:20,,
2026-01-08 19:38:30,,
2026-01-08 19:38:40,,
2026-01-08 19:38:50,,
2026-01-08 19:39:00,,
2026-01-08 19:39:10,,
2026-01-08 19:39:20,,
2026-01-08 19:39:30,,
2026-01-08 19:39:40,,
2026-01-08 19:39:50,,
2026-01-08 19:40:00,,
2026-01-08 19:40:10,,
2026-01-08 19:40:20,,
2026-01-08 19:40:30,,
2026-01-08 19:40:40,,
2026-01-08 19:40:50,,
2026-01-08 19:41:00,,
2026-01-08 19:41:10,,
2026-01-08 19:41:20,,
2026-01-08 19:41:30,,
2026-01-08 19:41:40,,
2026-01-08 19:41:50,,
2026-01-08 19:42:00,,
2026-01-08 19:42:10,,
2026-01-08 19:42:20,,
2026-01-08 19:42:30,,
2026-01-08 19:42:40,,
2026-01-08 19:42:50,,
2026-01-08 19:43:00,,
2026-01-08 19:43:10,,
2026-01-08 19:43:20,,
2026-01-08 19:43:30,,
2026-01-08 19:43:40,,
2026-01-08 19:43:50,,
2026-01-08 19:44:00,,
2026-01-08 19:44:10,,
2026-01-08 19:44:20,,
2026-01-08 19:44:30,,
2026-01-08 19:44:40,,
2026-01-08 19:44:50,,
2026-01-08 19:45:00,,
2026-01-08 19:45:10,,
2026-01-08 19:45:20,,
2026-01-08 19:45:30,,
2026-01-08 19:45:40,,
2026-01-08 19:45:50,,
2026-01-08 19:46:00,,
2026-01-08 19:46:10,,
2026-01-08 19:46:20,,
2026-01-08 19:46:30,,
2026-01-08 19:46:40,,
2026-01-08 19:46:50,,
2026-01-08 19:47:00,,
2026-01-08 19:47:10,,
2026-01-08 19:47:20,,
2026-01-08 19:47:30,,
2026-01-08 19:47:40,,
2026-01-08 19:47:50,,
2026-01-08 19:48:00,,
2026-01-08 19:48:10,,
2026-01-08 19:48:20,,
2026-01-08 19:48:30,,
2026-01-08 19:48:40,,
2026-01-08 19:48:50,,
2026-01-08 19:49:00,,
2026-01-08 19:49:10,,
2026-01-08 19:49:20,,
2026-01-08 19:49:30,,
2026-01-08 19:49:40,,
2026-01-08 19:49:50,,
2026-01-08 19:50:00,,
2026-01-08 19:50:10,,
2026-01-08 19:50:20,,
2026-01-08 19:50:30,,
2026-01-08 19:50:40,,
2026-01-08 19:50:50,,
2026-01-08 19:51:00,,
2026-01-08 19:51:10,,
2026-01-08 19:51:20,,
2026-01-08 19:51:30,,
2026-01-08 19:51:40,,
2026-01-08 19:51:50,,
2026-01-08 19:52:00,,
2026-01-08 19:52:10,,
2026-01-08 19:52:20,,
2026-01-08 19:52:30,,
2026-01-08 19:52:40,,
2026-01-08 19:52:50,,
2026-01-08 19:53:00,,
2026-01-08 19:53:10,,
2026-01-08 19:53:20,,
2026-01-08 19:53:30,,
2026-01-08 19:53:40,,
2026-01-08 19:53:50,,
2026-01-08 19:54:00,,
2026-01-08 19:54:10,,
2026-01-08 19:54:20,,
2026-01-08 19:54:30,,
2026-01-08 19:54:40,,
2026-01-08 19:54:50,,
2026-01-08 19:55:00,,
2026-01-08 19:55:10,,
2026-01-08 19:55:20,,
2026-01-08 19:55:30,,
2026-01-08 19:55:40,,
2026-01-08 19:55:50,,
2026-01-08 19:56:00,,
2026-01-08 19:56:10,,
2026-01-08 19:56:20,,
2026-01-08 19:56:30,,
2026-01-08 19:56:40,,
2026-01-08 19:56:50,,
2026-01-08 19:57:00,,
2026-01-08 19:57:10,,
2026-01-08 19:57:20,,
2026-01-08 19:57:30,,
2026-01-08 19:57:40,,
2026-01-08 19:57:50,,
2026-01-08 19:58:00,,
2026-01-08 19:58:10,,
2026-01-08 19:58:20,,
2026-01-08 19:58:30,,
2026-01-08 19:58:40,,
2026-01-08 19:58:50,,
2026-01-08 19:59:00,,
2026-01-08 19:59:10,,
2026-01-08 19:59:20,,
2026-01-08 19:59:30,,
2026-01-08 19:59:40,,
2026-01-08 19:59:50,,
2026-01-08 20:00:00,,
2026-01-08 20:00:10,,
2026-01-08 20:00:20,,
2026-01-08 20:00:30,,
2026-01-08 20:00:40,,
2026-01-08 20:00:50,,
2026-01-08 20:01:00,,
2026-01-08 20:01:10,,
2026-01-08 20:01:20,,
2026-01-08 20:01:30,,
2026-01-08 20:01:40,,
2026-01-08 20:01:50,,
2026-01-08 20:02:00,,
2026-01-08 20:02:10,,
2026-01-08 20:02:20,,
2026-01-08 20:02:30,,
2026-01-08 20:02:40,,
2026-01-08 20:02:50,,
2026-01-08 20:03:00,,
2026-01-08 20:03:10,,
2026-01-08 20:03:20,,
2026-01-08 20:03:30,,
2026-01-08 20:03:40,,
2026-01-08 20:03:50,,
2026-01-08 20:04:00,,
2026-01-08 20:04:10,,
2026-01-08 20:04:20,,
2026-01-08 20:04:30,,
2026-01-08 20:04:40,,
2026-01-08 20:04:50,,
2026-01-08 20:05:00,,
2026-01-08 20:05:10,,
2026-01-08 20:05:20,,
2026-01-08 20:05:30,,
2026-01-08 20:05:40,,
2026-01-08 20:05:50,,
2026-01-08 20:06:00,,
2026-01-08 20:06:10,,
2026-01-08 20:06:20,,
2026-01-08 20:06:30,,
2026-01-08 20:06:40,,
2026-01-08 20:06:50,,
2026-01-08 20:07:00,,
2026-01-08 20:07:10,,
2026-01-08 20:07:20,,
2026-01-08 20:07:30,,
2026-01-08 20:07:40,,
2026-01-08 20:07:50,,
2026-01-08 20:08:00,,
2026-01-08 20:08:10,,
2026-01-08 20:08:20,,
2026-01-08 20:08:30,,
2026-01-08 20:08:40,,
2026-01-08 20:08:50,,
2026-01-08 20:09:00,,
2026-01-08 20:09:10,,
2026-01-08 20:09:20,,
2026-01-08 20:09:30,,
2026-01-08 20:09:40,,
2026-01-08 20:09:50,,
2026-01-08 20:10:00,,
2026-01-08 20:10:10,,
2026-01-08 20:10:20,,
2026-01-08 20:10:30,,
2026-01-08 20:10:40,,
2026-01-08 20:10:50,,
2026-01-08 20:11:00,,
2026-01-08 20:11:10,,
2026-01-08 20:11:20,,
2026-01-08 20:11:30,,
2026-01-08 20:11:40,,
2026-01-08 20:11:50,,
2026-01-08 20:12:00,,
2026-01-08 20:12:10,,
2026-01-08 20:12:20,,
2026-01-08 20:12:30,,
2026-01-08 20:12:40,,
2026-01-08 20:12:50,,
2026-01-08 20:13:00,,
2026-01-08 20:13:10,,
2026-01-08 20:13:20,,
2026-01-08 20:13:30,,
2026-01-08 20:13:40,,
2026-01-08 20:13:50,,
2026-01-08 20:14:00,,
2026-01-08 20:14:10,,
2026-01-08 20:14:20,,
2026-01-08 20:14:30,,
2026-01-08 20:14:40,,
2026-01-08 20:14:50,,
2026-01-08 20:15:00,,
2026-01-08 20:15:10,,
2026-01-08 20:15:20,,
2026-01-08 20:15:30,,
2026-01-08 20:15:40,,
2026-01-08 20:15:50,,
2026-01-08 20:16:00,,
2026-01-08 20:16:10,,
2026-01-08 20:16:20,,
2026-01-08 20:16:30,,
2026-01-08 20:16:40,,
2026-01-08 20:16:50,,
2026-01-08 20:17:00,,
2026-01-08 20:17:10,,
2026-01-08 20:17:20,,
2026-01-08 20:17:30,,
2026-01-08 20:17:40,,
2026-01-08 20:17:50,,
2026-01-08 20:18:00,,
2026-01-08 20:18:10,,
2026-01-08 20:18:20,,
2026-01-08 20:18:30,,
2026-01-08 20:18:40,,
2026-01-08 20:18:50,,
2026-01-08 20:19:00,,
2026-01-08 20:19:10,,
2026-01-08 20:19:20,,
2026-01-08 20:19:30,,
2026-01-08 20:19:40,,
2026-01-08 20:19:50,,
2026-01-08 20:20:00,,
2026-01-08 20:20:10,,
2026-01-08 20:20:20,,
2026-01-08 20:20:30,,
2026-01-08 20:20:40,,
2026-01-08 20:20:50,,
2026-01-08 20:21:00,,
2026-01-08 20:21:10,,
2026-01-08 20:21:20,,
2026-01-08 20:21:30,,
2026-01-08 20:21:40,,
2026-01-08 20:21:50,,
2026-01-08 20:22:00,,
2026-01-08 20:22:10,,
2026-01-08 20:22:20,,
2026-01-08 20:22:30,,
2026-01-08 20:22:40,,
2026-01-08 20:22:50,,
2026-01-08 20:23:00,,
2026-01-08 20:23:10,,
2026-01-08 20:23:20,,
2026-01-08 20:23:30,,
2026-01-08 20:23:40,,
2026-01-08 20:23:50,,
2026-01-08 20:24:00,,
2026-01-08 20:24:10,,
2026-01-08 20:24:20,,
2026-01-08 20:24:30,,
2026-01-08 20:24:40,,
2026-01-08 20:24:50,,
2026-01-08 20:25:00,,
2026-01-08 20:25:10,,
2026-01-08 20:25:20,,
2026-01-08 20:25:30,,
2026-01-08 20:25:40,,
2026-01-08 20:25:50,,
2026-01-08 20:26:00,,
2026-01-08 20:26:10,,
2026-01-08 20:26:20,,
2026-01-08 20:26:30,,
2026-01-08 20:26:40,,
2026-01-08 20:26:50,,
2026-01-08 20:27:00,,
2026-01-08 20:27:10,,
2026-01-08 20:27:20,,
2026-01-08 20:27:30,,
2026-01-08 20:27:40,,
2026-01-08 20:27:50,,
2026-01-08 20:28:00,,
2026-01-08 20:28:10,,
2026-01-08 20:28:20,,
2026-01-08 20:28:30,,
2026-01-08 20:28:40,,
2026-01-08 20:28:50,,
2026-01-08 20:29:00,,
2026-01-08 20:29:10,,
2026-01-08 20:29:20,,
2026-01-08 20:29:30,,
2026-01-08 20:29:40,,
2026-01-08 20:29:50,,
2026-01-08 20:30:00,,
2026-01-08 20:30:10,,
2026-01-08 20:30:20,63.0,62.0
2026-01-08 20:30:30,,
2026-01-08 20:30:40,,
2026-01-08 20:30:50,,
2026-01-08 20:31:00,,
2026-01-08 20:31:10,,
2026-01-08 20:31:20,63.0,60.0
2026-01-08 20:31:30,,
2026-01-08 20:31:40,,
2026-01-08 20:31:50,,
2026-01-08 20:32:00,,
2026-01-08 20:32:10,,
2026-01-08 20:32:20,62.0,59.0
2026-01-08 20:32:30,,
2026-01-08 20:32:40,,
2026-01-08 20:32:50,,
2026-01-08 20:33:00,,
2026-01-08 20:33:10,,
2026-01-08 20:33:20,65.0,57.0
2026-01-08 20:33:30,,
2026-01-08 20:33:40,,
2026-01-08 20:33:50,,
2026-01-08 20:34:00,,
2026-01-08 20:34:10,,
2026-01-08 20:34:20,67.0,58.0
2026-01-08 20:34:30,,
2026-01-08 20:34:40,,
2026-01-08 20:34:50,,
2026-01-08 20:35:00,,
2026-01-08 20:35:10,,
2026-01-08 20:35:20,64.0,59.0
2026-01-08 20:35:30,,
2026-01-08 20:35:40,,
2026-01-08 20:35:50,,
2026-01-08 20:36:00,,
2026-01-08 20:36:10,,
2026-01-08 20:36:20,66.0,57.0
2026-01-08 20:36:30,,
2026-01-08 20:36:40,,
2026-01-08 20:36:50,,
2026-01-08 20:37:00,,
2026-01-08 20:37:10,,
2026-01-08 20:37:20,64.0,56.0
2026-01-08 20:37:30,,
2026-01-08 20:37:40,,
2026-01-08 20:37:50,,
2026-01-08 20:38:00,,
2026-01-08 20:38:10,,
2026-01-08 20:38:20,64.0,59.0
2026-01-08 20:38:30,,
2026-01-08 20:38:40,,
2026-01-08 20:38:50,,
2026-01-08 20:39:00,,
2026-01-08 20:39:10,,
2026-01-08 20:39:20,66.0,58.0
2026-01-08 20:39:30,,
2026-01-08 20:39:40,,
2026-01-08 20:39:50,,
2026-01-08 20:40:00,,
2026-01-08 20:40:10,,
2026-01-08 20:40:20,62.0,58.0
2026-01-08 20:40:30,,
2026-01-08 20:40:40,,
2026-01-08 20:40:50,,
2026-01-08 20:41:00,,
2026-01-08 20:41:10,,
2026-01-08 20:41:20,65.0,64.0
2026-01-08 20:41:30,,
2026-01-08 20:41:40,,
2026-01-08 20:41:50,,
2026-01-08 20:42:00,,
2026-01-08 20:42:10,,
2026-01-08 20:42:20,68.0,57.0
2026-01-08 20:42:30,,
2026-01-08 20:42:40,,
2026-01-08 20:42:50,,
2026-01-08 20:43:00,,
2026-01-08 20:43:10,,
2026-01-08 20:43:20,67.0,58.0
2026-01-08 20:43:30,,
2026-01-08 20:43:40,,
2026-01-08 20:43:50,,
2026-01-08 20:44:00,,
2026-01-08 20:44:10,,
2026-01-08 20:44:20,69.0,56.0
2026-01-08 20:44:30,,
2026-01-08 20:44:40,,
2026-01-08 20:44:50,,
2026-01-08 20:45:00,,
2026-01-08 20:45:10,,
2026-01-08 20:45:20,68.0,56.0
2026-01-08 20:45:30,,
2026-01-08 20:45:40,,
2026-01-08 20:45:50,,
2026-01-08 20:46:00,,
2026-01-08 20:46:10,,
2026-01-08 20:46:20,66.0,58.0
2026-01-08 20:46:30,,
2026-01-08 20:46:40,,
2026-01-08 20:46:50,,
2026-01-08 20:47:00,,
2026-01-08 20:47:10,,
2026-01-08 20:47:20,69.0,66.0
2026-01-08 20:47:30,,
2026-01-08 20:47:40,,
2026-01-08 20:47:50,,
2026-01-08 20:48:00,,
2026-01-08 20:48:10,,
2026-01-08 20:48:20,66.0,57.0
2026-01-08 20:48:30,,
2026-01-08 20:48:40,,
2026-01-08 20:48:50,,
2026-01-08 20:49:00,,
2026-01-08 20:49:10,,
2026-01-08 20:49:20,68.0,61.0
2026-01-08 20:49:30,,
2026-01-08 20:49:40,,
2026-01-08 20:49:50,,
2026-01-08 20:50:00,,
2026-01-08 20:50:10,,
2026-01-08 20:50:20,67.0,59.0
2026-01-08 20:50:30,,
2026-01-08 20:50:40,,
2026-01-08 20:50:50,,
2026-01-08 20:51:00,,
2026-01-08 20:51:10,,
2026-01-08 20:51:20,65.0,71.0
2026-01-08 20:51:30,,
2026-01-08 20:51:40,,
2026-01-08 20:51:50,,
2026-01-08 20:52:00,,
2026-01-08 20:52:10,,
2026-01-08 20:52:20,59.0,58.0
2026-01-08 20:52:30,,
2026-01-08 20:52:40,,
2026-01-08 20:52:50,,
2026-01-08 20:53:00,,
2026-01-08 20:53:10,,
2026-01-08 20:53:20,64.0,57.0
2026-01-08 20:53:30,,
2026-01-08 20:53:40,,
2026-01-08 20:53:50,,
2026-01-08 20:54:00,,
2026-01-08 20:54:10,,
2026-01-08 20:54:20,64.0,59.0
2026-01-08 20:54:30,,
2026-01-08 20:54:40,,
2026-01-08 20:54:50,,
2026-01-08 20:55:00,,
2026-01-08 20:55:10,,
2026-01-08 20:55:20,64.0,60.0
2026-01-08 20:55:30,,
2026-01-08 20:55:40,,
2026-01-08 20:55:50,,
2026-01-08 20:56:00,,
2026-01-08 20:56:10,,
2026-01-08 20:56:20,64.0,57.0
2026-01-08 20:56:30,,
2026-01-08 20:56:40,,
2026-01-08 20:56:50,,
2026-01-08 20:57:00,,
2026-01-08 20:57:10,,
2026-01-08 20:57:20,65.0,56.0
2026-01-08 20:57:30,,
2026-01-08 20:57:40,,
2026-01-08 20:57:50,,
2026-01-08 20:58:00,,
2026-01-08 20:58:10,,
2026-01-08 20:58:20,68.0,59.0
2026-01-08 20:58:30,,
2026-01-08 20:58:40,,
2026-01-08 20:58:50,,
2026-01-08 20:59:00,,
2026-01-08 20:59:10,,
2026-01-08 20:59:20,69.0,58.0
2026-01-08 20:59:30,,
2026-01-08 20:59:40,,
2026-01-08 20:59:50,,
2026-01-08 21:00:00,,
2026-01-08 21:00:10,,
2026-01-08 21:00:20,65.0,58.0
2026-01-08 21:00:30,,
2026-01-08 21:00:40,,
2026-01-08 21:00:50,,
2026-01-08 21:01:00,,
2026-01-08 21:01:10,,
2026-01-08 21:01:20,67.0,61.0
2026-01-08 21:01:30,,
2026-01-08 21:01:40,,
2026-01-08 21:01:50,,
2026-01-08 21:02:00,,
2026-01-08 21:02:10,,
2026-01-08 21:02:20,64.0,62.0
2026-01-08 21:02:30,,
2026-01-08 21:02:40,,
2026-01-08 21:02:50,,
2026-01-08 21:03:00,,
2026-01-08 21:03:10,,
2026-01-08 21:03:20,66.0,56.0
2026-01-08 21:03:30,,
2026-01-08 21:03:40,,
2026-01-08 21:03:50,,
2026-01-08 21:04:00,,
2026-01-08 21:04:10,,
2026-01-08 21:04:20,68.0,51.0
2026-01-08 21:04:30,,
2026-01-08 21:04:40,,
2026-01-08 21:04:50,,
2026-01-08 21:05:00,,
2026-01-08 21:05:10,,
2026-01-08 21:05:20,69.0,49.0
2026-01-08 21:05:30,,
2026-01-08 21:05:40,,
2026-01-08 21:05:50,,
2026-01-08 21:06:00,,
2026-01-08 21:06:10,,
2026-01-08 21:06:20,71.0,48.0
2026-01-08 21:06:30,,
2026-01-08 21:06:40,,
2026-01-08 21:06:50,,
2026-01-08 21:07:00,,
2026-01-08 21:07:10,,
2026-01-08 21:07:20,70.0,47.0
2026-01-08 21:07:30,,
2026-01-08 21:07:40,,
2026-01-08 21:07:50,,
2026-01-08 21:08:00,,
2026-01-08 21:08:10,,
2026-01-08 21:08:20,70.0,47.0
2026-01-08 21:08:30,,
2026-01-08 21:08:40,,
2026-01-08 21:08:50,,
2026-01-08 21:09:00,,
2026-01-08 21:09:10,,
2026-01-08 21:09:20,70.0,46.0
2026-01-08 21:09:30,,
2026-01-08 21:09:40,,
2026-01-08 21:09:50,,
2026-01-08 21:10:00,,
2026-01-08 21:10:10,,
2026-01-08 21:10:20,69.0,47.0
2026-01-08 21:10:30,,
2026-01-08 21:10:40,,
2026-01-08 21:10:50,,
2026-01-08 21:11:00,,
2026-01-08 21:11:10,,
2026-01-08 21:11:20,69.0,46.0
2026-01-08 21:11:30,,
2026-01-08 21:11:40,,
2026-01-08 21:11:50,,
2026-01-08 21:12:00,,
2026-01-08 21:12:10,,
2026-01-08 21:12:20,70.0,47.0
2026-01-08 21:12:30,,
2026-01-08 21:12:40,,
2026-01-08 21:12:50,,
2026-01-08 21:13:00,,
2026-01-08 21:13:10,,
2026-01-08 21:13:20,69.0,47.0
2026-01-08 21:13:30,,
2026-01-08 21:13:40,,
2026-01-08 21:13:50,,
2026-01-08 21:14:00,,
2026-01-08 21:14:10,,
2026-01-08 21:14:20,69.0,47.0
2026-01-08 21:14:30,,
2026-01-08 21:14:40,,
2026-01-08 21:14:50,,
2026-01-08 21:15:00,,
2026-01-08 21:15:10,,
2026-01-08 21:15:20,69.0,47.0
2026-01-08 21:15:30,,
2026-01-08 21:15:40,,
2026-01-08 21:15:50,,
2026-01-08 21:16:00,,
2026-01-08 21:16:10,,
2026-01-08 21:16:20,70.0,47.0
2026-01-08 21:16:30,,
2026-01-08 21:16:40,,
2026-01-08 21:16:50,,
2026-01-08 21:17:00,,
2026-01-08 21:17:10,,
2026-01-08 21:17:20,68.0,49.0
2026-01-08 21:17:30,,
2026-01-08 21:17:40,,
2026-01-08 21:17:50,,
2026-01-08 21:18:00,,
2026-01-08 21:18:10,,
2026-01-08 21:18:20,69.0,49.0
2026-01-08 21:18:30,,
2026-01-08 21:18:40,,
2026-01-08 21:18:50,,
2026-01-08 21:19:00,,
2026-01-08 21:19:10,,
2026-01-08 21:19:20,69.0,50.0
2026-01-08 21:19:30,,
2026-01-08 21:19:40,,
2026-01-08 21:19:50,,
2026-01-08 21:20:00,,
2026-01-08 21:20:10,,
2026-01-08 21:20:20,68.0,50.0
2026-01-08 21:20:30,,
2026-01-08 21:20:40,,
2026-01-08 21:20:50,,
2026-01-08 21:21:00,,
2026-01-08 21:21:10,,
2026-01-08 21:21:20,68.0,49.0
2026-01-08 21:21:30,,
2026-01-08 21:21:40,,
2026-01-08 21:21:50,,
2026-01-08 21:22:00,,
2026-01-08 21:22:10,,
2026-01-08 21:22:20,67.0,48.0
2026-01-08 21:22:30,,
2026-01-08 21:22:40,,
2026-01-08 21:22:50,,
2026-01-08 21:23:00,,
2026-01-08 21:23:10,,
2026-01-08 21:23:20,,
2026-01-08 21:23:30,68.0,48.0
2026-01-08 21:23:40,,
2026-01-08 21:23:50,,
2026-01-08 21:24:00,,
2026-01-08 21:24:10,,
2026-01-08 21:24:20,68.0,48.0
2026-01-08 21:24:30,,
2026-01-08 21:24:40,,
2026-01-08 21:24:50,,
2026-01-08 21:25:00,,
2026-01-08 21:25:10,,
2026-01-08 21:25:20,,
2026-01-08 21:25:30,68.0,47.0
2026-01-08 21:25:40,,
2026-01-08 21:25:50,,
2026-01-08 21:26:00,,
2026-01-08 21:26:10,,
2026-01-08 21:26:20,68.0,48.0
2026-01-08 21:26:30,,
2026-01-08 21:26:40,,
2026-01-08 21:26:50,,
2026-01-08 21:27:00,,
2026-01-08 21:27:10,,
2026-01-08 21:27:20,68.0,47.0
2026-01-08 21:27:30,,
2026-01-08 21:27:40,,
2026-01-08 21:27:50,,
2026-01-08 21:28:00,,
2026-01-08 21:28:10,,
2026-01-08 21:28:20,67.0,47.0
2026-01-08 21:28:30,,
2026-01-08 21:28:40,,
2026-01-08 21:28:50,,
2026-01-08 21:29:00,,
2026-01-08 21:29:10,,
2026-01-08 21:29:20,68.0,48.0
2026-01-08 21:29:30,,
2026-01-08 21:29:40,,
2026-01-08 21:29:50,,
2026-01-08 21:30:00,,
2026-01-08 21:30:10,,
2026-01-08 21:30:20,66.0,50.0
2026-01-08 21:30:30,,
2026-01-08 21:30:40,,
2026-01-08 21:30:50,,
2026-01-08 21:31:00,,
2026-01-08 21:31:10,,
2026-01-08 21:31:20,,
2026-01-08 21:31:30,66.0,49.0
2026-01-08 21:31:40,,
2026-01-08 21:31:50,,
2026-01-08 21:32:00,,
2026-01-08 21:32:10,,
2026-01-08 21:32:20,,
2026-01-08 21:32:30,68.0,48.0
2026-01-08 21:32:40,,
2026-01-08 21:32:50,,
2026-01-08 21:33:00,,
2026-01-08 21:33:10,,
2026-01-08 21:33:20,,
2026-01-08 21:33:30,70.0,47.0
2026-01-08 21:33:40,,
2026-01-08 21:33:50,,
2026-01-08 21:34:00,,
2026-01-08 21:34:10,,
2026-01-08 21:34:20,,
2026-01-08 21:34:30,70.0,46.0
2026-01-08 21:34:40,,
2026-01-08 21:34:50,,
2026-01-08 21:35:00,,
2026-01-08 21:35:10,,
2026-01-08 21:35:20,,
2026-01-08 21:35:30,69.0,47.0
2026-01-08 21:35:40,,
2026-01-08 21:35:50,,
2026-01-08 21:36:00,,
2026-01-08 21:36:10,,
2026-01-08 21:36:20,,
2026-01-08 21:36:30,68.0,47.0
2026-01-08 21:36:40,,
2026-01-08 21:36:50,,
2026-01-08 21:37:00,,
2026-01-08 21:37:10,,
2026-01-08 21:37:20,,
2026-01-08 21:37:30,67.0,47.0
2026-01-08 21:37:40,,
2026-01-08 21:37:50,,
2026-01-08 21:38:00,,
2026-01-08 21:38:10,,
2026-01-08 21:38:20,,
2026-01-08 21:38:30,67.0,47.0
2026-01-08 21:38:40,,
2026-01-08 21:38:50,,
2026-01-08 21:39:00,,
2026-01-08 21:39:10,,
2026-01-08 21:39:20,,
2026-01-08 21:39:30,69.0,47.0
2026-01-08 21:39:40,,
2026-01-08 21:39:50,,
2026-01-08 21:40:00,,
2026-01-08 21:40:10,,
2026-01-08 21:40:20,,
2026-01-08 21:40:30,68.0,47.0
2026-01-08 21:40:40,,
2026-01-08 21:40:50,,
2026-01-08 21:41:00,,
2026-01-08 21:41:10,,
2026-01-08 21:41:20,,
2026-01-08 21:41:30,67.0,49.0
2026-01-08 21:41:40,,
2026-01-08 21:41:50,,
2026-01-08 21:42:00,,
2026-01-08 21:42:10,,
2026-01-08 21:42:20,,
2026-01-08 21:42:30,69.0,50.0
2026-01-08 21:42:40,,
2026-01-08 21:42:50,,
2026-01-08 21:43:00,,
2026-01-08 21:43:10,,
2026-01-08 21:43:20,,
2026-01-08 21:43:30,69.0,49.0
2026-01-08 21:43:40,,
2026-01-08 21:43:50,,
2026-01-08 21:44:00,,
2026-01-08 21:44:10,,
2026-01-08 21:44:20,,
2026-01-08 21:44:30,69.0,49.0
2026-01-08 21:44:40,,
2026-01-08 21:44:50,,
2026-01-08 21:45:00,,
2026-01-08 21:45:10,,
2026-01-08 21:45:20,,
2026-01-08 21:45:30,69.0,49.0
2026-01-08 21:45:40,,
2026-01-08 21:45:50,,
2026-01-08 21:46:00,,
2026-01-08 21:46:10,,
2026-01-08 21:46:20,,
2026-01-08 21:46:30,69.0,49.0
2026-01-08 21:46:40,,
2026-01-08 21:46:50,,
2026-01-08 21:47:00,,
2026-01-08 21:47:10,,
2026-01-08 21:47:20,,
2026-01-08 21:47:30,69.0,48.0
2026-01-08 21:47:40,,
2026-01-08 21:47:50,,
2026-01-08 21:48:00,,
2026-01-08 21:48:10,,
2026-01-08 21:48:20,,
2026-01-08 21:48:30,71.0,51.0
2026-01-08 21:48:40,,
2026-01-08 21:48:50,,
2026-01-08 21:49:00,,
2026-01-08 21:49:10,,
2026-01-08 21:49:20,,
2026-01-08 21:49:30,70.0,51.0
2026-01-08 21:49:40,,
2026-01-08 21:49:50,,
2026-01-08 21:50:00,,
2026-01-08 21:50:10,,
2026-01-08 21:50:20,,
2026-01-08 21:50:30,71.0,53.0
2026-01-08 21:50:40,,
2026-01-08 21:50:50,,
2026-01-08 21:51:00,,
2026-01-08 21:51:10,,
2026-01-08 21:51:20,,
2026-01-08 21:51:30,70.0,51.0
2026-01-08 21:51:40,,
2026-01-08 21:51:50,,
2026-01-08 21:52:00,,
2026-01-08 21:52:10,,
2026-01-08 21:52:20,,
2026-01-08 21:52:30,69.0,50.0
2026-01-08 21:52:40,,
2026-01-08 21:52:50,,
2026-01-08 21:53:00,,
2026-01-08 21:53:10,,
2026-01-08 21:53:20,,
2026-01-08 21:53:30,69.0,51.0
2026-01-08 21:53:40,,
2026-01-08 21:53:50,,
2026-01-08 21:54:00,,
2026-01-08 21:54:10,,
2026-01-08 21:54:20,,
2026-01-08 21:54:30,71.0,52.0
2026-01-08 21:54:40,,
2026-01-08 21:54:50,,
2026-01-08 21:55:00,,
2026-01-08 21:55:10,,
2026-01-08 21:55:20,,
2026-01-08 21:55:30,70.0,50.0
2026-01-08 21:55:40,,
2026-01-08 21:55:50,,
2026-01-08 21:56:00,,
2026-01-08 21:56:10,,
2026-01-08 21:56:20,,
2026-01-08 21:56:30,70.0,50.0
2026-01-08 21:56:40,,
2026-01-08 21:56:50,,
2026-01-08 21:57:00,,
2026-01-08 21:57:10,,
2026-01-08 21:57:20,,
2026-01-08 21:57:30,71.0,50.0
2026-01-08 21:57:40,,
2026-01-08 21:57:50,,
2026-01-08 21:58:00,,
2026-01-08 21:58:10,,
2026-01-08 21:58:20,,
2026-01-08 21:58:30,71.0,50.0
2026-01-08 21:58:40,,
2026-01-08 21:58:50,,
2026-01-08 21:59:00,,
2026-01-08 21:59:10,,
2026-01-08 21:59:20,,
2026-01-08 21:59:30,71.0,51.0
2026-01-08 21:59:40,,
2026-01-08 21:59:50,,
2026-01-08 22:00:00,,
2026-01-08 22:00:10,,
2026-01-08 22:00:20,,
2026-01-08 22:00:30,71.0,50.0
2026-01-08 22:00:40,,
2026-01-08 22:00:50,,
2026-01-08 22:01:00,,
2026-01-08 22:01:10,,
2026-01-08 22:01:20,,
2026-01-08 22:01:30,70.0,50.0
2026-01-08 22:01:40,,
2026-01-08 22:01:50,,
2026-01-08 22:02:00,,
2026-01-08 22:02:10,,
2026-01-08 22:02:20,,
2026-01-08 22:02:30,72.0,51.0
2026-01-08 22:02:40,,
2026-01-08 22:02:50,,
2026-01-08 22:03:00,,
2026-01-08 22:03:10,,
2026-01-08 22:03:20,,
2026-01-08 22:03:30,71.0,51.0
2026-01-08 22:03:40,,
2026-01-08 22:03:50,,
2026-01-08 22:04:00,,
2026-01-08 22:04:10,,
2026-01-08 22:04:20,,
2026-01-08 22:04:30,72.0,50.0
2026-01-08 22:04:40,,
2026-01-08 22:04:50,,
2026-01-08 22:05:00,,
2026-01-08 22:05:10,,
2026-01-08 22:05:20,,
2026-01-08 22:05:30,71.0,51.0
2026-01-08 22:05:40,,
2026-01-08 22:05:50,,
2026-01-08 22:06:00,,
2026-01-08 22:06:10,,
2026-01-08 22:06:20,,
2026-01-08 22:06:30,71.0,52.0
2026-01-08 22:06:40,,
2026-01-08 22:06:50,,
2026-01-08 22:07:00,,
2026-01-08 22:07:10,,
2026-01-08 22:07:20,,
2026-01-08 22:07:30,72.0,51.0
2026-01-08 22:07:40,,
2026-01-08 22:07:50,,
2026-01-08 22:08:00,,
2026-01-08 22:08:10,,
2026-01-08 22:08:20,,
2026-01-08 22:08:30,76.0,59.0
2026-01-08 22:08:40,,
2026-01-08 22:08:50,,
2026-01-08 22:09:00,,
2026-01-08 22:09:10,,
2026-01-08 22:09:20,,
2026-01-08 22:09:30,72.0,55.0
2026-01-08 22:09:40,,
2026-01-08 22:09:50,,
2026-01-08 22:10:00,,
2026-01-08 22:10:10,,
2026-01-08 22:10:20,,
2026-01-08 22:10:30,72.0,56.0
2026-01-08 22:10:40,,
2026-01-08 22:10:50,,
2026-01-08 22:11:00,,
2026-01-08 22:11:10,,
2026-01-08 22:11:20,,
2026-01-08 22:11:30,73.0,55.0
2026-01-08 22:11:40,,
2026-01-08 22:11:50,,
2026-01-08 22:12:00,,
2026-01-08 22:12:10,,
2026-01-08 22:12:20,,
2026-01-08 22:12:30,73.0,55.0
2026-01-08 22:12:40,,
2026-01-08 22:12:50,,
2026-01-08 22:13:00,,
2026-01-08 22:13:10,,
2026-01-08 22:13:20,,
2026-01-08 22:13:30,71.0,56.0
2026-01-08 22:13:40,,
2026-01-08 22:13:50,,
2026-01-08 22:14:00,,
2026-01-08 22:14:10,,
2026-01-08 22:14:20,,
2026-01-08 22:14:30,70.0,54.0
2026-01-08 22:14:40,,
2026-01-08 22:14:50,,
2026-01-08 22:15:00,,
2026-01-08 22:15:10,,
2026-01-08 22:15:20,,
2026-01-08 22:15:30,73.0,55.0
2026-01-08 22:15:40,,
2026-01-08 22:15:50,,
2026-01-08 22:16:00,,
2026-01-08 22:16:10,,
2026-01-08 22:16:20,,
2026-01-08 22:16:30,70.0,52.0
2026-01-08 22:16:40,,
2026-01-08 22:16:50,,
2026-01-08 22:17:00,,
2026-01-08 22:17:10,,
2026-01-08 22:17:20,,
2026-01-08 22:17:30,71.0,-13.0
2026-01-08 22:17:40,,
2026-01-08 22:17:50,,
2026-01-08 22:18:00,,
2026-01-08 22:18:10,,
2026-01-08 22:18:20,,
2026-01-08 22:18:30,71.0,151.0
2026-01-08 22:18:40,,
2026-01-08 22:18:50,,
2026-01-08 22:19:00,,
2026-01-08 22:19:10,,
2026-01-08 22:19:20,,
2026-01-08 22:19:30,72.0,56.0
2026-01-08 22:19:40,,
2026-01-08 22:19:50,,
2026-01-08 22:20:00,,
2026-01-08 22:20:10,,
2026-01-08 22:20:20,,
2026-01-08 22:20:30,72.0,54.0
2026-01-08 22:20:40,,
2026-01-08 22:20:50,,
2026-01-08 22:21:00,,
2026-01-08 22:21:10,,
2026-01-08 22:21:20,,
2026-01-08 22:21:30,72.0,55.0
2026-01-08 22:21:40,,
2026-01-08 22:21:50,,
2026-01-08 22:22:00,,
2026-01-08 22:22:10,,
2026-01-08 22:22:20,,
2026-01-08 22:22:30,71.0,53.0
2026-01-08 22:22:40,,
2026-01-08 22:22:50,,
2026-01-08 22:23:00,,
2026-01-08 22:23:10,,
2026-01-08 22:23:20,,
2026-01-08 22:23:30,71.0,53.0
2026-01-08 22:23:40,,
2026-01-08 22:23:50,,
2026-01-08 22:24:00,,
2026-01-08 22:24:10,,
2026-01-08 22:24:20,,
2026-01-08 22:24:30,72.0,52.0
2026-01-08 22:24:40,,
2026-01-08 22:24:50,,
2026-01-08 22:25:00,,
2026-01-08 22:25:10,,
2026-01-08 22:25:20,,
2026-01-08 22:25:30,71.0,56.0
2026-01-08 22:25:40,,
2026-01-08 22:25:50,,
2026-01-08 22:26:00,,
2026-01-08 22:26:10,,
2026-01-08 22:26:20,,
2026-01-08 22:26:30,73.0,54.0
2026-01-08 22:26:40,,
2026-01-08 22:26:50,,
2026-01-08 22:27:00,,
2026-01-08 22:27:10,,
2026-01-08 22:27:20,,
2026-01-08 22:27:30,73.0,53.0
2026-01-08 22:27:40,,
2026-01-08 22:27:50,,
2026-01-08 22:28:00,,
2026-01-08 22:28:10,,
2026-01-08 22:28:20,,
2026-01-08 22:28:30,73.0,53.0
2026-01-08 22:28:40,,
2026-01-08 22:28:50,,
2026-01-08 22:29:00,,
2026-01-08 22:29:10,,
2026-01-08 22:29:20,,
2026-01-08 22:29:30,73.0,52.0
2026-01-08 22:29:40,,
2026-01-08 22:29:50,,
2026-01-08 22:30:00,,
2026-01-08 22:30:10,,
2026-01-08 22:30:20,,
2026-01-08 22:30:30,75.0,54.0
2026-01-08 22:30:40,,
2026-01-08 22:30:50,,
2026-01-08 22:31:00,,
2026-01-08 22:31:10,,
2026-01-08 22:31:20,,
2026-01-08 22:31:30,74.0,54.0
2026-01-08 22:31:40,,
2026-01-08 22:31:50,,
2026-01-08 22:32:00,,
2026-01-08 22:32:10,,
2026-01-08 22:32:20,,
2026-01-08 22:32:30,73.0,55.0
2026-01-08 22:32:40,,
2026-01-08 22:32:50,,
2026-01-08 22:33:00,,
2026-01-08 22:33:10,,
2026-01-08 22:33:20,,
2026-01-08 22:33:30,73.0,53.0
2026-01-08 22:33:40,,
2026-01-08 22:33:50,,
2026-01-08 22:34:00,,
2026-01-08 22:34:10,,
2026-01-08 22:34:20,,
2026-01-08 22:34:30,75.0,52.0
2026-01-08 22:34:40,,
2026-01-08 22:34:50,,
2026-01-08 22:35:00,,
2026-01-08 22:35:10,,
2026-01-08 22:35:20,,
2026-01-08 22:35:30,76.0,52.0
2026-01-08 22:35:40,,
2026-01-08 22:35:50,,
2026-01-08 22:36:00,,
2026-01-08 22:36:10,,
2026-01-08 22:36:20,,
2026-01-08 22:36:30,74.0,53.0
2026-01-08 22:36:40,,
2026-01-08 22:36:50,,
2026-01-08 22:37:00,,
2026-01-08 22:37:10,,
2026-01-08 22:37:20,,
2026-01-08 22:37:30,73.0,54.0
2026-01-08 22:37:40,,
2026-01-08 22:37:50,,
2026-01-08 22:38:00,,
2026-01-08 22:38:10,,
2026-01-08 22:38:20,,
2026-01-08 22:38:30,74.0,55.0
2026-01-08 22:38:40,,
2026-01-08 22:38:50,,
2026-01-08 22:39:00,,
2026-01-08 22:39:10,,
2026-01-08 22:39:20,,
2026-01-08 22:39:30,72.0,55.0
2026-01-08 22:39:40,,
2026-01-08 22:39:50,,
2026-01-08 22:40:00,,
2026-01-08 22:40:10,,
2026-01-08 22:40:20,,
2026-01-08 22:40:30,74.0,52.0
2026-01-08 22:40:40,,
2026-01-08 22:40:50,,
2026-01-08 22:41:00,,
2026-01-08 22:41:10,,
2026-01-08 22:41:20,,
2026-01-08 22:41:30,74.0,54.0
2026-01-08 22:41:40,,
2026-01-08 22:41:50,,
2026-01-08 22:42:00,,
2026-01-08 22:42:10,,
2026-01-08 22:42:20,,
2026-01-08 22:42:30,75.0,54.0
2026-01-08 22:42:40,,
2026-01-08 22:42:50,,
2026-01-08 22:43:00,,
2026-01-08 22:43:10,,
2026-01-08 22:43:20,,
2026-01-08 22:43:30,76.0,53.0
2026-01-08 22:43:40,,
2026-01-08 22:43:50,,
2026-01-08 22:44:00,,
2026-01-08 22:44:10,,
2026-01-08 22:44:20,,
2026-01-08 22:44:30,75.0,53.0
2026-01-08 22:44:40,,
2026-01-08 22:44:50,,
2026-01-08 22:45:00,,
2026-01-08 22:45:10,,
2026-01-08 22:45:20,,
2026-01-08 22:45:30,75.0,53.0
2026-01-08 22:45:40,,
2026-01-08 22:45:50,,
2026-01-08 22:46:00,,
2026-01-08 22:46:10,,
2026-01-08 22:46:20,,
2026-01-08 22:46:30,77.0,55.0
2026-01-08 22:46:40,,
2026-01-08 22:46:50,,
2026-01-08 22:47:00,,
2026-01-08 22:47:10,,
2026-01-08 22:47:20,,
2026-01-08 22:47:30,76.0,54.0
2026-01-08 22:47:40,,
2026-01-08 22:47:50,,
2026-01-08 22:48:00,,
2026-01-08 22:48:10,,
2026-01-08 22:48:20,,
2026-01-08 22:48:30,77.0,53.0
2026-01-08 22:48:40,,
2026-01-08 22:48:50,,
2026-01-08 22:49:00,,
2026-01-08 22:49:10,,
2026-01-08 22:49:20,,
2026-01-08 22:49:30,77.0,54.0
2026-01-08 22:49:40,,
2026-01-08 22:49:50,,
2026-01-08 22:50:00,,
2026-01-08 22:50:10,,
2026-01-08 22:50:20,,
2026-01-08 22:50:30,77.0,56.0
2026-01-08 22:50:40,,
2026-01-08 22:50:50,,
2026-01-08 22:51:00,,
2026-01-08 22:51:10,,
2026-01-08 22:51:20,,
2026-01-08 22:51:30,76.0,53.0
2026-01-08 22:51:40,,
2026-01-08 22:51:50,,
2026-01-08 22:52:00,,
2026-01-08 22:52:10,,
2026-01-08 22:52:20,,
2026-01-08 22:52:30,78.0,58.0
2026-01-08 22:52:40,,
2026-01-08 22:52:50,,
2026-01-08 22:53:00,,
2026-01-08 22:53:10,,
2026-01-08 22:53:20,,
2026-01-08 22:53:30,77.0,54.0
2026-01-08 22:53:40,,
2026-01-08 22:53:50,,
2026-01-08 22:54:00,,
2026-01-08 22:54:10,,
2026-01-08 22:54:20,,
2026-01-08 22:54:30,78.0,54.0
2026-01-08 22:54:40,,
2026-01-08 22:54:50,,
2026-01-08 22:55:00,,
2026-01-08 22:55:10,,
2026-01-08 22:55:20,,
2026-01-08 22:55:30,79.0,53.0
2026-01-08 22:55:40,,
2026-01-08 22:55:50,,
2026-01-08 22:56:00,,
2026-01-08 22:56:10,,
2026-01-08 22:56:20,,
2026-01-08 22:56:30,79.0,54.0
2026-01-08 22:56:40,,
2026-01-08 22:56:50,,
2026-01-08 22:57:00,,
2026-01-08 22:57:10,,
2026-01-08 22:57:20,,
2026-01-08 22:57:30,79.0,53.0
2026-01-08 22:57:40,,
2026-01-08 22:57:50,,
2026-01-08 22:58:00,,
2026-01-08 22:58:10,,
2026-01-08 22:58:20,,
2026-01-08 22:58:30,77.0,53.0
2026-01-08 22:58:40,,
2026-01-08 22:58:50,,
2026-01-08 22:59:00,,
2026-01-08 22:59:10,,
2026-01-08 22:59:20,,
2026-01-08 22:59:30,79.0,53.0
2026-01-08 22:59:40,,
2026-01-08 22:59:50,,
2026-01-08 23:00:00,,
2026-01-08 23:00:10,,
2026-01-08 23:00:20,,
2026-01-08 23:00:30,78.0,53.0
2026-01-08 23:00:40,,
2026-01-08 23:00:50,,
2026-01-08 23:01:00,,
2026-01-08 23:01:10,,
2026-01-08 23:01:20,,
2026-01-08 23:01:30,78.0,56.0
2026-01-08 23:01:40,,
2026-01-08 23:01:50,,
2026-01-08 23:02:00,,
2026-01-08 23:02:10,,
2026-01-08 23:02:20,,
2026-01-08 23:02:30,79.0,56.0
2026-01-08 23:02:40,,
2026-01-08 23:02:50,,
2026-01-08 23:03:00,,
2026-01-08 23:03:10,,
2026-01-08 23:03:20,,
2026-01-08 23:03:30,80.0,52.0
2026-01-08 23:03:40,,
2026-01-08 23:03:50,,
2026-01-08 23:04:00,,
2026-01-08 23:04:10,,
2026-01-08 23:04:20,,
2026-01-08 23:04:30,78.0,53.0
2026-01-08 23:04:40,,
2026-01-08 23:04:50,,
2026-01-08 23:05:00,,
2026-01-08 23:05:10,,
2026-01-08 23:05:20,,
2026-01-08 23:05:30,78.0,53.0
2026-01-08 23:05:40,,
2026-01-08 23:05:50,,
2026-01-08 23:06:00,,
2026-01-08 23:06:10,,
2026-01-08 23:06:20,,
2026-01-08 23:06:30,78.0,55.0
2026-01-08 23:06:40,,
2026-01-08 23:06:50,,
2026-01-08 23:07:00,,
2026-01-08 23:07:10,,
2026-01-08 23:07:20,,
2026-01-08 23:07:30,77.0,53.0
2026-01-08 23:07:40,,
2026-01-08 23:07:50,,
2026-01-08 23:08:00,,
2026-01-08 23:08:10,,
2026-01-08 23:08:20,,
2026-01-08 23:08:30,77.0,53.0
2026-01-08 23:08:40,,
2026-01-08 23:08:50,,
2026-01-08 23:09:00,,
2026-01-08 23:09:10,,
2026-01-08 23:09:20,,
2026-01-08 23:09:30,78.0,52.0
2026-01-08 23:09:40,,
2026-01-08 23:09:50,,
2026-01-08 23:10:00,,
2026-01-08 23:10:10,,
2026-01-08 23:10:20,,
2026-01-08 23:10:30,78.0,51.0
2026-01-08 23:10:40,,
2026-01-08 23:10:50,,
2026-01-08 23:11:00,,
2026-01-08 23:11:10,,
2026-01-08 23:11:20,,
2026-01-08 23:11:30,77.0,54.0
2026-01-08 23:11:40,,
2026-01-08 23:11:50,,
2026-01-08 23:12:00,,
2026-01-08 23:12:10,,
2026-01-08 23:12:20,,
2026-01-08 23:12:30,78.0,52.0
2026-01-08 23:12:40,,
2026-01-08 23:12:50,,
2026-01-08 23:13:00,,
2026-01-08 23:13:10,,
2026-01-08 23:13:20,,
2026-01-08 23:13:30,79.0,51.0
2026-01-08 23:13:40,,
2026-01-08 23:13:50,,
2026-01-08 23:14:00,,
2026-01-08 23:14:10,,
2026-01-08 23:14:20,,
2026-01-08 23:14:30,78.0,52.0
2026-01-08 23:14:40,,
2026-01-08 23:14:50,,
2026-01-08 23:15:00,,
2026-01-08 23:15:10,,
2026-01-08 23:15:20,,
2026-01-08 23:15:30,80.0,50.0
2026-01-08 23:15:40,,
2026-01-08 23:15:50,,
2026-01-08 23:16:00,,
2026-01-08 23:16:10,,
2026-01-08 23:16:20,,
2026-01-08 23:16:30,80.0,52.0
2026-01-08 23:16:40,,
2026-01-08 23:16:50,,
2026-01-08 23:17:00,,
2026-01-08 23:17:10,,
2026-01-08 23:17:20,,
2026-01-08 23:17:30,78.0,51.0
2026-01-08 23:17:40,,
2026-01-08 23:17:50,,
2026-01-08 23:18:00,,
2026-01-08 23:18:10,,
2026-01-08 23:18:20,,
2026-01-08 23:18:30,79.0,51.0
2026-01-08 23:18:40,,
2026-01-08 23:18:50,,
2026-01-08 23:19:00,,
2026-01-08 23:19:10,,
2026-01-08 23:19:20,,
2026-01-08 23:19:30,80.0,51.0
2026-01-08 23:19:40,,
2026-01-08 23:19:50,,
2026-01-08 23:20:00,,
2026-01-08 23:20:10,,
2026-01-08 23:20:20,,
2026-01-08 23:20:30,79.0,50.0
2026-01-08 23:20:40,,
2026-01-08 23:20:50,,
2026-01-08 23:21:00,,
2026-01-08 23:21:10,,
2026-01-08 23:21:20,,
2026-01-08 23:21:30,78.0,52.0
2026-01-08 23:21:40,,
2026-01-08 23:21:50,,
2026-01-08 23:22:00,,
2026-01-08 23:22:10,,
2026-01-08 23:22:20,,
2026-01-08 23:22:30,78.0,54.0
2026-01-08 23:22:40,,
2026-01-08 23:22:50,,
2026-01-08 23:23:00,,
2026-01-08 23:23:10,,
2026-01-08 23:23:20,,
2026-01-08 23:23:30,80.0,54.0
2026-01-08 23:23:40,,
2026-01-08 23:23:50,,
2026-01-08 23:24:00,,
2026-01-08 23:24:10,,
2026-01-08 23:24:20,,
2026-01-08 23:24:30,78.0,53.0
2026-01-08 23:24:40,,
2026-01-08 23:24:50,,
2026-01-08 23:25:00,,
2026-01-08 23:25:10,,
2026-01-08 23:25:20,,
2026-01-08 23:25:30,78.0,53.0
2026-01-08 23:25:40,,
2026-01-08 23:25:50,,
2026-01-08 23:26:00,,
2026-01-08 23:26:10,,
2026-01-08 23:26:20,,
2026-01-08 23:26:30,78.0,54.0
2026-01-08 23:26:40,,
2026-01-08 23:26:50,,
2026-01-08 23:27:00,,
2026-01-08 23:27:10,,
2026-01-08 23:27:20,,
2026-01-08 23:27:30,79.0,51.0
2026-01-08 23:27:40,,
2026-01-08 23:27:50,,
2026-01-08 23:28:00,,
2026-01-08 23:28:10,,
2026-01-08 23:28:20,,
2026-01-08 23:28:30,78.0,51.0
2026-01-08 23:28:40,,
2026-01-08 23:28:50,,
2026-01-08 23:29:00,,
2026-01-08 23:29:10,,
2026-01-08 23:29:20,,
2026-01-08 23:29:30,80.0,52.0
2026-01-08 23:29:40,,
2026-01-08 23:29:50,,
2026-01-08 23:30:00,,
2026-01-08 23:30:10,,
2026-01-08 23:30:20,,
2026-01-08 23:30:30,78.0,51.0
2026-01-08 23:30:40,,
2026-01-08 23:30:50,,
2026-01-08 23:31:00,,
2026-01-08 23:31:10,,
2026-01-08 23:31:20,,
2026-01-08 23:31:30,81.0,56.0
2026-01-08 23:31:40,,
2026-01-08 23:31:50,,
2026-01-08 23:32:00,,
2026-01-08 23:32:10,,
2026-01-08 23:32:20,,
2026-01-08 23:32:30,78.0,52.0
2026-01-08 23:32:40,,
2026-01-08 23:32:50,,
2026-01-08 23:33:00,,
2026-01-08 23:33:10,,
2026-01-08 23:33:20,,
2026-01-08 23:33:30,81.0,50.0
2026-01-08 23:33:40,,
2026-01-08 23:33:50,,
2026-01-08 23:34:00,,
2026-01-08 23:34:10,,
2026-01-08 23:34:20,,
2026-01-08 23:34:30,81.0,52.0
2026-01-08 23:34:40,,
2026-01-08 23:34:50,,
2026-01-08 23:35:00,,
2026-01-08 23:35:10,,
2026-01-08 23:35:20,,
2026-01-08 23:35:30,78.0,51.0
2026-01-08 23:35:40,,
2026-01-08 23:35:50,,
2026-01-08 23:36:00,,
2026-01-08 23:36:10,,
2026-01-08 23:36:20,,
2026-01-08 23:36:30,80.0,52.0
2026-01-08 23:36:40,,
2026-01-08 23:36:50,,
2026-01-08 23:37:00,,
2026-01-08 23:37:10,,
2026-01-08 23:37:20,,
2026-01-08 23:37:30,81.0,56.0
2026-01-08 23:37:40,,
2026-01-08 23:37:50,,
2026-01-08 23:38:00,,
2026-01-08 23:38:10,,
2026-01-08 23:38:20,,
2026-01-08 23:38:30,80.0,51.0
2026-01-08 23:38:40,,
2026-01-08 23:38:50,,
2026-01-08 23:39:00,,
2026-01-08 23:39:10,,
2026-01-08 23:39:20,,
2026-01-08 23:39:30,79.0,51.0
2026-01-08 23:39:40,,
2026-01-08 23:39:50,,
2026-01-08 23:40:00,,
2026-01-08 23:40:10,,
2026-01-08 23:40:20,,
2026-01-08 23:40:30,79.0,53.0
2026-01-08 23:40:40,,
2026-01-08 23:40:50,,
2026-01-08 23:41:00,,
2026-01-08 23:41:10,,
2026-01-08 23:41:20,,
2026-01-08 23:41:30,77.0,56.0
2026-01-08 23:41:40,,
2026-01-08 23:41:50,,
2026-01-08 23:42:00,,
2026-01-08 23:42:10,,
2026-01-08 23:42:20,,
2026-01-08 23:42:30,78.0,52.0
2026-01-08 23:42:40,,
2026-01-08 23:42:50,,
2026-01-08 23:43:00,,
2026-01-08 23:43:10,,
2026-01-08 23:43:20,,
2026-01-08 23:43:30,78.0,52.0
2026-01-08 23:43:40,,
2026-01-08 23:43:50,,
2026-01-08 23:44:00,,
2026-01-08 23:44:10,,
2026-01-08 23:44:20,,
2026-01-08 23:44:30,78.0,52.0
2026-01-08 23:44:40,,
2026-01-08 23:44:50,,
2026-01-08 23:45:00,,
2026-01-08 23:45:10,,
2026-01-08 23:45:20,,
2026-01-08 23:45:30,79.0,52.0
2026-01-08 23:45:40,,
2026-01-08 23:45:50,,
2026-01-08 23:46:00,,
2026-01-08 23:46:10,,
2026-01-08 23:46:20,,
2026-01-08 23:46:30,77.0,51.0
2026-01-08 23:46:40,,
2026-01-08 23:46:50,,
2026-01-08 23:47:00,,
2026-01-08 23:47:10,,
2026-01-08 23:47:20,,
2026-01-08 23:47:30,80.0,53.0
2026-01-08 23:47:40,,
2026-01-08 23:47:50,,
2026-01-08 23:48:00,,
2026-01-08 23:48:10,,
2026-01-08 23:48:20,,
2026-01-08 23:48:30,79.0,54.0
2026-01-08 23:48:40,,
2026-01-08 23:48:50,,
2026-01-08 23:49:00,,
2026-01-08 23:49:10,,
2026-01-08 23:49:20,,
2026-01-08 23:49:30,81.0,50.0
2026-01-08 23:49:40,,
2026-01-08 23:49:50,,
2026-01-08 23:50:00,,
2026-01-08 23:50:10,,
2026-01-08 23:50:20,,
2026-01-08 23:50:30,80.0,50.0
2026-01-08 23:50:40,,
2026-01-08 23:50:50,,
2026-01-08 23:51:00,,
2026-01-08 23:51:10,,
2026-01-08 23:51:20,,
2026-01-08 23:51:30,78.0,51.0
2026-01-08 23:51:40,,
2026-01-08 23:51:50,,
2026-01-08 23:52:00,,
2026-01-08 23:52:10,,
2026-01-08 23:52:20,,
2026-01-08 23:52:30,77.0,51.0
2026-01-08 23:52:40,,
2026-01-08 23:52:50,,
2026-01-08 23:53:00,,
2026-01-08 23:53:10,,
2026-01-08 23:53:20,,
2026-01-08 23:53:30,77.0,51.0
2026-01-08 23:53:40,,
2026-01-08 23:53:50,,
2026-01-08 23:54:00,,
2026-01-08 23:54:10,,
2026-01-08 23:54:20,,
2026-01-08 23:54:30,79.0,51.0
2026-01-08 23:54:40,,
2026-01-08 23:54:50,,
2026-01-08 23:55:00,,
2026-01-08 23:55:10,,
2026-01-08 23:55:20,,
2026-01-08 23:55:30,78.0,51.0
2026-01-08 23:55:40,,
2026-01-08 23:55:50,,
2026-01-08 23:56:00,,
2026-01-08 23:56:10,,
2026-01-08 23:56:20,,
2026-01-08 23:56:30,80.0,52.0
2026-01-08 23:56:40,,
2026-01-08 23:56:50,,
2026-01-08 23:57:00,,
2026-01-08 23:57:10,,
2026-01-08 23:57:20,,
2026-01-08 23:57:30,82.0,51.0
2026-01-08 23:57:40,,
2026-01-08 23:57:50,,
2026-01-08 23:58:00,,
2026-01-08 23:58:10,,
2026-01-08 23:58:20,,
2026-01-08 23:58:30,79.0,56.0
2026-01-08 23:58:40,,
2026-01-08 23:58:50,,
2026-01-08 23:59:00,,
2026-01-08 23:59:10,,
2026-01-08 23:59:20,,
2026-01-08 23:59:30,67.0,56.0
2026-01-08 23:59:40,,
2026-01-08 23:59:50,,
2026-01-09 00:00:00,,
2026-01-09 00:00:10,,
2026-01-09 00:00:20,,
2026-01-09 00:00:30,67.0,55.0
2026-01-09 00:00:40,,
2026-01-09 00:00:50,,
2026-01-09 00:01:00,,
2026-01-09 00:01:10,,
2026-01-09 00:01:20,,
2026-01-09 00:01:30,66.0,56.0
2026-01-09 00:01:40,,
2026-01-09 00:01:50,,
2026-01-09 00:02:00,,
2026-01-09 00:02:10,,
2026-01-09 00:02:20,,
2026-01-09 00:02:30,67.0,55.0
2026-01-09 00:02:40,,
2026-01-09 00:02:50,,
2026-01-09 00:03:00,,
2026-01-09 00:03:10,,
2026-01-09 00:03:20,,
2026-01-09 00:03:30,66.0,56.0
2026-01-09 00:03:40,,
2026-01-09 00:03:50,,
2026-01-09 00:04:00,,
2026-01-09 00:04:10,,
2026-01-09 00:04:20,,
2026-01-09 00:04:30,64.0,56.0
2026-01-09 00:04:40,,
2026-01-09 00:04:50,,
2026-01-09 00:05:00,,
2026-01-09 00:05:10,,
2026-01-09 00:05:20,,
2026-01-09 00:05:30,64.0,52.0
2026-01-09 00:05:40,,
2026-01-09 00:05:50,,
2026-01-09 00:06:00,,
2026-01-09 00:06:10,,
2026-01-09 00:06:20,,
2026-01-09 00:06:30,63.0,53.0
2026-01-09 00:06:40,,
2026-01-09 00:06:50,,
2026-01-09 00:07:00,,
2026-01-09 00:07:10,,
2026-01-09 00:07:20,,
2026-01-09 00:07:30,64.0,53.0
2026-01-09 00:07:40,,
2026-01-09 00:07:50,,
2026-01-09 00:08:00,,
2026-01-09 00:08:10,,
2026-01-09 00:08:20,,
2026-01-09 00:08:30,63.0,53.0
2026-01-09 00:08:40,,
2026-01-09 00:08:50,,
2026-01-09 00:09:00,,
2026-01-09 00:09:10,,
2026-01-09 00:09:20,,
2026-01-09 00:09:30,61.0,52.0
2026-01-09 00:09:40,,
2026-01-09 00:09:50,,
2026-01-09 00:10:00,,
2026-01-09 00:10:10,,
2026-01-09 00:10:20,,
2026-01-09 00:10:30,58.0,51.0
2026-01-09 00:10:40,,
2026-01-09 00:10:50,,
2026-01-09 00:11:00,,
2026-01-09 00:11:10,,
2026-01-09 00:11:20,,
2026-01-09 00:11:30,59.0,51.0
2026-01-09 00:11:40,,
2026-01-09 00:11:50,,
2026-01-09 00:12:00,,
2026-01-09 00:12:10,,
2026-01-09 00:12:20,,
2026-01-09 00:12:30,60.0,55.0
2026-01-09 00:12:40,,
2026-01-09 00:12:50,,
2026-01-09 00:13:00,,
2026-01-09 00:13:10,,
2026-01-09 00:13:20,,
2026-01-09 00:13:30,56.0,52.0
2026-01-09 00:13:40,,
2026-01-09 00:13:50,,
2026-01-09 00:14:00,,
2026-01-09 00:14:10,,
2026-01-09 00:14:20,,
2026-01-09 00:14:30,55.0,52.0
2026-01-09 00:14:40,,
2026-01-09 00:14:50,,
2026-01-09 00:15:00,,
2026-01-09 00:15:10,,
2026-01-09 00:15:20,,
2026-01-09 00:15:30,58.0,54.0
2026-01-09 00:15:40,,
2026-01-09 00:15:50,,
2026-01-09 00:16:00,,
2026-01-09 00:16:10,,
2026-01-09 00:16:20,,
2026-01-09 00:16:30,53.0,53.0
2026-01-09 00:16:40,,
2026-01-09 00:16:50,,
2026-01-09 00:17:00,,
2026-01-09 00:17:10,,
2026-01-09 00:17:20,,
2026-01-09 00:17:30,53.0,52.0
2026-01-09 00:17:40,,
2026-01-09 00:17:50,,
2026-01-09 00:18:00,,
2026-01-09 00:18:10,,
2026-01-09 00:18:20,,
2026-01-09 00:18:30,56.0,55.0
2026-01-09 00:18:40,,
2026-01-09 00:18:50,,
2026-01-09 00:19:00,,
2026-01-09 00:19:10,,
2026-01-09 00:19:20,,
2026-01-09 00:19:30,56.0,58.0
2026-01-09 00:19:40,,
2026-01-09 00:19:50,,
2026-01-09 00:20:00,,
2026-01-09 00:20:10,,
2026-01-09 00:20:20,,
2026-01-09 00:20:30,55.0,56.0
2026-01-09 00:20:40,,
2026-01-09 00:20:50,,
2026-01-09 00:21:00,,
2026-01-09 00:21:10,,
2026-01-09 00:21:20,,
2026-01-09 00:21:30,57.0,56.0
2026-01-09 00:21:40,,
2026-01-09 00:21:50,,
2026-01-09 00:22:00,,
2026-01-09 00:22:10,,
2026-01-09 00:22:20,,
2026-01-09 00:22:30,57.0,54.0
2026-01-09 00:22:40,,
2026-01-09 00:22:50,,
2026-01-09 00:23:00,,
2026-01-09 00:23:10,,
2026-01-09 00:23:20,,
2026-01-09 00:23:30,56.0,52.0
2026-01-09 00:23:40,,
2026-01-09 00:23:50,,
2026-01-09 00:24:00,,
2026-01-09 00:24:10,,
2026-01-09 00:24:20,,
2026-01-09 00:24:30,55.0,52.0
2026-01-09 00:24:40,,
2026-01-09 00:24:50,,
2026-01-09 00:25:00,,
2026-01-09 00:25:10,,
2026-01-09 00:25:20,,
2026-01-09 00:25:30,57.0,50.0
2026-01-09 00:25:40,,
2026-01-09 00:25:50,,
2026-01-09 00:26:00,,
2026-01-09 00:26:10,,
2026-01-09 00:26:20,,
2026-01-09 00:26:30,56.0,51.0
2026-01-09 00:26:40,,
2026-01-09 00:26:50,,
2026-01-09 00:27:00,,
2026-01-09 00:27:10,,
2026-01-09 00:27:20,,
2026-01-09 00:27:30,57.0,50.0
2026-01-09 00:27:40,,
2026-01-09 00:27:50,,
2026-01-09 00:28:00,,
2026-01-09 00:28:10,,
2026-01-09 00:28:20,,
2026-01-09 00:28:30,58.0,52.0
2026-01-09 00:28:40,,
2026-01-09 00:28:50,,
2026-01-09 00:29:00,,
2026-01-09 00:29:10,,
2026-01-09 00:29:20,,
2026-01-09 00:29:30,57.0,51.0
2026-01-09 00:29:40,,
2026-01-09 00:29:50,,
2026-01-09 00:30:00,,
2026-01-09 00:30:10,,
2026-01-09 00:30:20,,
2026-01-09 00:30:30,57.0,53.0
2026-01-09 00:30:40,,
2026-01-09 00:30:50,,
2026-01-09 00:31:00,,
2026-01-09 00:31:10,,
2026-01-09 00:31:20,,
2026-01-09 00:31:30,58.0,53.0
2026-01-09 00:31:40,,
2026-01-09 00:31:50,,
2026-01-09 00:32:00,,
2026-01-09 00:32:10,,
2026-01-09 00:32:20,,
2026-01-09 00:32:30,60.0,51.0
2026-01-09 00:32:40,,
2026-01-09 00:32:50,,
2026-01-09 00:33:00,,
2026-01-09 00:33:10,,
2026-01-09 00:33:20,,
2026-01-09 00:33:30,57.0,53.0
2026-01-09 00:33:40,,
2026-01-09 00:33:50,,
2026-01-09 00:34:00,,
2026-01-09 00:34:10,,
2026-01-09 00:34:20,,
2026-01-09 00:34:30,60.0,49.0
2026-01-09 00:34:40,,
2026-01-09 00:34:50,,
2026-01-09 00:35:00,,
2026-01-09 00:35:10,,
2026-01-09 00:35:20,,
2026-01-09 00:35:30,61.0,51.0
2026-01-09 00:35:40,,
2026-01-09 00:35:50,,
2026-01-09 00:36:00,,
2026-01-09 00:36:10,,
2026-01-09 00:36:20,,
2026-01-09 00:36:30,58.0,51.0
2026-01-09 00:36:40,,
2026-01-09 00:36:50,,
2026-01-09 00:37:00,,
2026-01-09 00:37:10,,
2026-01-09 00:37:20,,
2026-01-09 00:37:30,60.0,50.0
2026-01-09 00:37:40,,
2026-01-09 00:37:50,,
2026-01-09 00:38:00,,
2026-01-09 00:38:10,,
2026-01-09 00:38:20,,
2026-01-09 00:38:30,62.0,49.0
2026-01-09 00:38:40,,
2026-01-09 00:38:50,,
2026-01-09 00:39:00,,
2026-01-09 00:39:10,,
2026-01-09 00:39:20,,
2026-01-09 00:39:30,58.0,48.0
2026-01-09 00:39:40,,
2026-01-09 00:39:50,,
2026-01-09 00:40:00,,
2026-01-09 00:40:10,,
2026-01-09 00:40:20,,
2026-01-09 00:40:30,59.0,51.0
2026-01-09 00:40:40,,
2026-01-09 00:40:50,,
2026-01-09 00:41:00,,
2026-01-09 00:41:10,,
2026-01-09 00:41:20,,
2026-01-09 00:41:30,59.0,50.0
2026-01-09 00:41:40,,
2026-01-09 00:41:50,,
2026-01-09 00:42:00,,
2026-01-09 00:42:10,,
2026-01-09 00:42:20,,
2026-01-09 00:42:30,58.0,51.0
2026-01-09 00:42:40,,
2026-01-09 00:42:50,,
2026-01-09 00:43:00,,
2026-01-09 00:43:10,,
2026-01-09 00:43:20,,
2026-01-09 00:43:30,60.0,53.0
2026-01-09 00:43:40,,
2026-01-09 00:43:50,,
2026-01-09 00:44:00,,
2026-01-09 00:44:10,,
2026-01-09 00:44:20,,
2026-01-09 00:44:30,58.0,51.0
2026-01-09 00:44:40,,
2026-01-09 00:44:50,,
2026-01-09 00:45:00,,
2026-01-09 00:45:10,,
2026-01-09 00:45:20,,
2026-01-09 00:45:30,59.0,53.0
2026-01-09 00:45:40,,
2026-01-09 00:45:50,,
2026-01-09 00:46:00,,
2026-01-09 00:46:10,,
2026-01-09 00:46:20,,
2026-01-09 00:46:30,58.0,51.0
2026-01-09 00:46:40,,
2026-01-09 00:46:50,,
2026-01-09 00:47:00,,
2026-01-09 00:47:10,,
2026-01-09 00:47:20,,
2026-01-09 00:47:30,58.0,50.0
2026-01-09 00:47:40,,
2026-01-09 00:47:50,,
2026-01-09 00:48:00,,
2026-01-09 00:48:10,,
2026-01-09 00:48:20,,
2026-01-09 00:48:30,61.0,50.0
2026-01-09 00:48:40,,
2026-01-09 00:48:50,,
2026-01-09 00:49:00,,
2026-01-09 00:49:10,,
2026-01-09 00:49:20,,
2026-01-09 00:49:30,58.0,57.0
2026-01-09 00:49:40,,
2026-01-09 00:49:50,,
2026-01-09 00:50:00,,
2026-01-09 00:50:10,,
2026-01-09 00:50:20,,
2026-01-09 00:50:30,55.0,53.0
2026-01-09 00:50:40,,
2026-01-09 00:50:50,,
2026-01-09 00:51:00,,
2026-01-09 00:51:10,,
2026-01-09 00:51:20,,
2026-01-09 00:51:30,57.0,52.0
2026-01-09 00:51:40,,
2026-01-09 00:51:50,,
2026-01-09 00:52:00,,
2026-01-09 00:52:10,,
2026-01-09 00:52:20,,
2026-01-09 00:52:30,57.0,45.0
2026-01-09 00:52:40,,
2026-01-09 00:52:50,,
2026-01-09 00:53:00,,
2026-01-09 00:53:10,,
2026-01-09 00:53:20,,
2026-01-09 00:53:30,57.0,45.0
2026-01-09 00:53:40,,
2026-01-09 00:53:50,,
2026-01-09 00:54:00,,
2026-01-09 00:54:10,,
2026-01-09 00:54:20,,
2026-01-09 00:54:30,57.0,44.0
2026-01-09 00:54:40,,
2026-01-09 00:54:50,,
2026-01-09 00:55:00,,
2026-01-09 00:55:10,,
2026-01-09 00:55:20,,
2026-01-09 00:55:30,57.0,49.0
2026-01-09 00:55:40,,
2026-01-09 00:55:50,,
2026-01-09 00:56:00,,
2026-01-09 00:56:10,,
2026-01-09 00:56:20,,
2026-01-09 00:56:30,55.0,50.0
2026-01-09 00:56:40,,
2026-01-09 00:56:50,,
2026-01-09 00:57:00,,
2026-01-09 00:57:10,,
2026-01-09 00:57:20,,
2026-01-09 00:57:30,57.0,47.0
2026-01-09 00:57:40,,
2026-01-09 00:57:50,,
2026-01-09 00:58:00,,
2026-01-09 00:58:10,,
2026-01-09 00:58:20,,
2026-01-09 00:58:30,55.0,51.0
2026-01-09 00:58:40,,
2026-01-09 00:58:50,,
2026-01-09 00:59:00,,
2026-01-09 00:59:10,,
2026-01-09 00:59:20,,
2026-01-09 00:59:30,54.0,50.0
2026-01-09 00:59:40,,
2026-01-09 00:59:50,,
2026-01-09 01:00:00,,
2026-01-09 01:00:10,,
2026-01-09 01:00:20,,
2026-01-09 01:00:30,57.0,48.0
2026-01-09 01:00:40,,
2026-01-09 01:00:50,,
2026-01-09 01:01:00,,
2026-01-09 01:01:10,,
2026-01-09 01:01:20,,
2026-01-09 01:01:30,58.0,48.0
2026-01-09 01:01:40,,
2026-01-09 01:01:50,,
2026-01-09 01:02:00,,
2026-01-09 01:02:10,,
2026-01-09 01:02:20,,
2026-01-09 01:02:30,57.0,47.0
2026-01-09 01:02:40,,
2026-01-09 01:02:50,,
2026-01-09 01:03:00,,
2026-01-09 01:03:10,,
2026-01-09 01:03:20,,
2026-01-09 01:03:30,57.0,49.0
2026-01-09 01:03:40,,
2026-01-09 01:03:50,,
2026-01-09 01:04:00,,
2026-01-09 01:04:10,,
2026-01-09 01:04:20,,
2026-01-09 01:04:30,57.0,44.0
2026-01-09 01:04:40,,
2026-01-09 01:04:50,,
2026-01-09 01:05:00,,
2026-01-09 01:05:10,,
2026-01-09 01:05:20,,
2026-01-09 01:05:30,57.0,45.0
2026-01-09 01:05:40,,
2026-01-09 01:05:50,,
2026-01-09 01:06:00,,
2026-01-09 01:06:10,,
2026-01-09 01:06:20,,
2026-01-09 01:06:30,56.0,49.0
2026-01-09 01:06:40,,
2026-01-09 01:06:50,,
2026-01-09 01:07:00,,
2026-01-09 01:07:10,,
2026-01-09 01:07:20,,
2026-01-09 01:07:30,58.0,49.0
2026-01-09 01:07:40,,
2026-01-09 01:07:50,,
2026-01-09 01:08:00,,
2026-01-09 01:08:10,,
2026-01-09 01:08:20,,
2026-01-09 01:08:30,57.0,48.0
2026-01-09 01:08:40,,
2026-01-09 01:08:50,,
2026-01-09 01:09:00,,
2026-01-09 01:09:10,,
2026-01-09 01:09:20,,
2026-01-09 01:09:30,55.0,48.0
2026-01-09 01:09:40,,
2026-01-09 01:09:50,,
2026-01-09 01:10:00,,
2026-01-09 01:10:10,,
2026-01-09 01:10:20,,
2026-01-09 01:10:30,56.0,47.0
2026-01-09 01:10:40,,
2026-01-09 01:10:50,,
2026-01-09 01:11:00,,
2026-01-09 01:11:10,,
2026-01-09 01:11:20,,
2026-01-09 01:11:30,55.0,51.0
2026-01-09 01:11:40,,
2026-01-09 01:11:50,,
2026-01-09 01:12:00,,
2026-01-09 01:12:10,,
2026-01-09 01:12:20,,
2026-01-09 01:12:30,55.0,50.0
2026-01-09 01:12:40,,
2026-01-09 01:12:50,,
2026-01-09 01:13:00,,
2026-01-09 01:13:10,,
2026-01-09 01:13:20,,
2026-01-09 01:13:30,56.0,49.0
2026-01-09 01:13:40,,
2026-01-09 01:13:50,,
2026-01-09 01:14:00,,
2026-01-09 01:14:10,,
2026-01-09 01:14:20,,
2026-01-09 01:14:30,55.0,48.0
2026-01-09 01:14:40,,
2026-01-09 01:14:50,,
2026-01-09 01:15:00,,
2026-01-09 01:15:10,,
2026-01-09 01:15:20,,
2026-01-09 01:15:30,54.0,48.0
2026-01-09 01:15:40,,
2026-01-09 01:15:50,,
2026-01-09 01:16:00,,
2026-01-09 01:16:10,,
2026-01-09 01:16:20,,
2026-01-09 01:16:30,55.0,47.0
2026-01-09 01:16:40,,
2026-01-09 01:16:50,,
2026-01-09 01:17:00,,
2026-01-09 01:17:10,,
2026-01-09 01:17:20,,
2026-01-09 01:17:30,55.0,48.0
2026-01-09 01:17:40,,
2026-01-09 01:17:50,,
2026-01-09 01:18:00,,
2026-01-09 01:18:10,,
2026-01-09 01:18:20,,
2026-01-09 01:18:30,55.0,46.0
2026-01-09 01:18:40,,
2026-01-09 01:18:50,,
2026-01-09 01:19:00,,
2026-01-09 01:19:10,,
2026-01-09 01:19:20,,
2026-01-09 01:19:30,57.0,51.0
2026-01-09 01:19:40,,
2026-01-09 01:19:50,,
2026-01-09 01:20:00,,
2026-01-09 01:20:10,,
2026-01-09 01:20:20,,
2026-01-09 01:20:30,53.0,47.0
2026-01-09 01:20:40,,
2026-01-09 01:20:50,,
2026-01-09 01:21:00,,
2026-01-09 01:21:10,,
2026-01-09 01:21:20,,
2026-01-09 01:21:30,54.0,45.0
2026-01-09 01:21:40,,
2026-01-09 01:21:50,,
2026-01-09 01:22:00,,
2026-01-09 01:22:10,,
2026-01-09 01:22:20,,
2026-01-09 01:22:30,53.0,46.0
2026-01-09 01:22:40,,
2026-01-09 01:22:50,,
2026-01-09 01:23:00,,
2026-01-09 01:23:10,,
2026-01-09 01:23:20,,
2026-01-09 01:23:30,55.0,43.0
2026-01-09 01:23:40,,
2026-01-09 01:23:50,,
2026-01-09 01:24:00,,
2026-01-09 01:24:10,,
2026-01-09 01:24:20,,
2026-01-09 01:24:30,57.0,44.0
2026-01-09 01:24:40,,
2026-01-09 01:24:50,,
2026-01-09 01:25:00,,
2026-01-09 01:25:10,,
2026-01-09 01:25:20,,
2026-01-09 01:25:30,53.0,46.0
2026-01-09 01:25:40,,
2026-01-09 01:25:50,,
2026-01-09 01:26:00,,
2026-01-09 01:26:10,,
2026-01-09 01:26:20,,
2026-01-09 01:26:30,54.0,45.0
2026-01-09 01:26:40,,
2026-01-09 01:26:50,,
2026-01-09 01:27:00,,
2026-01-09 01:27:10,,
2026-01-09 01:27:20,,
2026-01-09 01:27:30,57.0,43.0
2026-01-09 01:27:40,,
2026-01-09 01:27:50,,
2026-01-09 01:28:00,,
2026-01-09 01:28:10,,
2026-01-09 01:28:20,,
2026-01-09 01:28:30,54.0,47.0
2026-01-09 01:28:40,,
2026-01-09 01:28:50,,
2026-01-09 01:29:00,,
2026-01-09 01:29:10,,
2026-01-09 01:29:20,,
2026-01-09 01:29:30,55.0,45.0
2026-01-09 01:29:40,,
2026-01-09 01:29:50,,
2026-01-09 01:30:00,,
2026-01-09 01:30:10,,
2026-01-09 01:30:20,,
2026-01-09 01:30:30,57.0,43.0
2026-01-09 01:30:40,,
2026-01-09 01:30:50,,
2026-01-09 01:31:00,,
2026-01-09 01:31:10,,
2026-01-09 01:31:20,,
2026-01-09 01:31:30,58.0,47.0
2026-01-09 01:31:40,,
2026-01-09 01:31:50,,
2026-01-09 01:32:00,,
2026-01-09 01:32:10,,
2026-01-09 01:32:20,,
2026-01-09 01:32:30,55.0,46.0
2026-01-09 01:32:40,,
2026-01-09 01:32:50,,
2026-01-09 01:33:00,,
2026-01-09 01:33:10,,
2026-01-09 01:33:20,,
2026-01-09 01:33:30,54.0,44.0
2026-01-09 01:33:40,,
2026-01-09 01:33:50,,
2026-01-09 01:34:00,,
2026-01-09 01:34:10,,
2026-01-09 01:34:20,,
2026-01-09 01:34:30,57.0,46.0
2026-01-09 01:34:40,,
2026-01-09 01:34:50,,
2026-01-09 01:35:00,,
2026-01-09 01:35:10,,
2026-01-09 01:35:20,,
2026-01-09 01:35:30,56.0,45.0
2026-01-09 01:35:40,,
2026-01-09 01:35:50,,
2026-01-09 01:36:00,,
2026-01-09 01:36:10,,
2026-01-09 01:36:20,,
2026-01-09 01:36:30,57.0,47.0
2026-01-09 01:36:40,,
2026-01-09 01:36:50,,
2026-01-09 01:37:00,,
2026-01-09 01:37:10,,
2026-01-09 01:37:20,,
2026-01-09 01:37:30,53.0,45.0
2026-01-09 01:37:40,,
2026-01-09 01:37:50,,
2026-01-09 01:38:00,,
2026-01-09 01:38:10,,
2026-01-09 01:38:20,,
2026-01-09 01:38:30,54.0,47.0
2026-01-09 01:38:40,,
2026-01-09 01:38:50,,
2026-01-09 01:39:00,,
2026-01-09 01:39:10,,
2026-01-09 01:39:20,,
2026-01-09 01:39:30,56.0,44.0
2026-01-09 01:39:40,,
2026-01-09 01:39:50,,
2026-01-09 01:40:00,,
2026-01-09 01:40:10,,
2026-01-09 01:40:20,,
2026-01-09 01:40:30,56.0,44.0
2026-01-09 01:40:40,,
2026-01-09 01:40:50,,
2026-01-09 01:41:00,,
2026-01-09 01:41:10,,
2026-01-09 01:41:20,,
2026-01-09 01:41:30,55.0,47.0
2026-01-09 01:41:40,,
2026-01-09 01:41:50,,
2026-01-09 01:42:00,,
2026-01-09 01:42:10,,
2026-01-09 01:42:20,,
2026-01-09 01:42:30,55.0,45.0
2026-01-09 01:42:40,,
2026-01-09 01:42:50,,
2026-01-09 01:43:00,,
2026-01-09 01:43:10,,
2026-01-09 01:43:20,,
2026-01-09 01:43:30,56.0,46.0
2026-01-09 01:43:40,,
2026-01-09 01:43:50,,
2026-01-09 01:44:00,,
2026-01-09 01:44:10,,
2026-01-09 01:44:20,,
2026-01-09 01:44:30,58.0,47.0
2026-01-09 01:44:40,,
2026-01-09 01:44:50,,
2026-01-09 01:45:00,,
2026-01-09 01:45:10,,
2026-01-09 01:45:20,,
2026-01-09 01:45:30,54.0,49.0
2026-01-09 01:45:40,,
2026-01-09 01:45:50,,
2026-01-09 01:46:00,,
2026-01-09 01:46:10,,
2026-01-09 01:46:20,,
2026-01-09 01:46:30,55.0,44.0
2026-01-09 01:46:40,,
2026-01-09 01:46:50,,
2026-01-09 01:47:00,,
2026-01-09 01:47:10,,
2026-01-09 01:47:20,,
2026-01-09 01:47:30,54.0,45.0
2026-01-09 01:47:40,,
2026-01-09 01:47:50,,
2026-01-09 01:48:00,,
2026-01-09 01:48:10,,
2026-01-09 01:48:20,,
2026-01-09 01:48:30,57.0,46.0
2026-01-09 01:48:40,,
2026-01-09 01:48:50,,
2026-01-09 01:49:00,,
2026-01-09 01:49:10,,
2026-01-09 01:49:20,,
2026-01-09 01:49:30,54.0,44.0
2026-01-09 01:49:40,,
2026-01-09 01:49:50,,
2026-01-09 01:50:00,,
2026-01-09 01:50:10,,
2026-01-09 01:50:20,,
2026-01-09 01:50:30,55.0,45.0
2026-01-09 01:50:40,,
2026-01-09 01:50:50,,
2026-01-09 01:51:00,,
2026-01-09 01:51:10,,
2026-01-09 01:51:20,,
2026-01-09 01:51:30,55.0,46.0
2026-01-09 01:51:40,,
2026-01-09 01:51:50,,
2026-01-09 01:52:00,,
2026-01-09 01:52:10,,
2026-01-09 01:52:20,,
2026-01-09 01:52:30,55.0,46.0
2026-01-09 01:52:40,,
2026-01-09 01:52:50,,
2026-01-09 01:53:00,,
2026-01-09 01:53:10,,
2026-01-09 01:53:20,,
2026-01-09 01:53:30,55.0,48.0
2026-01-09 01:53:40,,
2026-01-09 01:53:50,,
2026-01-09 01:54:00,,
2026-01-09 01:54:10,,
2026-01-09 01:54:20,,
2026-01-09 01:54:30,56.0,49.0
2026-01-09 01:54:40,,
2026-01-09 01:54:50,,
2026-01-09 01:55:00,,
2026-01-09 01:55:10,,
2026-01-09 01:55:20,,
2026-01-09 01:55:30,52.0,49.0
2026-01-09 01:55:40,,
2026-01-09 01:55:50,,
2026-01-09 01:56:00,,
2026-01-09 01:56:10,,
2026-01-09 01:56:20,,
2026-01-09 01:56:30,53.0,46.0
2026-01-09 01:56:40,,
2026-01-09 01:56:50,,
2026-01-09 01:57:00,,
2026-01-09 01:57:10,,
2026-01-09 01:57:20,,
2026-01-09 01:57:30,51.0,47.0
2026-01-09 01:57:40,,
2026-01-09 01:57:50,,
2026-01-09 01:58:00,,
2026-01-09 01:58:10,,
2026-01-09 01:58:20,,
2026-01-09 01:58:30,51.0,53.0
2026-01-09 01:58:40,,
2026-01-09 01:58:50,,
2026-01-09 01:59:00,,
2026-01-09 01:59:10,,
2026-01-09 01:59:20,,
2026-01-09 01:59:30,53.0,47.0
2026-01-09 01:59:40,,
2026-01-09 01:59:50,,
2026-01-09 02:00:00,,
2026-01-09 02:00:10,,
2026-01-09 02:00:20,,
2026-01-09 02:00:30,54.0,49.0
2026-01-09 02:00:40,,
2026-01-09 02:00:50,,
2026-01-09 02:01:00,,
2026-01-09 02:01:10,,
2026-01-09 02:01:20,,
2026-01-09 02:01:30,52.0,49.0
2026-01-09 02:01:40,,
2026-01-09 02:01:50,,
2026-01-09 02:02:00,,
2026-01-09 02:02:10,,
2026-01-09 02:02:20,,
2026-01-09 02:02:30,52.0,56.0
2026-01-09 02:02:40,,
2026-01-09 02:02:50,,
2026-01-09 02:03:00,,
2026-01-09 02:03:10,,
2026-01-09 02:03:20,,
2026-01-09 02:03:30,53.0,55.0
2026-01-09 02:03:40,,
2026-01-09 02:03:50,,
2026-01-09 02:04:00,,
2026-01-09 02:04:10,,
2026-01-09 02:04:20,,
2026-01-09 02:04:30,50.0,50.0
2026-01-09 02:04:40,,
2026-01-09 02:04:50,,
2026-01-09 02:05:00,,
2026-01-09 02:05:10,,
2026-01-09 02:05:20,,
2026-01-09 02:05:30,48.0,49.0
2026-01-09 02:05:40,,
2026-01-09 02:05:50,,
2026-01-09 02:06:00,,
2026-01-09 02:06:10,,
2026-01-09 02:06:20,,
2026-01-09 02:06:30,50.0,46.0
2026-01-09 02:06:40,,
2026-01-09 02:06:50,,
2026-01-09 02:07:00,,
2026-01-09 02:07:10,,
2026-01-09 02:07:20,,
2026-01-09 02:07:30,53.0,44.0
2026-01-09 02:07:40,,
2026-01-09 02:07:50,,
2026-01-09 02:08:00,,
2026-01-09 02:08:10,,
2026-01-09 02:08:20,,
2026-01-09 02:08:30,52.0,47.0
2026-01-09 02:08:40,,
2026-01-09 02:08:50,,
2026-01-09 02:09:00,,
2026-01-09 02:09:10,,
2026-01-09 02:09:20,,
2026-01-09 02:09:30,51.0,46.0
2026-01-09 02:09:40,,
2026-01-09 02:09:50,,
2026-01-09 02:10:00,,
2026-01-09 02:10:10,,
2026-01-09 02:10:20,,
2026-01-09 02:10:30,51.0,44.0
2026-01-09 02:10:40,,
2026-01-09 02:10:50,,
2026-01-09 02:11:00,,
2026-01-09 02:11:10,,
2026-01-09 02:11:20,,
2026-01-09 02:11:30,52.0,46.0
2026-01-09 02:11:40,,
2026-01-09 02:11:50,,
2026-01-09 02:12:00,,
2026-01-09 02:12:10,,
2026-01-09 02:12:20,,
2026-01-09 02:12:30,52.0,46.0
2026-01-09 02:12:40,,
2026-01-09 02:12:50,,
2026-01-09 02:13:00,,
2026-01-09 02:13:10,,
2026-01-09 02:13:20,,
2026-01-09 02:13:30,50.0,46.0
2026-01-09 02:13:40,,
2026-01-09 02:13:50,,
2026-01-09 02:14:00,,
2026-01-09 02:14:10,,
2026-01-09 02:14:20,,
2026-01-09 02:14:30,52.0,71.0
2026-01-09 02:14:40,,
2026-01-09 02:14:50,,
2026-01-09 02:15:00,,
2026-01-09 02:15:10,,
2026-01-09 02:15:20,,
2026-01-09 02:15:30,51.0,47.0
2026-01-09 02:15:40,,
2026-01-09 02:15:50,,
2026-01-09 02:16:00,,
2026-01-09 02:16:10,,
2026-01-09 02:16:20,,
2026-01-09 02:16:30,49.0,47.0
2026-01-09 02:16:40,,
2026-01-09 02:16:50,,
2026-01-09 02:17:00,,
2026-01-09 02:17:10,,
2026-01-09 02:17:20,,
2026-01-09 02:17:30,51.0,52.0
2026-01-09 02:17:40,,
2026-01-09 02:17:50,,
2026-01-09 02:18:00,,
2026-01-09 02:18:10,,
2026-01-09 02:18:20,,
2026-01-09 02:18:30,54.0,53.0
2026-01-09 02:18:40,,
2026-01-09 02:18:50,,
2026-01-09 02:19:00,,
2026-01-09 02:19:10,,
2026-01-09 02:19:20,,
2026-01-09 02:19:30,49.0,50.0
2026-01-09 02:19:40,,
2026-01-09 02:19:50,,
2026-01-09 02:20:00,,
2026-01-09 02:20:10,,
2026-01-09 02:20:20,,
2026-01-09 02:20:30,50.0,46.0
2026-01-09 02:20:40,,
2026-01-09 02:20:50,,
2026-01-09 02:21:00,,
2026-01-09 02:21:10,,
2026-01-09 02:21:20,,
2026-01-09 02:21:30,50.0,49.0
2026-01-09 02:21:40,,
2026-01-09 02:21:50,,
2026-01-09 02:22:00,,
2026-01-09 02:22:10,,
2026-01-09 02:22:20,,
2026-01-09 02:22:30,50.0,53.0
2026-01-09 02:22:40,,
2026-01-09 02:22:50,,
2026-01-09 02:23:00,,
2026-01-09 02:23:10,,
2026-01-09 02:23:20,,
2026-01-09 02:23:30,50.0,52.0
2026-01-09 02:23:40,,
2026-01-09 02:23:50,,
2026-01-09 02:24:00,,
2026-01-09 02:24:10,,
2026-01-09 02:24:20,,
2026-01-09 02:24:30,50.0,50.0
2026-01-09 02:24:40,,
2026-01-09 02:24:50,,
2026-01-09 02:25:00,,
2026-01-09 02:25:10,,
2026-01-09 02:25:20,,
2026-01-09 02:25:30,50.0,51.0
2026-01-09 02:25:40,,
2026-01-09 02:25:50,,
2026-01-09 02:26:00,,
2026-01-09 02:26:10,,
2026-01-09 02:26:20,,
2026-01-09 02:26:30,48.0,49.0
2026-01-09 02:26:40,,
2026-01-09 02:26:50,,
2026-01-09 02:27:00,,
2026-01-09 02:27:10,,
2026-01-09 02:27:20,,
2026-01-09 02:27:30,49.0,48.0
2026-01-09 02:27:40,,
2026-01-09 02:27:50,,
2026-01-09 02:28:00,,
2026-01-09 02:28:10,,
2026-01-09 02:28:20,,
2026-01-09 02:28:30,48.0,49.0
2026-01-09 02:28:40,,
2026-01-09 02:28:50,,
2026-01-09 02:29:00,,
2026-01-09 02:29:10,,
2026-01-09 02:29:20,,
2026-01-09 02:29:30,51.0,49.0
2026-01-09 02:29:40,,
2026-01-09 02:29:50,,
2026-01-09 02:30:00,,
2026-01-09 02:30:10,,
2026-01-09 02:30:20,,
2026-01-09 02:30:30,49.0,49.0
2026-01-09 02:30:40,,
2026-01-09 02:30:50,,
2026-01-09 02:31:00,,
2026-01-09 02:31:10,,
2026-01-09 02:31:20,,
2026-01-09 02:31:30,50.0,47.0
2026-01-09 02:31:40,,
2026-01-09 02:31:50,,
2026-01-09 02:32:00,,
2026-01-09 02:32:10,,
2026-01-09 02:32:20,,
2026-01-09 02:32:30,49.0,49.0
2026-01-09 02:32:40,,
2026-01-09 02:32:50,,
2026-01-09 02:33:00,,
2026-01-09 02:33:10,,
2026-01-09 02:33:20,,
2026-01-09 02:33:30,48.0,52.0
2026-01-09 02:33:40,,
2026-01-09 02:33:50,,
2026-01-09 02:34:00,,
2026-01-09 02:34:10,,
2026-01-09 02:34:20,,
2026-01-09 02:34:30,49.0,46.0
2026-01-09 02:34:40,,
2026-01-09 02:34:50,,
2026-01-09 02:35:00,,
2026-01-09 02:35:10,,
2026-01-09 02:35:20,,
2026-01-09 02:35:30,49.0,47.0
2026-01-09 02:35:40,,
2026-01-09 02:35:50,,
2026-01-09 02:36:00,,
2026-01-09 02:36:10,,
2026-01-09 02:36:20,,
2026-01-09 02:36:30,50.0,48.0
2026-01-09 02:36:40,,
2026-01-09 02:36:50,,
2026-01-09 02:37:00,,
2026-01-09 02:37:10,,
2026-01-09 02:37:20,,
2026-01-09 02:37:30,52.0,46.0
2026-01-09 02:37:40,,
2026-01-09 02:37:50,,
2026-01-09 02:38:00,,
2026-01-09 02:38:10,,
2026-01-09 02:38:20,,
2026-01-09 02:38:30,51.0,44.0
2026-01-09 02:38:40,,
2026-01-09 02:38:50,,
2026-01-09 02:39:00,,
2026-01-09 02:39:10,,
2026-01-09 02:39:20,,
2026-01-09 02:39:30,50.0,45.0
2026-01-09 02:39:40,,
2026-01-09 02:39:50,,
2026-01-09 02:40:00,,
2026-01-09 02:40:10,,
2026-01-09 02:40:20,,
2026-01-09 02:40:30,51.0,45.0
2026-01-09 02:40:40,,
2026-01-09 02:40:50,,
2026-01-09 02:41:00,,
2026-01-09 02:41:10,,
2026-01-09 02:41:20,,
2026-01-09 02:41:30,50.0,46.0
2026-01-09 02:41:40,,
2026-01-09 02:41:50,,
2026-01-09 02:42:00,,
2026-01-09 02:42:10,,
2026-01-09 02:42:20,,
2026-01-09 02:42:30,54.0,43.0
2026-01-09 02:42:40,,
2026-01-09 02:42:50,,
2026-01-09 02:43:00,,
2026-01-09 02:43:10,,
2026-01-09 02:43:20,,
2026-01-09 02:43:30,52.0,48.0
2026-01-09 02:43:40,,
2026-01-09 02:43:50,,
2026-01-09 02:44:00,,
2026-01-09 02:44:10,,
2026-01-09 02:44:20,,
2026-01-09 02:44:30,48.0,46.0
2026-01-09 02:44:40,,
2026-01-09 02:44:50,,
2026-01-09 02:45:00,,
2026-01-09 02:45:10,,
2026-01-09 02:45:20,,
2026-01-09 02:45:30,49.0,45.0
2026-01-09 02:45:40,,
2026-01-09 02:45:50,,
2026-01-09 02:46:00,,
2026-01-09 02:46:10,,
2026-01-09 02:46:20,,
2026-01-09 02:46:30,50.0,45.0
2026-01-09 02:46:40,,
2026-01-09 02:46:50,,
2026-01-09 02:47:00,,
2026-01-09 02:47:10,,
2026-01-09 02:47:20,,
2026-01-09 02:47:30,50.0,48.0
2026-01-09 02:47:40,,
2026-01-09 02:47:50,,
2026-01-09 02:48:00,,
2026-01-09 02:48:10,,
2026-01-09 02:48:20,,
2026-01-09 02:48:30,50.0,50.0
2026-01-09 02:48:40,,
2026-01-09 02:48:50,,
2026-01-09 02:49:00,,
2026-01-09 02:49:10,,
2026-01-09 02:49:20,,
2026-01-09 02:49:30,49.0,49.0
2026-01-09 02:49:40,,
2026-01-09 02:49:50,,
2026-01-09 02:50:00,,
2026-01-09 02:50:10,,
2026-01-09 02:50:20,,
2026-01-09 02:50:30,50.0,52.0
2026-01-09 02:50:40,,
2026-01-09 02:50:50,,
2026-01-09 02:51:00,,
2026-01-09 02:51:10,,
2026-01-09 02:51:20,,
2026-01-09 02:51:30,50.0,52.0
2026-01-09 02:51:40,,
2026-01-09 02:51:50,,
2026-01-09 02:52:00,,
2026-01-09 02:52:10,,
2026-01-09 02:52:20,,
2026-01-09 02:52:30,51.0,51.0
2026-01-09 02:52:40,,
2026-01-09 02:52:50,,
2026-01-09 02:53:00,,
2026-01-09 02:53:10,,
2026-01-09 02:53:20,,
2026-01-09 02:53:30,50.0,45.0
2026-01-09 02:53:40,,
2026-01-09 02:53:50,,
2026-01-09 02:54:00,,
2026-01-09 02:54:10,,
2026-01-09 02:54:20,,
2026-01-09 02:54:30,51.0,46.0
2026-01-09 02:54:40,,
2026-01-09 02:54:50,,
2026-01-09 02:55:00,,
2026-01-09 02:55:10,,
2026-01-09 02:55:20,,
2026-01-09 02:55:30,53.0,48.0
2026-01-09 02:55:40,,
2026-01-09 02:55:50,,
2026-01-09 02:56:00,,
2026-01-09 02:56:10,,
2026-01-09 02:56:20,,
2026-01-09 02:56:30,53.0,48.0
2026-01-09 02:56:40,,
2026-01-09 02:56:50,,
2026-01-09 02:57:00,,
2026-01-09 02:57:10,,
2026-01-09 02:57:20,,
2026-01-09 02:57:30,52.0,45.0
2026-01-09 02:57:40,,
2026-01-09 02:57:50,,
2026-01-09 02:58:00,,
2026-01-09 02:58:10,,
2026-01-09 02:58:20,,
2026-01-09 02:58:30,51.0,45.0
2026-01-09 02:58:40,,
2026-01-09 02:58:50,,
2026-01-09 02:59:00,,
2026-01-09 02:59:10,,
2026-01-09 02:59:20,,
2026-01-09 02:59:30,51.0,46.0
2026-01-09 02:59:40,,
2026-01-09 02:59:50,,
2026-01-09 03:00:00,,
2026-01-09 03:00:10,,
2026-01-09 03:00:20,,
2026-01-09 03:00:30,53.0,45.0
2026-01-09 03:00:40,,
2026-01-09 03:00:50,,
2026-01-09 03:01:00,,
2026-01-09 03:01:10,,
2026-01-09 03:01:20,,
2026-01-09 03:01:30,51.0,46.0
2026-01-09 03:01:40,,
2026-01-09 03:01:50,,
2026-01-09 03:02:00,,
2026-01-09 03:02:10,,
2026-01-09 03:02:20,,
2026-01-09 03:02:30,51.0,45.0
2026-01-09 03:02:40,,
2026-01-09 03:02:50,,
2026-01-09 03:03:00,,
2026-01-09 03:03:10,,
2026-01-09 03:03:20,,
2026-01-09 03:03:30,52.0,46.0
2026-01-09 03:03:40,,
2026-01-09 03:03:50,,
2026-01-09 03:04:00,,
2026-01-09 03:04:10,,
2026-01-09 03:04:20,,
2026-01-09 03:04:30,51.0,45.0
2026-01-09 03:04:40,,
2026-01-09 03:04:50,,
2026-01-09 03:05:00,,
2026-01-09 03:05:10,,
2026-01-09 03:05:20,,
2026-01-09 03:05:30,54.0,44.0
2026-01-09 03:05:40,,
2026-01-09 03:05:50,,
2026-01-09 03:06:00,,
2026-01-09 03:06:10,,
2026-01-09 03:06:20,,
2026-01-09 03:06:30,54.0,46.0
2026-01-09 03:06:40,,
2026-01-09 03:06:50,,
2026-01-09 03:07:00,,
2026-01-09 03:07:10,,
2026-01-09 03:07:20,,
2026-01-09 03:07:30,50.0,46.0
2026-01-09 03:07:40,,
2026-01-09 03:07:50,,
2026-01-09 03:08:00,,
2026-01-09 03:08:10,,
2026-01-09 03:08:20,,
2026-01-09 03:08:30,52.0,51.0
2026-01-09 03:08:40,,
2026-01-09 03:08:50,,
2026-01-09 03:09:00,,
2026-01-09 03:09:10,,
2026-01-09 03:09:20,,
2026-01-09 03:09:30,53.0,46.0
2026-01-09 03:09:40,,
2026-01-09 03:09:50,,
2026-01-09 03:10:00,,
2026-01-09 03:10:10,,
2026-01-09 03:10:20,,
2026-01-09 03:10:30,51.0,46.0
2026-01-09 03:10:40,,
2026-01-09 03:10:50,,
2026-01-09 03:11:00,,
2026-01-09 03:11:10,,
2026-01-09 03:11:20,,
2026-01-09 03:11:30,52.0,49.0
2026-01-09 03:11:40,,
2026-01-09 03:11:50,,
2026-01-09 03:12:00,,
2026-01-09 03:12:10,,
2026-01-09 03:12:20,,
2026-01-09 03:12:30,52.0,45.0
2026-01-09 03:12:40,,
2026-01-09 03:12:50,,
2026-01-09 03:13:00,,
2026-01-09 03:13:10,,
2026-01-09 03:13:20,,
2026-01-09 03:13:30,52.0,48.0
2026-01-09 03:13:40,,
2026-01-09 03:13:50,,
2026-01-09 03:14:00,,
2026-01-09 03:14:10,,
2026-01-09 03:14:20,,
2026-01-09 03:14:30,51.0,48.0
2026-01-09 03:14:40,,
2026-01-09 03:14:50,,
2026-01-09 03:15:00,,
2026-01-09 03:15:10,,
2026-01-09 03:15:20,,
2026-01-09 03:15:30,50.0,48.0
2026-01-09 03:15:40,,
2026-01-09 03:15:50,,
2026-01-09 03:16:00,,
2026-01-09 03:16:10,,
2026-01-09 03:16:20,,
2026-01-09 03:16:30,51.0,47.0
2026-01-09 03:16:40,,
2026-01-09 03:16:50,,
2026-01-09 03:17:00,,
2026-01-09 03:17:10,,
2026-01-09 03:17:20,,
2026-01-09 03:17:30,51.0,46.0
2026-01-09 03:17:40,,
2026-01-09 03:17:50,,
2026-01-09 03:18:00,,
2026-01-09 03:18:10,,
2026-01-09 03:18:20,,
2026-01-09 03:18:30,52.0,46.0
2026-01-09 03:18:40,,
2026-01-09 03:18:50,,
2026-01-09 03:19:00,,
2026-01-09 03:19:10,,
2026-01-09 03:19:20,,
2026-01-09 03:19:30,66.0,50.0
2026-01-09 03:19:40,,
2026-01-09 03:19:50,,
2026-01-09 03:20:00,,
2026-01-09 03:20:10,,
2026-01-09 03:20:20,,
2026-01-09 03:20:30,68.0,47.0
2026-01-09 03:20:40,,
2026-01-09 03:20:50,,
2026-01-09 03:21:00,,
2026-01-09 03:21:10,,
2026-01-09 03:21:20,,
2026-01-09 03:21:30,67.0,45.0
2026-01-09 03:21:40,,
2026-01-09 03:21:50,,
2026-01-09 03:22:00,,
2026-01-09 03:22:10,,
2026-01-09 03:22:20,,
2026-01-09 03:22:30,72.0,46.0
2026-01-09 03:22:40,,
2026-01-09 03:22:50,,
2026-01-09 03:23:00,,
2026-01-09 03:23:10,,
2026-01-09 03:23:20,,
2026-01-09 03:23:30,71.0,46.0
2026-01-09 03:23:40,,
2026-01-09 03:23:50,,
2026-01-09 03:24:00,,
2026-01-09 03:24:10,,
2026-01-09 03:24:20,,
2026-01-09 03:24:30,70.0,47.0
2026-01-09 03:24:40,,
2026-01-09 03:24:50,,
2026-01-09 03:25:00,,
2026-01-09 03:25:10,,
2026-01-09 03:25:20,,
2026-01-09 03:25:30,68.0,44.0
2026-01-09 03:25:40,,
2026-01-09 03:25:50,,
2026-01-09 03:26:00,,
2026-01-09 03:26:10,,
2026-01-09 03:26:20,,
2026-01-09 03:26:30,68.0,46.0
2026-01-09 03:26:40,,
2026-01-09 03:26:50,,
2026-01-09 03:27:00,,
2026-01-09 03:27:10,,
2026-01-09 03:27:20,,
2026-01-09 03:27:30,67.0,47.0
2026-01-09 03:27:40,,
2026-01-09 03:27:50,,
2026-01-09 03:28:00,,
2026-01-09 03:28:10,,
2026-01-09 03:28:20,,
2026-01-09 03:28:30,66.0,45.0
2026-01-09 03:28:40,,
2026-01-09 03:28:50,,
2026-01-09 03:29:00,,
2026-01-09 03:29:10,,
2026-01-09 03:29:20,,
2026-01-09 03:29:30,69.0,46.0
2026-01-09 03:29:40,,
2026-01-09 03:29:50,,
2026-01-09 03:30:00,,
2026-01-09 03:30:10,,
2026-01-09 03:30:20,,
2026-01-09 03:30:30,70.0,47.0
2026-01-09 03:30:40,,
2026-01-09 03:30:50,,
2026-01-09 03:31:00,,
2026-01-09 03:31:10,,
2026-01-09 03:31:20,,
2026-01-09 03:31:30,67.0,45.0
2026-01-09 03:31:40,,
2026-01-09 03:31:50,,
2026-01-09 03:32:00,,
2026-01-09 03:32:10,,
2026-01-09 03:32:20,,
2026-01-09 03:32:30,68.0,45.0
2026-01-09 03:32:40,,
2026-01-09 03:32:50,,
2026-01-09 03:33:00,,
2026-01-09 03:33:10,,
2026-01-09 03:33:20,,
2026-01-09 03:33:30,69.0,45.0
2026-01-09 03:33:40,,
2026-01-09 03:33:50,,
2026-01-09 03:34:00,,
2026-01-09 03:34:10,,
2026-01-09 03:34:20,,
2026-01-09 03:34:30,69.0,45.0
2026-01-09 03:34:40,,
2026-01-09 03:34:50,,
2026-01-09 03:35:00,,
2026-01-09 03:35:10,,
2026-01-09 03:35:20,,
2026-01-09 03:35:30,73.0,51.0
2026-01-09 03:35:40,,
2026-01-09 03:35:50,,
2026-01-09 03:36:00,,
2026-01-09 03:36:10,,
2026-01-09 03:36:20,,
2026-01-09 03:36:30,69.0,46.0
2026-01-09 03:36:40,,
2026-01-09 03:36:50,,
2026-01-09 03:37:00,,
2026-01-09 03:37:10,,
2026-01-09 03:37:20,,
2026-01-09 03:37:30,69.0,46.0
2026-01-09 03:37:40,,
2026-01-09 03:37:50,,
2026-01-09 03:38:00,,
2026-01-09 03:38:10,,
2026-01-09 03:38:20,,
2026-01-09 03:38:30,69.0,44.0
2026-01-09 03:38:40,,
2026-01-09 03:38:50,,
2026-01-09 03:39:00,,
2026-01-09 03:39:10,,
2026-01-09 03:39:20,,
2026-01-09 03:39:30,69.0,45.0
2026-01-09 03:39:40,,
2026-01-09 03:39:50,,
2026-01-09 03:40:00,,
2026-01-09 03:40:10,,
2026-01-09 03:40:20,,
2026-01-09 03:40:30,72.0,44.0
2026-01-09 03:40:40,,
2026-01-09 03:40:50,,
2026-01-09 03:41:00,,
2026-01-09 03:41:10,,
2026-01-09 03:41:20,,
2026-01-09 03:41:30,74.0,42.0
2026-01-09 03:41:40,,
2026-01-09 03:41:50,,
2026-01-09 03:42:00,,
2026-01-09 03:42:10,,
2026-01-09 03:42:20,,
2026-01-09 03:42:30,73.0,42.0
2026-01-09 03:42:40,,
2026-01-09 03:42:50,,
2026-01-09 03:43:00,,
2026-01-09 03:43:10,,
2026-01-09 03:43:20,,
2026-01-09 03:43:30,71.0,42.0
2026-01-09 03:43:40,,
2026-01-09 03:43:50,,
2026-01-09 03:44:00,,
2026-01-09 03:44:10,,
2026-01-09 03:44:20,,
2026-01-09 03:44:30,71.0,45.0
2026-01-09 03:44:40,,
2026-01-09 03:44:50,,
2026-01-09 03:45:00,,
2026-01-09 03:45:10,,
2026-01-09 03:45:20,,
2026-01-09 03:45:30,70.0,46.0
2026-01-09 03:45:40,,
2026-01-09 03:45:50,,
2026-01-09 03:46:00,,
2026-01-09 03:46:10,,
2026-01-09 03:46:20,,
2026-01-09 03:46:30,69.0,44.0
2026-01-09 03:46:40,,
2026-01-09 03:46:50,,
2026-01-09 03:47:00,,
2026-01-09 03:47:10,,
2026-01-09 03:47:20,,
2026-01-09 03:47:30,70.0,43.0
2026-01-09 03:47:40,,
2026-01-09 03:47:50,,
2026-01-09 03:48:00,,
2026-01-09 03:48:10,,
2026-01-09 03:48:20,,
2026-01-09 03:48:30,73.0,47.0
2026-01-09 03:48:40,,
2026-01-09 03:48:50,,
2026-01-09 03:49:00,,
2026-01-09 03:49:10,,
2026-01-09 03:49:20,,
2026-01-09 03:49:30,71.0,44.0
2026-01-09 03:49:40,,
2026-01-09 03:49:50,,
2026-01-09 03:50:00,,
2026-01-09 03:50:10,,
2026-01-09 03:50:20,,
2026-01-09 03:50:30,70.0,47.0
2026-01-09 03:50:40,,
2026-01-09 03:50:50,,
2026-01-09 03:51:00,,
2026-01-09 03:51:10,,
2026-01-09 03:51:20,,
2026-01-09 03:51:30,70.0,44.0
2026-01-09 03:51:40,,
2026-01-09 03:51:50,,
2026-01-09 03:52:00,,
2026-01-09 03:52:10,,
2026-01-09 03:52:20,,
2026-01-09 03:52:30,70.0,46.0
2026-01-09 03:52:40,,
2026-01-09 03:52:50,,
2026-01-09 03:53:00,,
2026-01-09 03:53:10,,
2026-01-09 03:53:20,,
2026-01-09 03:53:30,71.0,47.0
2026-01-09 03:53:40,,
2026-01-09 03:53:50,,
2026-01-09 03:54:00,,
2026-01-09 03:54:10,,
2026-01-09 03:54:20,,
2026-01-09 03:54:30,73.0,45.0
2026-01-09 03:54:40,,
2026-01-09 03:54:50,,
2026-01-09 03:55:00,,
2026-01-09 03:55:10,,
2026-01-09 03:55:20,,
2026-01-09 03:55:30,72.0,45.0
2026-01-09 03:55:40,,
2026-01-09 03:55:50,,
2026-01-09 03:56:00,,
2026-01-09 03:56:10,,
2026-01-09 03:56:20,,
2026-01-09 03:56:30,71.0,46.0
2026-01-09 03:56:40,,
2026-01-09 03:56:50,,
2026-01-09 03:57:00,,
2026-01-09 03:57:10,,
2026-01-09 03:57:20,,
2026-01-09 03:57:30,70.0,46.0
2026-01-09 03:57:40,,
2026-01-09 03:57:50,,
2026-01-09 03:58:00,,
2026-01-09 03:58:10,,
2026-01-09 03:58:20,,
2026-01-09 03:58:30,70.0,48.0
2026-01-09 03:58:40,,
2026-01-09 03:58:50,,
2026-01-09 03:59:00,,
2026-01-09 03:59:10,,
2026-01-09 03:59:20,,
2026-01-09 03:59:30,72.0,47.0
2026-01-09 03:59:40,,
2026-01-09 03:59:50,,
2026-01-09 04:00:00,,
2026-01-09 04:00:10,,
2026-01-09 04:00:20,,
2026-01-09 04:00:30,72.0,46.0
2026-01-09 04:00:40,,
2026-01-09 04:00:50,,
2026-01-09 04:01:00,,
2026-01-09 04:01:10,,
2026-01-09 04:01:20,,
2026-01-09 04:01:30,71.0,45.0
2026-01-09 04:01:40,,
2026-01-09 04:01:50,,
2026-01-09 04:02:00,,
2026-01-09 04:02:10,,
2026-01-09 04:02:20,,
2026-01-09 04:02:30,71.0,45.0
2026-01-09 04:02:40,,
2026-01-09 04:02:50,,
2026-01-09 04:03:00,,
2026-01-09 04:03:10,,
2026-01-09 04:03:20,,
2026-01-09 04:03:30,71.0,46.0
2026-01-09 04:03:40,,
2026-01-09 04:03:50,,
2026-01-09 04:04:00,,
2026-01-09 04:04:10,,
2026-01-09 04:04:20,,
2026-01-09 04:04:30,69.0,48.0
2026-01-09 04:04:40,,
2026-01-09 04:04:50,,
2026-01-09 04:05:00,,
2026-01-09 04:05:10,,
2026-01-09 04:05:20,,
2026-01-09 04:05:30,68.0,47.0
2026-01-09 04:05:40,,
2026-01-09 04:05:50,,
2026-01-09 04:06:00,,
2026-01-09 04:06:10,,
2026-01-09 04:06:20,,
2026-01-09 04:06:30,67.0,46.0
2026-01-09 04:06:40,,
2026-01-09 04:06:50,,
2026-01-09 04:07:00,,
2026-01-09 04:07:10,,
2026-01-09 04:07:20,,
2026-01-09 04:07:30,69.0,53.0
2026-01-09 04:07:40,,
2026-01-09 04:07:50,,
2026-01-09 04:08:00,,
2026-01-09 04:08:10,,
2026-01-09 04:08:20,,
2026-01-09 04:08:30,66.0,57.0
2026-01-09 04:08:40,,
2026-01-09 04:08:50,,
2026-01-09 04:09:00,,
2026-01-09 04:09:10,,
2026-01-09 04:09:20,,
2026-01-09 04:09:30,68.0,54.0
2026-01-09 04:09:40,,
2026-01-09 04:09:50,,
2026-01-09 04:10:00,,
2026-01-09 04:10:10,,
2026-01-09 04:10:20,,
2026-01-09 04:10:30,71.0,52.0
2026-01-09 04:10:40,,
2026-01-09 04:10:50,,
2026-01-09 04:11:00,,
2026-01-09 04:11:10,,
2026-01-09 04:11:20,,
2026-01-09 04:11:30,69.0,52.0
2026-01-09 04:11:40,,
2026-01-09 04:11:50,,
2026-01-09 04:12:00,,
2026-01-09 04:12:10,,
2026-01-09 04:12:20,,
2026-01-09 04:12:30,72.0,48.0
2026-01-09 04:12:40,,
2026-01-09 04:12:50,,
2026-01-09 04:13:00,,
2026-01-09 04:13:10,,
2026-01-09 04:13:20,,
2026-01-09 04:13:30,77.0,44.0
2026-01-09 04:13:40,,
2026-01-09 04:13:50,,
2026-01-09 04:14:00,,
2026-01-09 04:14:10,,
2026-01-09 04:14:20,,
2026-01-09 04:14:30,77.0,43.0
2026-01-09 04:14:40,,
2026-01-09 04:14:50,,
2026-01-09 04:15:00,,
2026-01-09 04:15:10,,
2026-01-09 04:15:20,,
2026-01-09 04:15:30,75.0,41.0
2026-01-09 04:15:40,,
2026-01-09 04:15:50,,
2026-01-09 04:16:00,,
2026-01-09 04:16:10,,
2026-01-09 04:16:20,,
2026-01-09 04:16:30,75.0,40.0
2026-01-09 04:16:40,,
2026-01-09 04:16:50,,
2026-01-09 04:17:00,,
2026-01-09 04:17:10,,
2026-01-09 04:17:20,,
2026-01-09 04:17:30,74.0,41.0
2026-01-09 04:17:40,,
2026-01-09 04:17:50,,
2026-01-09 04:18:00,,
2026-01-09 04:18:10,,
2026-01-09 04:18:20,,
2026-01-09 04:18:30,73.0,41.0
2026-01-09 04:18:40,,
2026-01-09 04:18:50,,
2026-01-09 04:19:00,,
2026-01-09 04:19:10,,
2026-01-09 04:19:20,,
2026-01-09 04:19:30,72.0,41.0
2026-01-09 04:19:40,,
2026-01-09 04:19:50,,
2026-01-09 04:20:00,,
2026-01-09 04:20:10,,
2026-01-09 04:20:20,,
2026-01-09 04:20:30,72.0,43.0
2026-01-09 04:20:40,,
2026-01-09 04:20:50,,
2026-01-09 04:21:00,,
2026-01-09 04:21:10,,
2026-01-09 04:21:20,,
2026-01-09 04:21:30,72.0,41.0
2026-01-09 04:21:40,,
2026-01-09 04:21:50,,
2026-01-09 04:22:00,,
2026-01-09 04:22:10,,
2026-01-09 04:22:20,,
2026-01-09 04:22:30,72.0,44.0
2026-01-09 04:22:40,,
2026-01-09 04:22:50,,
2026-01-09 04:23:00,,
2026-01-09 04:23:10,,
2026-01-09 04:23:20,,
2026-01-09 04:23:30,,
2026-01-09 04:23:40,,
2026-01-09 04:23:50,,
2026-01-09 04:24:00,,
2026-01-09 04:24:10,,
2026-01-09 04:24:20,,
2026-01-09 04:24:30,49.0,44.0
2026-01-09 04:24:40,,
2026-01-09 04:24:50,,
2026-01-09 04:25:00,,
2026-01-09 04:25:10,,
2026-01-09 04:25:20,,
2026-01-09 04:25:30,,
2026-01-09 04:25:40,,
2026-01-09 04:25:50,,
2026-01-09 04:26:00,,
2026-01-09 04:26:10,,
2026-01-09 04:26:20,,
2026-01-09 04:26:30,,
2026-01-09 04:26:40,,
2026-01-09 04:26:50,,
2026-01-09 04:27:00,,
2026-01-09 04:27:10,,
2026-01-09 04:27:20,,
2026-01-09 04:27:30,,
2026-01-09 04:27:40,,
2026-01-09 04:27:50,,
2026-01-09 04:28:00,,
2026-01-09 04:28:10,,
2026-01-09 04:28:20,,
2026-01-09 04:28:30,,
2026-01-09 04:28:40,,
2026-01-09 04:28:50,,
2026-01-09 04:29:00,,
2026-01-09 04:29:10,,
2026-01-09 04:29:20,,
2026-01-09 04:29:30,,
2026-01-09 04:29:40,,
2026-01-09 04:29:50,,
2026-01-09 04:30:00,,
2026-01-09 04:30:10,,
2026-01-09 04:30:20,,
2026-01-09 04:30:30,,
2026-01-09 04:30:40,,
2026-01-09 04:30:50,,
2026-01-09 04:31:00,,
2026-01-09 04:31:10,,
2026-01-09 04:31:20,,
2026-01-09 04:31:30,,
2026-01-09 04:31:40,,
2026-01-09 04:31:50,,
2026-01-09 04:32:00,,
2026-01-09 04:32:10,,
2026-01-09 04:32:20,,
2026-01-09 04:32:30,,
2026-01-09 04:32:40,,
2026-01-09 04:32:50,,
2026-01-09 04:33:00,,
2026-01-09 04:33:10,,
2026-01-09 04:33:20,,
2026-01-09 04:33:30,,
2026-01-09 04:33:40,,
2026-01-09 04:33:50,,
2026-01-09 04:34:00,,
2026-01-09 04:34:10,,
2026-01-09 04:34:20,,
2026-01-09 04:34:30,,
2026-01-09 04:34:40,,
2026-01-09 04:34:50,,
2026-01-09 04:35:00,,
2026-01-09 04:35:10,,
2026-01-09 04:35:20,,
2026-01-09 04:35:30,,
2026-01-09 04:35:40,,
2026-01-09 04:35:50,,
2026-01-09 04:36:00,,
2026-01-09 04:36:10,,
2026-01-09 04:36:20,,
2026-01-09 04:36:30,53.0,45.0
2026-01-09 04:36:40,,
2026-01-09 04:36:50,,
2026-01-09 04:37:00,,
2026-01-09 04:37:10,,
2026-01-09 04:37:20,,
2026-01-09 04:37:30,53.0,46.0
2026-01-09 04:37:40,,
2026-01-09 04:37:50,,
2026-01-09 04:38:00,,
2026-01-09 04:38:10,,
2026-01-09 04:38:20,,
2026-01-09 04:38:30,52.0,44.0
2026-01-09 04:38:40,,
2026-01-09 04:38:50,,
2026-01-09 04:39:00,,
2026-01-09 04:39:10,,
2026-01-09 04:39:20,,
2026-01-09 04:39:30,51.0,43.0
2026-01-09 04:39:40,,
2026-01-09 04:39:50,,
2026-01-09 04:40:00,,
2026-01-09 04:40:10,,
2026-01-09 04:40:20,,
2026-01-09 04:40:30,52.0,43.0
2026-01-09 04:40:40,,
2026-01-09 04:40:50,,
2026-01-09 04:41:00,,
2026-01-09 04:41:10,,
2026-01-09 04:41:20,,
2026-01-09 04:41:30,51.0,43.0
2026-01-09 04:41:40,,
2026-01-09 04:41:50,,
2026-01-09 04:42:00,,
2026-01-09 04:42:10,,
2026-01-09 04:42:20,,
2026-01-09 04:42:30,51.0,265.0
2026-01-09 04:42:40,,
2026-01-09 04:42:50,,
2026-01-09 04:43:00,,
2026-01-09 04:43:10,,
2026-01-09 04:43:20,,
2026-01-09 04:43:30,49.0,45.0
2026-01-09 04:43:40,,
2026-01-09 04:43:50,,
2026-01-09 04:44:00,,
2026-01-09 04:44:10,,
2026-01-09 04:44:20,,
2026-01-09 04:44:30,49.0,44.0
2026-01-09 04:44:40,,
2026-01-09 04:44:50,,
2026-01-09 04:45:00,,
2026-01-09 04:45:10,,
2026-01-09 04:45:20,,
2026-01-09 04:45:30,50.0,44.0
2026-01-09 04:45:40,,
2026-01-09 04:45:50,,
2026-01-09 04:46:00,,
2026-01-09 04:46:10,,
2026-01-09 04:46:20,,
2026-01-09 04:46:30,50.0,45.0
2026-01-09 04:46:40,,
2026-01-09 04:46:50,,
2026-01-09 04:47:00,,
2026-01-09 04:47:10,,
2026-01-09 04:47:20,,
2026-01-09 04:47:30,50.0,46.0
2026-01-09 04:47:40,,
2026-01-09 04:47:50,,
2026-01-09 04:48:00,,
2026-01-09 04:48:10,,
2026-01-09 04:48:20,,
2026-01-09 04:48:30,50.0,45.0
2026-01-09 04:48:40,,
2026-01-09 04:48:50,,
2026-01-09 04:49:00,,
2026-01-09 04:49:10,,
2026-01-09 04:49:20,,
2026-01-09 04:49:30,49.0,45.0
2026-01-09 04:49:40,,
2026-01-09 04:49:50,,
2026-01-09 04:50:00,,
2026-01-09 04:50:10,,
2026-01-09 04:50:20,,
2026-01-09 04:50:30,50.0,45.0
2026-01-09 04:50:40,,
2026-01-09 04:50:50,,
2026-01-09 04:51:00,,
2026-01-09 04:51:10,,
2026-01-09 04:51:20,,
2026-01-09 04:51:30,49.0,47.0
2026-01-09 04:51:40,,
2026-01-09 04:51:50,,
2026-01-09 04:52:00,,
2026-01-09 04:52:10,,
2026-01-09 04:52:20,,
2026-01-09 04:52:30,50.0,47.0
2026-01-09 04:52:40,,
2026-01-09 04:52:50,,
2026-01-09 04:53:00,,
2026-01-09 04:53:10,,
2026-01-09 04:53:20,,
2026-01-09 04:53:30,50.0,46.0
2026-01-09 04:53:40,,
2026-01-09 04:53:50,,
2026-01-09 04:54:00,,
2026-01-09 04:54:10,,
2026-01-09 04:54:20,,
2026-01-09 04:54:30,50.0,48.0
2026-01-09 04:54:40,,
2026-01-09 04:54:50,,
2026-01-09 04:55:00,,
2026-01-09 04:55:10,,
2026-01-09 04:55:20,,
2026-01-09 04:55:30,50.0,46.0
2026-01-09 04:55:40,,
2026-01-09 04:55:50,,
2026-01-09 04:56:00,,
2026-01-09 04:56:10,,
2026-01-09 04:56:20,,
2026-01-09 04:56:30,52.0,46.0
2026-01-09 04:56:40,,
2026-01-09 04:56:50,,
2026-01-09 04:57:00,,
2026-01-09 04:57:10,,
2026-01-09 04:57:20,,
2026-01-09 04:57:30,53.0,45.0
2026-01-09 04:57:40,,
2026-01-09 04:57:50,,
2026-01-09 04:58:00,,
2026-01-09 04:58:10,,
2026-01-09 04:58:20,,
2026-01-09 04:58:30,52.0,46.0
2026-01-09 04:58:40,,
2026-01-09 04:58:50,,
2026-01-09 04:59:00,,
2026-01-09 04:59:10,,
2026-01-09 04:59:20,,
2026-01-09 04:59:30,53.0,45.0
2026-01-09 04:59:40,,
2026-01-09 04:59:50,,
2026-01-09 05:00:00,,
2026-01-09 05:00:10,,
2026-01-09 05:00:20,,
2026-01-09 05:00:30,52.0,45.0
2026-01-09 05:00:40,,
2026-01-09 05:00:50,,
2026-01-09 05:01:00,,
2026-01-09 05:01:10,,
2026-01-09 05:01:20,,
2026-01-09 05:01:30,52.0,46.0
2026-01-09 05:01:40,,
2026-01-09 05:01:50,,
2026-01-09 05:02:00,,
2026-01-09 05:02:10,,
2026-01-09 05:02:20,,
2026-01-09 05:02:30,53.0,45.0
2026-01-09 05:02:40,,
2026-01-09 05:02:50,,
2026-01-09 05:03:00,,
2026-01-09 05:03:10,,
2026-01-09 05:03:20,,
2026-01-09 05:03:30,52.0,45.0
2026-01-09 05:03:40,,
2026-01-09 05:03:50,,
2026-01-09 05:04:00,,
2026-01-09 05:04:10,,
2026-01-09 05:04:20,,
2026-01-09 05:04:30,53.0,46.0
2026-01-09 05:04:40,,
2026-01-09 05:04:50,,
2026-01-09 05:05:00,,
2026-01-09 05:05:10,,
2026-01-09 05:05:20,,
2026-01-09 05:05:30,54.0,47.0
2026-01-09 05:05:40,,
2026-01-09 05:05:50,,
2026-01-09 05:06:00,,
2026-01-09 05:06:10,,
2026-01-09 05:06:20,,
2026-01-09 05:06:30,53.0,45.0
2026-01-09 05:06:40,,
2026-01-09 05:06:50,,
2026-01-09 05:07:00,,
2026-01-09 05:07:10,,
2026-01-09 05:07:20,,
2026-01-09 05:07:30,53.0,46.0
2026-01-09 05:07:40,,
2026-01-09 05:07:50,,
2026-01-09 05:08:00,,
2026-01-09 05:08:10,,
2026-01-09 05:08:20,,
2026-01-09 05:08:30,53.0,48.0
2026-01-09 05:08:40,,
2026-01-09 05:08:50,,
2026-01-09 05:09:00,,
2026-01-09 05:09:10,,
2026-01-09 05:09:20,,
2026-01-09 05:09:30,53.0,46.0
2026-01-09 05:09:40,,
2026-01-09 05:09:50,,
2026-01-09 05:10:00,,
2026-01-09 05:10:10,,
2026-01-09 05:10:20,,
2026-01-09 05:10:30,53.0,46.0
2026-01-09 05:10:40,,
2026-01-09 05:10:50,,
2026-01-09 05:11:00,,
2026-01-09 05:11:10,,
2026-01-09 05:11:20,,
2026-01-09 05:11:30,54.0,45.0
2026-01-09 05:11:40,,
2026-01-09 05:11:50,,
2026-01-09 05:12:00,,
2026-01-09 05:12:10,,
2026-01-09 05:12:20,,
2026-01-09 05:12:30,54.0,46.0
2026-01-09 05:12:40,,
2026-01-09 05:12:50,,
2026-01-09 05:13:00,,
2026-01-09 05:13:10,,
2026-01-09 05:13:20,,
2026-01-09 05:13:30,54.0,48.0
2026-01-09 05:13:40,,
2026-01-09 05:13:50,,
2026-01-09 05:14:00,,
2026-01-09 05:14:10,,
2026-01-09 05:14:20,,
2026-01-09 05:14:30,55.0,49.0
2026-01-09 05:14:40,,
2026-01-09 05:14:50,,
2026-01-09 05:15:00,,
2026-01-09 05:15:10,,
2026-01-09 05:15:20,,
2026-01-09 05:15:30,54.0,47.0
2026-01-09 05:15:40,,
2026-01-09 05:15:50,,
2026-01-09 05:16:00,,
2026-01-09 05:16:10,,
2026-01-09 05:16:20,,
2026-01-09 05:16:30,54.0,48.0
2026-01-09 05:16:40,,
2026-01-09 05:16:50,,
2026-01-09 05:17:00,,
2026-01-09 05:17:10,,
2026-01-09 05:17:20,,
2026-01-09 05:17:30,57.0,48.0
2026-01-09 05:17:40,,
2026-01-09 05:17:50,,
2026-01-09 05:18:00,,
2026-01-09 05:18:10,,
2026-01-09 05:18:20,,
2026-01-09 05:18:30,56.0,47.0
2026-01-09 05:18:40,,
2026-01-09 05:18:50,,
2026-01-09 05:19:00,,
2026-01-09 05:19:10,,
2026-01-09 05:19:20,,
2026-01-09 05:19:30,56.0,47.0
2026-01-09 05:19:40,,
2026-01-09 05:19:50,,
2026-01-09 05:20:00,,
2026-01-09 05:20:10,,
2026-01-09 05:20:20,,
2026-01-09 05:20:30,56.0,46.0
2026-01-09 05:20:40,,
2026-01-09 05:20:50,,
2026-01-09 05:21:00,,
2026-01-09 05:21:10,,
2026-01-09 05:21:20,,
2026-01-09 05:21:30,55.0,47.0
2026-01-09 05:21:40,,
2026-01-09 05:21:50,,
2026-01-09 05:22:00,,
2026-01-09 05:22:10,,
2026-01-09 05:22:20,,
2026-01-09 05:22:30,56.0,48.0
2026-01-09 05:22:40,,
2026-01-09 05:22:50,,
2026-01-09 05:23:00,,
2026-01-09 05:23:10,,
2026-01-09 05:23:20,,
2026-01-09 05:23:30,56.0,49.0
2026-01-09 05:23:40,,
2026-01-09 05:23:50,,
2026-01-09 05:24:00,,
2026-01-09 05:24:10,,
2026-01-09 05:24:20,,
2026-01-09 05:24:30,64.0,47.0
2026-01-09 05:24:40,,
2026-01-09 05:24:50,,
2026-01-09 05:25:00,,
2026-01-09 05:25:10,,
2026-01-09 05:25:20,,
2026-01-09 05:25:30,62.0,50.0
2026-01-09 05:25:40,,
2026-01-09 05:25:50,,
2026-01-09 05:26:00,,
2026-01-09 05:26:10,,
2026-01-09 05:26:20,,
2026-01-09 05:26:30,63.0,49.0
2026-01-09 05:26:40,,
2026-01-09 05:26:50,,
2026-01-09 05:27:00,,
2026-01-09 05:27:10,,
2026-01-09 05:27:20,,
2026-01-09 05:27:30,62.0,48.0
2026-01-09 05:27:40,,
2026-01-09 05:27:50,,
2026-01-09 05:28:00,,
2026-01-09 05:28:10,,
2026-01-09 05:28:20,,
2026-01-09 05:28:30,64.0,49.0
2026-01-09 05:28:40,,
2026-01-09 05:28:50,,
2026-01-09 05:29:00,,
2026-01-09 05:29:10,,
2026-01-09 05:29:20,,
2026-01-09 05:29:30,63.0,51.0
2026-01-09 05:29:40,,
2026-01-09 05:29:50,,
2026-01-09 05:30:00,,
2026-01-09 05:30:10,,
2026-01-09 05:30:20,,
2026-01-09 05:30:30,62.0,51.0
2026-01-09 05:30:40,,
2026-01-09 05:30:50,,
2026-01-09 05:31:00,,
2026-01-09 05:31:10,,
2026-01-09 05:31:20,,
2026-01-09 05:31:30,62.0,47.0
2026-01-09 05:31:40,,
2026-01-09 05:31:50,,
2026-01-09 05:32:00,,
2026-01-09 05:32:10,,
2026-01-09 05:32:20,,
2026-01-09 05:32:30,63.0,46.0
2026-01-09 05:32:40,,
2026-01-09 05:32:50,,
2026-01-09 05:33:00,,
2026-01-09 05:33:10,,
2026-01-09 05:33:20,,
2026-01-09 05:33:30,63.0,49.0
2026-01-09 05:33:40,,
2026-01-09 05:33:50,,
2026-01-09 05:34:00,,
2026-01-09 05:34:10,,
2026-01-09 05:34:20,,
2026-01-09 05:34:30,65.0,48.0
2026-01-09 05:34:40,,
2026-01-09 05:34:50,,
2026-01-09 05:35:00,,
2026-01-09 05:35:10,,
2026-01-09 05:35:20,,
2026-01-09 05:35:30,64.0,47.0
2026-01-09 05:35:40,,
2026-01-09 05:35:50,,
2026-01-09 05:36:00,,
2026-01-09 05:36:10,,
2026-01-09 05:36:20,,
2026-01-09 05:36:30,64.0,48.0
2026-01-09 05:36:40,,
2026-01-09 05:36:50,,
2026-01-09 05:37:00,,
2026-01-09 05:37:10,,
2026-01-09 05:37:20,,
2026-01-09 05:37:30,66.0,50.0
2026-01-09 05:37:40,,
2026-01-09 05:37:50,,
2026-01-09 05:38:00,,
2026-01-09 05:38:10,,
2026-01-09 05:38:20,,
2026-01-09 05:38:30,64.0,48.0
2026-01-09 05:38:40,,
2026-01-09 05:38:50,,
2026-01-09 05:39:00,,
2026-01-09 05:39:10,,
2026-01-09 05:39:20,,
2026-01-09 05:39:30,64.0,49.0
2026-01-09 05:39:40,,
2026-01-09 05:39:50,,
2026-01-09 05:40:00,,
2026-01-09 05:40:10,,
2026-01-09 05:40:20,,
2026-01-09 05:40:30,64.0,46.0
2026-01-09 05:40:40,,
2026-01-09 05:40:50,,
2026-01-09 05:41:00,,
2026-01-09 05:41:10,,
2026-01-09 05:41:20,,
2026-01-09 05:41:30,65.0,49.0
2026-01-09 05:41:40,,
2026-01-09 05:41:50,,
2026-01-09 05:42:00,,
2026-01-09 05:42:10,,
2026-01-09 05:42:20,,
2026-01-09 05:42:30,64.0,48.0
2026-01-09 05:42:40,,
2026-01-09 05:42:50,,
2026-01-09 05:43:00,,
2026-01-09 05:43:10,,
2026-01-09 05:43:20,,
2026-01-09 05:43:30,64.0,49.0
2026-01-09 05:43:40,,
2026-01-09 05:43:50,,
2026-01-09 05:44:00,,
2026-01-09 05:44:10,,
2026-01-09 05:44:20,,
2026-01-09 05:44:30,63.0,51.0
2026-01-09 05:44:40,,
2026-01-09 05:44:50,,
2026-01-09 05:45:00,,
2026-01-09 05:45:10,,
2026-01-09 05:45:20,,
2026-01-09 05:45:30,63.0,49.0
2026-01-09 05:45:40,,
2026-01-09 05:45:50,,
2026-01-09 05:46:00,,
2026-01-09 05:46:10,,
2026-01-09 05:46:20,,
2026-01-09 05:46:30,63.0,49.0
2026-01-09 05:46:40,,
2026-01-09 05:46:50,,
2026-01-09 05:47:00,,
2026-01-09 05:47:10,,
2026-01-09 05:47:20,,
2026-01-09 05:47:30,64.0,48.0
2026-01-09 05:47:40,,
2026-01-09 05:47:50,,
2026-01-09 05:48:00,,
2026-01-09 05:48:10,,
2026-01-09 05:48:20,,
2026-01-09 05:48:30,62.0,50.0
2026-01-09 05:48:40,,
2026-01-09 05:48:50,,
2026-01-09 05:49:00,,
2026-01-09 05:49:10,,
2026-01-09 05:49:20,,
2026-01-09 05:49:30,63.0,50.0
2026-01-09 05:49:40,,
2026-01-09 05:49:50,,
2026-01-09 05:50:00,,
2026-01-09 05:50:10,,
2026-01-09 05:50:20,,
2026-01-09 05:50:30,63.0,50.0
2026-01-09 05:50:40,,
2026-01-09 05:50:50,,
2026-01-09 05:51:00,,
2026-01-09 05:51:10,,
2026-01-09 05:51:20,,
2026-01-09 05:51:30,62.0,50.0
2026-01-09 05:51:40,,
2026-01-09 05:51:50,,
2026-01-09 05:52:00,,
2026-01-09 05:52:10,,
2026-01-09 05:52:20,,
2026-01-09 05:52:30,60.0,49.0
2026-01-09 05:52:40,,
2026-01-09 05:52:50,,
2026-01-09 05:53:00,,
2026-01-09 05:53:10,,
2026-01-09 05:53:20,,
2026-01-09 05:53:30,64.0,48.0
2026-01-09 05:53:40,,
2026-01-09 05:53:50,,
2026-01-09 05:54:00,,
2026-01-09 05:54:10,,
2026-01-09 05:54:20,,
2026-01-09 05:54:30,61.0,48.0
2026-01-09 05:54:40,,
2026-01-09 05:54:50,,
2026-01-09 05:55:00,,
2026-01-09 05:55:10,,
2026-01-09 05:55:20,,
2026-01-09 05:55:30,62.0,49.0
2026-01-09 05:55:40,,
2026-01-09 05:55:50,,
2026-01-09 05:56:00,,
2026-01-09 05:56:10,,
2026-01-09 05:56:20,,
2026-01-09 05:56:30,63.0,47.0
2026-01-09 05:56:40,,
2026-01-09 05:56:50,,
2026-01-09 05:57:00,,
2026-01-09 05:57:10,,
2026-01-09 05:57:20,,
2026-01-09 05:57:30,63.0,46.0
2026-01-09 05:57:40,,
2026-01-09 05:57:50,,
2026-01-09 05:58:00,,
2026-01-09 05:58:10,,
2026-01-09 05:58:20,,
2026-01-09 05:58:30,62.0,48.0
2026-01-09 05:58:40,,
2026-01-09 05:58:50,,
2026-01-09 05:59:00,,
2026-01-09 05:59:10,,
2026-01-09 05:59:20,,
2026-01-09 05:59:30,63.0,48.0
2026-01-09 05:59:40,,
2026-01-09 05:59:50,,
2026-01-09 06:00:00,,
2026-01-09 06:00:10,,
2026-01-09 06:00:20,,
2026-01-09 06:00:30,65.0,48.0
2026-01-09 06:00:40,,
2026-01-09 06:00:50,,
2026-01-09 06:01:00,,
2026-01-09 06:01:10,,
2026-01-09 06:01:20,,
2026-01-09 06:01:30,63.0,47.0
2026-01-09 06:01:40,,
2026-01-09 06:01:50,,
2026-01-09 06:02:00,,
2026-01-09 06:02:10,,
2026-01-09 06:02:20,,
2026-01-09 06:02:30,63.0,48.0
2026-01-09 06:02:40,,
2026-01-09 06:02:50,,
2026-01-09 06:03:00,,
2026-01-09 06:03:10,,
2026-01-09 06:03:20,,
2026-01-09 06:03:30,63.0,47.0
2026-01-09 06:03:40,,
2026-01-09 06:03:50,,
2026-01-09 06:04:00,,
2026-01-09 06:04:10,,
2026-01-09 06:04:20,,
2026-01-09 06:04:30,65.0,50.0
2026-01-09 06:04:40,,
2026-01-09 06:04:50,,
2026-01-09 06:05:00,,
2026-01-09 06:05:10,,
2026-01-09 06:05:20,,
2026-01-09 06:05:30,62.0,48.0
2026-01-09 06:05:40,,
2026-01-09 06:05:50,,
2026-01-09 06:06:00,,
2026-01-09 06:06:10,,
2026-01-09 06:06:20,,
2026-01-09 06:06:30,60.0,60.0
2026-01-09 06:06:40,,
2026-01-09 06:06:50,,
2026-01-09 06:07:00,,
2026-01-09 06:07:10,,
2026-01-09 06:07:20,,
2026-01-09 06:07:30,57.0,48.0
2026-01-09 06:07:40,,
2026-01-09 06:07:50,,
2026-01-09 06:08:00,,
2026-01-09 06:08:10,,
2026-01-09 06:08:20,,
2026-01-09 06:08:30,63.0,45.0
2026-01-09 06:08:40,,
2026-01-09 06:08:50,,
2026-01-09 06:09:00,,
2026-01-09 06:09:10,,
2026-01-09 06:09:20,,
2026-01-09 06:09:30,65.0,46.0
2026-01-09 06:09:40,,
2026-01-09 06:09:50,,
2026-01-09 06:10:00,,
2026-01-09 06:10:10,,
2026-01-09 06:10:20,,
2026-01-09 06:10:30,65.0,43.0
2026-01-09 06:10:40,,
2026-01-09 06:10:50,,
2026-01-09 06:11:00,,
2026-01-09 06:11:10,,
2026-01-09 06:11:20,,
2026-01-09 06:11:30,66.0,51.0
2026-01-09 06:11:40,,
2026-01-09 06:11:50,,
2026-01-09 06:12:00,,
2026-01-09 06:12:10,,
2026-01-09 06:12:20,,
2026-01-09 06:12:30,62.0,47.0
2026-01-09 06:12:40,,
2026-01-09 06:12:50,,
2026-01-09 06:13:00,,
2026-01-09 06:13:10,,
2026-01-09 06:13:20,,
2026-01-09 06:13:30,59.0,48.0
2026-01-09 06:13:40,,
2026-01-09 06:13:50,,
2026-01-09 06:14:00,,
2026-01-09 06:14:10,,
2026-01-09 06:14:20,,
2026-01-09 06:14:30,64.0,45.0
2026-01-09 06:14:40,,
2026-01-09 06:14:50,,
2026-01-09 06:15:00,,
2026-01-09 06:15:10,,
2026-01-09 06:15:20,,
2026-01-09 06:15:30,65.0,41.0
2026-01-09 06:15:40,,
2026-01-09 06:15:50,,
2026-01-09 06:16:00,,
2026-01-09 06:16:10,,
2026-01-09 06:16:20,,
2026-01-09 06:16:30,67.0,39.0
2026-01-09 06:16:40,,
2026-01-09 06:16:50,,
2026-01-09 06:17:00,,
2026-01-09 06:17:10,,
2026-01-09 06:17:20,,
2026-01-09 06:17:30,67.0,35.0
2026-01-09 06:17:40,,
2026-01-09 06:17:50,,
2026-01-09 06:18:00,,
2026-01-09 06:18:10,,
2026-01-09 06:18:20,,
2026-01-09 06:18:30,67.0,35.0
2026-01-09 06:18:40,,
2026-01-09 06:18:50,,
2026-01-09 06:19:00,,
2026-01-09 06:19:10,,
2026-01-09 06:19:20,,
2026-01-09 06:19:30,64.0,34.0
2026-01-09 06:19:40,,
2026-01-09 06:19:50,,
2026-01-09 06:20:00,,
2026-01-09 06:20:10,,
2026-01-09 06:20:20,,
2026-01-09 06:20:30,64.0,39.0
2026-01-09 06:20:40,,
2026-01-09 06:20:50,,
2026-01-09 06:21:00,,
2026-01-09 06:21:10,,
2026-01-09 06:21:20,,
2026-01-09 06:21:30,63.0,37.0
2026-01-09 06:21:40,,
2026-01-09 06:21:50,,
2026-01-09 06:22:00,,
2026-01-09 06:22:10,,
2026-01-09 06:22:20,,
2026-01-09 06:22:30,64.0,37.0
2026-01-09 06:22:40,,
2026-01-09 06:22:50,,
2026-01-09 06:23:00,,
2026-01-09 06:23:10,,
2026-01-09 06:23:20,,
2026-01-09 06:23:30,61.0,40.0
2026-01-09 06:23:40,,
2026-01-09 06:23:50,,
2026-01-09 06:24:00,,
2026-01-09 06:24:10,,
2026-01-09 06:24:20,,
2026-01-09 06:24:30,60.0,40.0
2026-01-09 06:24:40,,
2026-01-09 06:24:50,,
2026-01-09 06:25:00,,
2026-01-09 06:25:10,,
2026-01-09 06:25:20,,
2026-01-09 06:25:30,61.0,37.0
2026-01-09 06:25:40,,
2026-01-09 06:25:50,,
2026-01-09 06:26:00,,
2026-01-09 06:26:10,,
2026-01-09 06:26:20,,
2026-01-09 06:26:30,60.0,40.0
2026-01-09 06:26:40,,
2026-01-09 06:26:50,,
2026-01-09 06:27:00,,
2026-01-09 06:27:10,,
2026-01-09 06:27:20,,
2026-01-09 06:27:30,62.0,36.0
2026-01-09 06:27:40,,
2026-01-09 06:27:50,,
2026-01-09 06:28:00,,
2026-01-09 06:28:10,,
2026-01-09 06:28:20,,
2026-01-09 06:28:30,61.0,39.0
2026-01-09 06:28:40,,
2026-01-09 06:28:50,,
2026-01-09 06:29:00,,
2026-01-09 06:29:10,,
2026-01-09 06:29:20,,
2026-01-09 06:29:30,61.0,40.0
2026-01-09 06:29:40,,
2026-01-09 06:29:50,,
2026-01-09 06:30:00,,
2026-01-09 06:30:10,,
2026-01-09 06:30:20,,
2026-01-09 06:30:30,61.0,39.0
2026-01-09 06:30:40,,
2026-01-09 06:30:50,,
2026-01-09 06:31:00,,
2026-01-09 06:31:10,,
2026-01-09 06:31:20,,
2026-01-09 06:31:30,61.0,37.0
2026-01-09 06:31:40,,
2026-01-09 06:31:50,,
2026-01-09 06:32:00,,
2026-01-09 06:32:10,,
2026-01-09 06:32:20,,
2026-01-09 06:32:30,62.0,39.0
2026-01-09 06:32:40,,
2026-01-09 06:32:50,,
2026-01-09 06:33:00,,
2026-01-09 06:33:10,,
2026-01-09 06:33:20,,
2026-01-09 06:33:30,61.0,41.0
2026-01-09 06:33:40,,
2026-01-09 06:33:50,,
2026-01-09 06:34:00,,
2026-01-09 06:34:10,,
2026-01-09 06:34:20,,
2026-01-09 06:34:30,61.0,42.0
2026-01-09 06:34:40,,
2026-01-09 06:34:50,,
2026-01-09 06:35:00,,
2026-01-09 06:35:10,,
2026-01-09 06:35:20,,
2026-01-09 06:35:30,59.0,43.0
2026-01-09 06:35:40,,
2026-01-09 06:35:50,,
2026-01-09 06:36:00,,
2026-01-09 06:36:10,,
2026-01-09 06:36:20,,
2026-01-09 06:36:30,58.0,41.0
2026-01-09 06:36:40,,
2026-01-09 06:36:50,,
2026-01-09 06:37:00,,
2026-01-09 06:37:10,,
2026-01-09 06:37:20,,
2026-01-09 06:37:30,58.0,40.0
2026-01-09 06:37:40,,
2026-01-09 06:37:50,,
2026-01-09 06:38:00,,
2026-01-09 06:38:10,,
2026-01-09 06:38:20,,
2026-01-09 06:38:30,58.0,43.0
2026-01-09 06:38:40,,
2026-01-09 06:38:50,,
2026-01-09 06:39:00,,
2026-01-09 06:39:10,,
2026-01-09 06:39:20,,
2026-01-09 06:39:30,57.0,38.0
2026-01-09 06:39:40,,
2026-01-09 06:39:50,,
2026-01-09 06:40:00,,
2026-01-09 06:40:10,,
2026-01-09 06:40:20,,
2026-01-09 06:40:30,57.0,39.0
2026-01-09 06:40:40,,
2026-01-09 06:40:50,,
2026-01-09 06:41:00,,
2026-01-09 06:41:10,,
2026-01-09 06:41:20,,
2026-01-09 06:41:30,58.0,39.0
2026-01-09 06:41:40,,
2026-01-09 06:41:50,,
2026-01-09 06:42:00,,
2026-01-09 06:42:10,,
2026-01-09 06:42:20,,
2026-01-09 06:42:30,58.0,40.0
2026-01-09 06:42:40,,
2026-01-09 06:42:50,,
2026-01-09 06:43:00,,
2026-01-09 06:43:10,,
2026-01-09 06:43:20,,
2026-01-09 06:43:30,56.0,36.0
2026-01-09 06:43:40,,
2026-01-09 06:43:50,,
2026-01-09 06:44:00,,
2026-01-09 06:44:10,,
2026-01-09 06:44:20,,
2026-01-09 06:44:30,56.0,35.0
2026-01-09 06:44:40,,
2026-01-09 06:44:50,,
2026-01-09 06:45:00,,
2026-01-09 06:45:10,,
2026-01-09 06:45:20,,
2026-01-09 06:45:30,57.0,39.0
2026-01-09 06:45:40,,
2026-01-09 06:45:50,,
2026-01-09 06:46:00,,
2026-01-09 06:46:10,,
2026-01-09 06:46:20,,
2026-01-09 06:46:30,57.0,40.0
2026-01-09 06:46:40,,
2026-01-09 06:46:50,,
2026-01-09 06:47:00,,
2026-01-09 06:47:10,,
2026-01-09 06:47:20,,
2026-01-09 06:47:30,57.0,38.0
2026-01-09 06:47:40,,
2026-01-09 06:47:50,,
2026-01-09 06:48:00,,
2026-01-09 06:48:10,,
2026-01-09 06:48:20,,
2026-01-09 06:48:30,58.0,37.0
2026-01-09 06:48:40,,
2026-01-09 06:48:50,,
2026-01-09 06:49:00,,
2026-01-09 06:49:10,,
2026-01-09 06:49:20,,
2026-01-09 06:49:30,58.0,36.0
2026-01-09 06:49:40,,
2026-01-09 06:49:50,,
2026-01-09 06:50:00,,
2026-01-09 06:50:10,,
2026-01-09 06:50:20,,
2026-01-09 06:50:30,60.0,40.0
2026-01-09 06:50:40,,
2026-01-09 06:50:50,,
2026-01-09 06:51:00,,
2026-01-09 06:51:10,,
2026-01-09 06:51:20,,
2026-01-09 06:51:30,59.0,40.0
2026-01-09 06:51:40,,
2026-01-09 06:51:50,,
2026-01-09 06:52:00,,
2026-01-09 06:52:10,,
2026-01-09 06:52:20,,
2026-01-09 06:52:30,60.0,40.0
2026-01-09 06:52:40,,
2026-01-09 06:52:50,,
2026-01-09 06:53:00,,
2026-01-09 06:53:10,,
2026-01-09 06:53:20,,
2026-01-09 06:53:30,59.0,40.0
2026-01-09 06:53:40,,
2026-01-09 06:53:50,,
2026-01-09 06:54:00,,
2026-01-09 06:54:10,,
2026-01-09 06:54:20,,
2026-01-09 06:54:30,59.0,37.0
2026-01-09 06:54:40,,
2026-01-09 06:54:50,,
2026-01-09 06:55:00,,
2026-01-09 06:55:10,,
2026-01-09 06:55:20,,
2026-01-09 06:55:30,60.0,40.0
2026-01-09 06:55:40,,
2026-01-09 06:55:50,,
2026-01-09 06:56:00,,
2026-01-09 06:56:10,,
2026-01-09 06:56:20,,
2026-01-09 06:56:30,59.0,38.0
2026-01-09 06:56:40,,
2026-01-09 06:56:50,,
2026-01-09 06:57:00,,
2026-01-09 06:57:10,,
2026-01-09 06:57:20,,
2026-01-09 06:57:30,60.0,38.0
2026-01-09 06:57:40,,
2026-01-09 06:57:50,,
2026-01-09 06:58:00,,
2026-01-09 06:58:10,,
2026-01-09 06:58:20,,
2026-01-09 06:58:30,60.0,40.0
2026-01-09 06:58:40,,
2026-01-09 06:58:50,,
2026-01-09 06:59:00,,
2026-01-09 06:59:10,,
2026-01-09 06:59:20,,
2026-01-09 06:59:30,59.0,39.0
2026-01-09 06:59:40,,
2026-01-09 06:59:50,,
2026-01-09 07:00:00,,
2026-01-09 07:00:10,,
2026-01-09 07:00:20,,
2026-01-09 07:00:30,60.0,39.0
2026-01-09 07:00:40,,
2026-01-09 07:00:50,,
2026-01-09 07:01:00,,
2026-01-09 07:01:10,,
2026-01-09 07:01:20,,
2026-01-09 07:01:30,60.0,38.0
2026-01-09 07:01:40,,
2026-01-09 07:01:50,,
2026-01-09 07:02:00,,
2026-01-09 07:02:10,,
2026-01-09 07:02:20,,
2026-01-09 07:02:30,60.0,39.0
2026-01-09 07:02:40,,
2026-01-09 07:02:50,,
2026-01-09 07:03:00,,
2026-01-09 07:03:10,,
2026-01-09 07:03:20,,
2026-01-09 07:03:30,60.0,39.0
2026-01-09 07:03:40,,
2026-01-09 07:03:50,,
2026-01-09 07:04:00,,
2026-01-09 07:04:10,,
2026-01-09 07:04:20,,
2026-01-09 07:04:30,60.0,40.0
2026-01-09 07:04:40,,
2026-01-09 07:04:50,,
2026-01-09 07:05:00,,
2026-01-09 07:05:10,,
2026-01-09 07:05:20,,
2026-01-09 07:05:30,60.0,38.0
2026-01-09 07:05:40,,
2026-01-09 07:05:50,,
2026-01-09 07:06:00,,
2026-01-09 07:06:10,,
2026-01-09 07:06:20,,
2026-01-09 07:06:30,59.0,39.0
2026-01-09 07:06:40,,
2026-01-09 07:06:50,,
2026-01-09 07:07:00,,
2026-01-09 07:07:10,,
2026-01-09 07:07:20,,
2026-01-09 07:07:30,61.0,39.0
2026-01-09 07:07:40,,
2026-01-09 07:07:50,,
2026-01-09 07:08:00,,
2026-01-09 07:08:10,,
2026-01-09 07:08:20,,
2026-01-09 07:08:30,60.0,38.0
2026-01-09 07:08:40,,
2026-01-09 07:08:50,,
2026-01-09 07:09:00,,
2026-01-09 07:09:10,,
2026-01-09 07:09:20,,
2026-01-09 07:09:30,60.0,40.0
2026-01-09 07:09:40,,
2026-01-09 07:09:50,,
2026-01-09 07:10:00,,
2026-01-09 07:10:10,,
2026-01-09 07:10:20,,
2026-01-09 07:10:30,60.0,39.0
2026-01-09 07:10:40,,
2026-01-09 07:10:50,,
2026-01-09 07:11:00,,
2026-01-09 07:11:10,,
2026-01-09 07:11:20,,
2026-01-09 07:11:30,61.0,42.0
2026-01-09 07:11:40,,
2026-01-09 07:11:50,,
2026-01-09 07:12:00,,
2026-01-09 07:12:10,,
2026-01-09 07:12:20,,
2026-01-09 07:12:30,60.0,39.0
2026-01-09 07:12:40,,
2026-01-09 07:12:50,,
2026-01-09 07:13:00,,
2026-01-09 07:13:10,,
2026-01-09 07:13:20,,
2026-01-09 07:13:30,61.0,39.0
2026-01-09 07:13:40,,
2026-01-09 07:13:50,,
2026-01-09 07:14:00,,
2026-01-09 07:14:10,,
2026-01-09 07:14:20,,
2026-01-09 07:14:30,61.0,42.0
2026-01-09 07:14:40,,
2026-01-09 07:14:50,,
2026-01-09 07:15:00,,
2026-01-09 07:15:10,,
2026-01-09 07:15:20,,
2026-01-09 07:15:30,60.0,40.0
2026-01-09 07:15:40,,
2026-01-09 07:15:50,,
2026-01-09 07:16:00,,
2026-01-09 07:16:10,,
2026-01-09 07:16:20,,
2026-01-09 07:16:30,60.0,38.0
2026-01-09 07:16:40,,
2026-01-09 07:16:50,,
2026-01-09 07:17:00,,
2026-01-09 07:17:10,,
2026-01-09 07:17:20,,
2026-01-09 07:17:30,60.0,40.0
2026-01-09 07:17:40,,
2026-01-09 07:17:50,,
2026-01-09 07:18:00,,
2026-01-09 07:18:10,,
2026-01-09 07:18:20,,
2026-01-09 07:18:30,61.0,39.0
2026-01-09 07:18:40,,
2026-01-09 07:18:50,,
2026-01-09 07:19:00,,
2026-01-09 07:19:10,,
2026-01-09 07:19:20,,
2026-01-09 07:19:30,61.0,40.0
2026-01-09 07:19:40,,
2026-01-09 07:19:50,,
2026-01-09 07:20:00,,
2026-01-09 07:20:10,,
2026-01-09 07:20:20,,
2026-01-09 07:20:30,60.0,39.0
2026-01-09 07:20:40,,
2026-01-09 07:20:50,,
2026-01-09 07:21:00,,
2026-01-09 07:21:10,,
2026-01-09 07:21:20,,
2026-01-09 07:21:30,61.0,38.0
2026-01-09 07:21:40,,
2026-01-09 07:21:50,,
2026-01-09 07:22:00,,
2026-01-09 07:22:10,,
2026-01-09 07:22:20,,
2026-01-09 07:22:30,61.0,39.0
2026-01-09 07:22:40,,
2026-01-09 07:22:50,,
2026-01-09 07:23:00,,
2026-01-09 07:23:10,,
2026-01-09 07:23:20,,
2026-01-09 07:23:30,62.0,42.0
2026-01-09 07:23:40,,
2026-01-09 07:23:50,,
2026-01-09 07:24:00,,
2026-01-09 07:24:10,,
2026-01-09 07:24:20,,
2026-01-09 07:24:30,60.0,39.0
2026-01-09 07:24:40,,
2026-01-09 07:24:50,,
2026-01-09 07:25:00,,
2026-01-09 07:25:10,,
2026-01-09 07:25:20,,
2026-01-09 07:25:30,61.0,39.0
2026-01-09 07:25:40,,
2026-01-09 07:25:50,,
2026-01-09 07:26:00,,
2026-01-09 07:26:10,,
2026-01-09 07:26:20,,
2026-01-09 07:26:30,62.0,39.0
2026-01-09 07:26:40,,
2026-01-09 07:26:50,,
2026-01-09 07:27:00,,
2026-01-09 07:27:10,,
2026-01-09 07:27:20,,
2026-01-09 07:27:30,63.0,38.0
2026-01-09 07:27:40,,
2026-01-09 07:27:50,,
2026-01-09 07:28:00,,
2026-01-09 07:28:10,,
2026-01-09 07:28:20,,
2026-01-09 07:28:30,62.0,39.0
2026-01-09 07:28:40,,
2026-01-09 07:28:50,,
2026-01-09 07:29:00,,
2026-01-09 07:29:10,,
2026-01-09 07:29:20,,
2026-01-09 07:29:30,61.0,41.0
2026-01-09 07:29:40,,
2026-01-09 07:29:50,,
2026-01-09 07:30:00,,
2026-01-09 07:30:10,,
2026-01-09 07:30:20,,
2026-01-09 07:30:30,62.0,40.0
2026-01-09 07:30:40,,
2026-01-09 07:30:50,,
2026-01-09 07:31:00,,
2026-01-09 07:31:10,,
2026-01-09 07:31:20,,
2026-01-09 07:31:30,60.0,41.0
2026-01-09 07:31:40,,
2026-01-09 07:31:50,,
2026-01-09 07:32:00,,
2026-01-09 07:32:10,,
2026-01-09 07:32:20,,
2026-01-09 07:32:30,61.0,41.0
2026-01-09 07:32:40,,
2026-01-09 07:32:50,,
2026-01-09 07:33:00,,
2026-01-09 07:33:10,,
2026-01-09 07:33:20,,
2026-01-09 07:33:30,60.0,39.0
2026-01-09 07:33:40,,
2026-01-09 07:33:50,,
2026-01-09 07:34:00,,
2026-01-09 07:34:10,,
2026-01-09 07:34:20,,
2026-01-09 07:34:30,61.0,41.0
2026-01-09 07:34:40,,
2026-01-09 07:34:50,,
2026-01-09 07:35:00,,
2026-01-09 07:35:10,,
2026-01-09 07:35:20,,
2026-01-09 07:35:30,61.0,39.0
2026-01-09 07:35:40,,
2026-01-09 07:35:50,,
2026-01-09 07:36:00,,
2026-01-09 07:36:10,,
2026-01-09 07:36:20,,
2026-01-09 07:36:30,63.0,41.0
2026-01-09 07:36:40,,
2026-01-09 07:36:50,,
2026-01-09 07:37:00,,
2026-01-09 07:37:10,,
2026-01-09 07:37:20,,
2026-01-09 07:37:30,62.0,41.0
2026-01-09 07:37:40,,
2026-01-09 07:37:50,,
2026-01-09 07:38:00,,
2026-01-09 07:38:10,,
2026-01-09 07:38:20,,
2026-01-09 07:38:30,60.0,43.0
2026-01-09 07:38:40,,
2026-01-09 07:38:50,,
2026-01-09 07:39:00,,
2026-01-09 07:39:10,,
2026-01-09 07:39:20,,
2026-01-09 07:39:30,61.0,40.0
2026-01-09 07:39:40,,
2026-01-09 07:39:50,,
2026-01-09 07:40:00,,
2026-01-09 07:40:10,,
2026-01-09 07:40:20,,
2026-01-09 07:40:30,63.0,40.0
2026-01-09 07:40:40,,
2026-01-09 07:40:50,,
2026-01-09 07:41:00,,
2026-01-09 07:41:10,,
2026-01-09 07:41:20,,
2026-01-09 07:41:30,62.0,40.0
2026-01-09 07:41:40,,
2026-01-09 07:41:50,,
2026-01-09 07:42:00,,
2026-01-09 07:42:10,,
2026-01-09 07:42:20,,
2026-01-09 07:42:30,62.0,39.0
2026-01-09 07:42:40,,
2026-01-09 07:42:50,,
2026-01-09 07:43:00,,
2026-01-09 07:43:10,,
2026-01-09 07:43:20,,
2026-01-09 07:43:30,63.0,42.0
2026-01-09 07:43:40,,
2026-01-09 07:43:50,,
2026-01-09 07:44:00,,
2026-01-09 07:44:10,,
2026-01-09 07:44:20,,
2026-01-09 07:44:30,63.0,41.0
2026-01-09 07:44:40,,
2026-01-09 07:44:50,,
2026-01-09 07:45:00,,
2026-01-09 07:45:10,,
2026-01-09 07:45:20,,
2026-01-09 07:45:30,62.0,41.0
2026-01-09 07:45:40,,
2026-01-09 07:45:50,,
2026-01-09 07:46:00,,
2026-01-09 07:46:10,,
2026-01-09 07:46:20,,
2026-01-09 07:46:30,60.0,44.0
2026-01-09 07:46:40,,
2026-01-09 07:46:50,,
2026-01-09 07:47:00,,
2026-01-09 07:47:10,,
2026-01-09 07:47:20,,
2026-01-09 07:47:30,61.0,41.0
2026-01-09 07:47:40,,
2026-01-09 07:47:50,,
2026-01-09 07:48:00,,
2026-01-09 07:48:10,,
2026-01-09 07:48:20,,
2026-01-09 07:48:30,62.0,40.0
2026-01-09 07:48:40,,
2026-01-09 07:48:50,,
2026-01-09 07:49:00,,
2026-01-09 07:49:10,,
2026-01-09 07:49:20,,
2026-01-09 07:49:30,63.0,43.0
2026-01-09 07:49:40,,
2026-01-09 07:49:50,,
2026-01-09 07:50:00,,
2026-01-09 07:50:10,,
2026-01-09 07:50:20,,
2026-01-09 07:50:30,61.0,44.0
2026-01-09 07:50:40,,
2026-01-09 07:50:50,,
2026-01-09 07:51:00,,
2026-01-09 07:51:10,,
2026-01-09 07:51:20,,
2026-01-09 07:51:30,65.0,40.0
2026-01-09 07:51:40,,
2026-01-09 07:51:50,,
2026-01-09 07:52:00,,
2026-01-09 07:52:10,,
2026-01-09 07:52:20,,
2026-01-09 07:52:30,63.0,42.0
2026-01-09 07:52:40,,
2026-01-09 07:52:50,,
2026-01-09 07:53:00,,
2026-01-09 07:53:10,,
2026-01-09 07:53:20,,
2026-01-09 07:53:30,63.0,40.0
2026-01-09 07:53:40,,
2026-01-09 07:53:50,,
2026-01-09 07:54:00,,
2026-01-09 07:54:10,,
2026-01-09 07:54:20,,
2026-01-09 07:54:30,63.0,40.0
2026-01-09 07:54:40,,
2026-01-09 07:54:50,,
2026-01-09 07:55:00,,
2026-01-09 07:55:10,,
2026-01-09 07:55:20,,
2026-01-09 07:55:30,61.0,41.0
2026-01-09 07:55:40,,
2026-01-09 07:55:50,,
2026-01-09 07:56:00,,
2026-01-09 07:56:10,,
2026-01-09 07:56:20,,
2026-01-09 07:56:30,63.0,40.0
2026-01-09 07:56:40,,
2026-01-09 07:56:50,,
2026-01-09 07:57:00,,
2026-01-09 07:57:10,,
2026-01-09 07:57:20,,
2026-01-09 07:57:30,62.0,39.0
2026-01-09 07:57:40,,
2026-01-09 07:57:50,,
2026-01-09 07:58:00,,
2026-01-09 07:58:10,,
2026-01-09 07:58:20,,
2026-01-09 07:58:30,63.0,41.0
2026-01-09 07:58:40,,
2026-01-09 07:58:50,,
2026-01-09 07:59:00,,
2026-01-09 07:59:10,,
2026-01-09 07:59:20,,
2026-01-09 07:59:30,63.0,41.0
2026-01-09 07:59:40,,
2026-01-09 07:59:50,,
2026-01-09 08:00:00,,
2026-01-09 08:00:10,,
2026-01-09 08:00:20,,
2026-01-09 08:00:30,65.0,44.0
2026-01-09 08:00:40,,
2026-01-09 08:00:50,,
2026-01-09 08:01:00,,
2026-01-09 08:01:10,,
2026-01-09 08:01:20,,
2026-01-09 08:01:30,63.0,42.0
2026-01-09 08:01:40,,
2026-01-09 08:01:50,,
2026-01-09 08:02:00,,
2026-01-09 08:02:10,,
2026-01-09 08:02:20,,
2026-01-09 08:02:30,62.0,42.0
2026-01-09 08:02:40,,
2026-01-09 08:02:50,,
2026-01-09 08:03:00,,
2026-01-09 08:03:10,,
2026-01-09 08:03:20,,
2026-01-09 08:03:30,63.0,41.0
2026-01-09 08:03:40,,
2026-01-09 08:03:50,,
2026-01-09 08:04:00,,
2026-01-09 08:04:10,,
2026-01-09 08:04:20,,
2026-01-09 08:04:30,63.0,40.0
2026-01-09 08:04:40,,
2026-01-09 08:04:50,,
2026-01-09 08:05:00,,
2026-01-09 08:05:10,,
2026-01-09 08:05:20,,
2026-01-09 08:05:30,64.0,43.0
2026-01-09 08:05:40,,
2026-01-09 08:05:50,,
2026-01-09 08:06:00,,
2026-01-09 08:06:10,,
2026-01-09 08:06:20,,
2026-01-09 08:06:30,66.0,43.0
2026-01-09 08:06:40,,
2026-01-09 08:06:50,,
2026-01-09 08:07:00,,
2026-01-09 08:07:10,,
2026-01-09 08:07:20,,
2026-01-09 08:07:30,64.0,42.0
2026-01-09 08:07:40,,
2026-01-09 08:07:50,,
2026-01-09 08:08:00,,
2026-01-09 08:08:10,,
2026-01-09 08:08:20,,
2026-01-09 08:08:30,64.0,38.0
2026-01-09 08:08:40,,
2026-01-09 08:08:50,,
2026-01-09 08:09:00,,
2026-01-09 08:09:10,,
2026-01-09 08:09:20,,
2026-01-09 08:09:30,63.0,39.0
2026-01-09 08:09:40,,
2026-01-09 08:09:50,,
2026-01-09 08:10:00,,
2026-01-09 08:10:10,,
2026-01-09 08:10:20,,
2026-01-09 08:10:30,63.0,40.0
2026-01-09 08:10:40,,
2026-01-09 08:10:50,,
2026-01-09 08:11:00,,
2026-01-09 08:11:10,,
2026-01-09 08:11:20,,
2026-01-09 08:11:30,63.0,43.0
2026-01-09 08:11:40,,
2026-01-09 08:11:50,,
2026-01-09 08:12:00,,
2026-01-09 08:12:10,,
2026-01-09 08:12:20,,
2026-01-09 08:12:30,63.0,41.0
2026-01-09 08:12:40,,
2026-01-09 08:12:50,,
2026-01-09 08:13:00,,
2026-01-09 08:13:10,,
2026-01-09 08:13:20,,
2026-01-09 08:13:30,63.0,41.0
2026-01-09 08:13:40,,
2026-01-09 08:13:50,,
2026-01-09 08:14:00,,
2026-01-09 08:14:10,,
2026-01-09 08:14:20,,
2026-01-09 08:14:30,62.0,94.0
2026-01-09 08:14:40,,
2026-01-09 08:14:50,,
2026-01-09 08:15:00,,
2026-01-09 08:15:10,,
2026-01-09 08:15:20,,
2026-01-09 08:15:30,62.0,207.0
2026-01-09 08:15:40,,
2026-01-09 08:15:50,,
2026-01-09 08:16:00,,
2026-01-09 08:16:10,,
2026-01-09 08:16:20,,
2026-01-09 08:16:30,63.0,42.0
2026-01-09 08:16:40,,
2026-01-09 08:16:50,,
2026-01-09 08:17:00,,
2026-01-09 08:17:10,,
2026-01-09 08:17:20,,
2026-01-09 08:17:30,64.0,41.0
2026-01-09 08:17:40,,
2026-01-09 08:17:50,,
2026-01-09 08:18:00,,
2026-01-09 08:18:10,,
2026-01-09 08:18:20,,
2026-01-09 08:18:30,62.0,46.0
2026-01-09 08:18:40,,
2026-01-09 08:18:50,,
2026-01-09 08:19:00,,
2026-01-09 08:19:10,,
2026-01-09 08:19:20,,
2026-01-09 08:19:30,55.0,62.0
2026-01-09 08:19:40,,
2026-01-09 08:19:50,,
2026-01-09 08:20:00,,
2026-01-09 08:20:10,,
2026-01-09 08:20:20,,
2026-01-09 08:20:30,56.0,47.0
2026-01-09 08:20:40,,
2026-01-09 08:20:50,,
2026-01-09 08:21:00,,
2026-01-09 08:21:10,,
2026-01-09 08:21:20,,
2026-01-09 08:21:30,60.0,52.0
2026-01-09 08:21:40,,
2026-01-09 08:21:50,,
2026-01-09 08:22:00,,
2026-01-09 08:22:10,,
2026-01-09 08:22:20,,
2026-01-09 08:22:30,61.0,52.0
2026-01-09 08:22:40,,
2026-01-09 08:22:50,,
2026-01-09 08:23:00,,
2026-01-09 08:23:10,,
2026-01-09 08:23:20,,
2026-01-09 08:23:30,63.0,54.0
2026-01-09 08:23:40,,
2026-01-09 08:23:50,,
2026-01-09 08:24:00,,
2026-01-09 08:24:10,,
2026-01-09 08:24:20,,
2026-01-09 08:24:30,60.0,48.0
2026-01-09 08:24:40,,
2026-01-09 08:24:50,,
2026-01-09 08:25:00,,
2026-01-09 08:25:10,,
2026-01-09 08:25:20,,
2026-01-09 08:25:30,62.0,46.0
2026-01-09 08:25:40,,
2026-01-09 08:25:50,,
2026-01-09 08:26:00,,
2026-01-09 08:26:10,,
2026-01-09 08:26:20,,
2026-01-09 08:26:30,64.0,42.0
2026-01-09 08:26:40,,
2026-01-09 08:26:50,,
2026-01-09 08:27:00,,
2026-01-09 08:27:10,,
2026-01-09 08:27:20,,
2026-01-09 08:27:30,62.0,40.0
2026-01-09 08:27:40,,
2026-01-09 08:27:50,,
2026-01-09 08:28:00,,
2026-01-09 08:28:10,,
2026-01-09 08:28:20,,
2026-01-09 08:28:30,63.0,40.0
2026-01-09 08:28:40,,
2026-01-09 08:28:50,,
2026-01-09 08:29:00,,
2026-01-09 08:29:10,,
2026-01-09 08:29:20,,
2026-01-09 08:29:30,62.0,39.0
2026-01-09 08:29:40,,
2026-01-09 08:29:50,,
2026-01-09 08:30:00,,
2026-01-09 08:30:10,,
2026-01-09 08:30:20,,
2026-01-09 08:30:30,61.0,38.0
2026-01-09 08:30:40,,
2026-01-09 08:30:50,,
2026-01-09 08:31:00,,
2026-01-09 08:31:10,,
2026-01-09 08:31:20,,
2026-01-09 08:31:30,61.0,41.0
2026-01-09 08:31:40,,
2026-01-09 08:31:50,,
2026-01-09 08:32:00,,
2026-01-09 08:32:10,,
2026-01-09 08:32:20,,
2026-01-09 08:32:30,60.0,45.0
2026-01-09 08:32:40,,
2026-01-09 08:32:50,,
2026-01-09 08:33:00,,
2026-01-09 08:33:10,,
2026-01-09 08:33:20,,
2026-01-09 08:33:30,61.0,42.0
2026-01-09 08:33:40,,
2026-01-09 08:33:50,,
2026-01-09 08:34:00,,
2026-01-09 08:34:10,,
2026-01-09 08:34:20,,
2026-01-09 08:34:30,61.0,47.0
2026-01-09 08:34:40,,
2026-01-09 08:34:50,,
2026-01-09 08:35:00,,
2026-01-09 08:35:10,,
2026-01-09 08:35:20,,
2026-01-09 08:35:30,62.0,42.0
2026-01-09 08:35:40,,
2026-01-09 08:35:50,,
2026-01-09 08:36:00,,
2026-01-09 08:36:10,,
2026-01-09 08:36:20,,
2026-01-09 08:36:30,64.0,39.0
2026-01-09 08:36:40,,
2026-01-09 08:36:50,,
2026-01-09 08:37:00,,
2026-01-09 08:37:10,,
2026-01-09 08:37:20,,
2026-01-09 08:37:30,58.0,51.0
2026-01-09 08:37:40,,
2026-01-09 08:37:50,,
2026-01-09 08:38:00,,
2026-01-09 08:38:10,,
2026-01-09 08:38:20,,
2026-01-09 08:38:30,52.0,61.0
2026-01-09 08:38:40,,
2026-01-09 08:38:50,,
2026-01-09 08:39:00,,
2026-01-09 08:39:10,,
2026-01-09 08:39:20,,
2026-01-09 08:39:30,50.0,53.0
2026-01-09 08:39:40,,
2026-01-09 08:39:50,,
2026-01-09 08:40:00,,
2026-01-09 08:40:10,,
2026-01-09 08:40:20,,
2026-01-09 08:40:30,52.0,57.0
2026-01-09 08:40:40,,
2026-01-09 08:40:50,,
2026-01-09 08:41:00,,
2026-01-09 08:41:10,,
2026-01-09 08:41:20,,
2026-01-09 08:41:30,61.0,51.0
2026-01-09 08:41:40,,
2026-01-09 08:41:50,,
2026-01-09 08:42:00,,
2026-01-09 08:42:10,,
2026-01-09 08:42:20,,
2026-01-09 08:42:30,66.0,46.0
2026-01-09 08:42:40,,
2026-01-09 08:42:50,,
2026-01-09 08:43:00,,
2026-01-09 08:43:10,,
2026-01-09 08:43:20,,
2026-01-09 08:43:30,67.0,44.0
2026-01-09 08:43:40,,
2026-01-09 08:43:50,,
2026-01-09 08:44:00,,
2026-01-09 08:44:10,,
2026-01-09 08:44:20,,
2026-01-09 08:44:30,67.0,47.0
2026-01-09 08:44:40,,
2026-01-09 08:44:50,,
2026-01-09 08:45:00,,
2026-01-09 08:45:10,,
2026-01-09 08:45:20,,
2026-01-09 08:45:30,68.0,40.0
2026-01-09 08:45:40,,
2026-01-09 08:45:50,,
2026-01-09 08:46:00,,
2026-01-09 08:46:10,,
2026-01-09 08:46:20,,
2026-01-09 08:46:30,66.0,39.0
2026-01-09 08:46:40,,
2026-01-09 08:46:50,,
2026-01-09 08:47:00,,
2026-01-09 08:47:10,,
2026-01-09 08:47:20,,
2026-01-09 08:47:30,66.0,38.0
2026-01-09 08:47:40,,
2026-01-09 08:47:50,,
2026-01-09 08:48:00,,
2026-01-09 08:48:10,,
2026-01-09 08:48:20,,
2026-01-09 08:48:30,66.0,39.0
2026-01-09 08:48:40,,
2026-01-09 08:48:50,,
2026-01-09 08:49:00,,
2026-01-09 08:49:10,,
2026-01-09 08:49:20,,
2026-01-09 08:49:30,64.0,38.0
2026-01-09 08:49:40,,
2026-01-09 08:49:50,,
2026-01-09 08:50:00,,
2026-01-09 08:50:10,,
2026-01-09 08:50:20,,
2026-01-09 08:50:30,65.0,39.0
2026-01-09 08:50:40,,
2026-01-09 08:50:50,,
2026-01-09 08:51:00,,
2026-01-09 08:51:10,,
2026-01-09 08:51:20,,
2026-01-09 08:51:30,64.0,39.0
2026-01-09 08:51:40,,
2026-01-09 08:51:50,,
2026-01-09 08:52:00,,
2026-01-09 08:52:10,,
2026-01-09 08:52:20,,
2026-01-09 08:52:30,65.0,38.0
2026-01-09 08:52:40,,
2026-01-09 08:52:50,,
2026-01-09 08:53:00,,
2026-01-09 08:53:10,,
2026-01-09 08:53:20,,
2026-01-09 08:53:30,64.0,38.0
2026-01-09 08:53:40,,
2026-01-09 08:53:50,,
2026-01-09 08:54:00,,
2026-01-09 08:54:10,,
2026-01-09 08:54:20,,
2026-01-09 08:54:30,64.0,39.0
2026-01-09 08:54:40,,
2026-01-09 08:54:50,,
2026-01-09 08:55:00,,
2026-01-09 08:55:10,,
2026-01-09 08:55:20,,
2026-01-09 08:55:30,64.0,39.0
2026-01-09 08:55:40,,
2026-01-09 08:55:50,,
2026-01-09 08:56:00,,
2026-01-09 08:56:10,,
2026-01-09 08:56:20,,
2026-01-09 08:56:30,63.0,41.0
2026-01-09 08:56:40,,
2026-01-09 08:56:50,,
2026-01-09 08:57:00,,
2026-01-09 08:57:10,,
2026-01-09 08:57:20,,
2026-01-09 08:57:30,62.0,41.0
2026-01-09 08:57:40,,
2026-01-09 08:57:50,,
2026-01-09 08:58:00,,
2026-01-09 08:58:10,,
2026-01-09 08:58:20,,
2026-01-09 08:58:30,63.0,44.0
2026-01-09 08:58:40,,
2026-01-09 08:58:50,,
2026-01-09 08:59:00,,
2026-01-09 08:59:10,,
2026-01-09 08:59:20,,
2026-01-09 08:59:30,61.0,44.0
2026-01-09 08:59:40,,
2026-01-09 08:59:50,,
2026-01-09 09:00:00,,
2026-01-09 09:00:10,,
2026-01-09 09:00:20,,
2026-01-09 09:00:30,63.0,43.0
2026-01-09 09:00:40,,
2026-01-09 09:00:50,,
2026-01-09 09:01:00,,
2026-01-09 09:01:10,,
2026-01-09 09:01:20,,
2026-01-09 09:01:30,62.0,42.0
2026-01-09 09:01:40,,
2026-01-09 09:01:50,,
2026-01-09 09:02:00,,
2026-01-09 09:02:10,,
2026-01-09 09:02:20,,
2026-01-09 09:02:30,65.0,47.0
2026-01-09 09:02:40,,
2026-01-09 09:02:50,,
2026-01-09 09:03:00,,
2026-01-09 09:03:10,,
2026-01-09 09:03:20,,
2026-01-09 09:03:30,63.0,48.0
2026-01-09 09:03:40,,
2026-01-09 09:03:50,,
2026-01-09 09:04:00,,
2026-01-09 09:04:10,,
2026-01-09 09:04:20,,
2026-01-09 09:04:30,63.0,46.0
2026-01-09 09:04:40,,
2026-01-09 09:04:50,,
2026-01-09 09:05:00,,
2026-01-09 09:05:10,,
2026-01-09 09:05:20,,
2026-01-09 09:05:30,64.0,46.0
2026-01-09 09:05:40,,
2026-01-09 09:05:50,,
2026-01-09 09:06:00,,
2026-01-09 09:06:10,,
2026-01-09 09:06:20,,
2026-01-09 09:06:30,63.0,45.0
2026-01-09 09:06:40,,
2026-01-09 09:06:50,,
2026-01-09 09:07:00,,
2026-01-09 09:07:10,,
2026-01-09 09:07:20,,
2026-01-09 09:07:30,61.0,44.0
2026-01-09 09:07:40,,
2026-01-09 09:07:50,,
2026-01-09 09:08:00,,
2026-01-09 09:08:10,,
2026-01-09 09:08:20,,
2026-01-09 09:08:30,59.0,47.0
2026-01-09 09:08:40,,
2026-01-09 09:08:50,,
2026-01-09 09:09:00,,
2026-01-09 09:09:10,,
2026-01-09 09:09:20,,
2026-01-09 09:09:30,59.0,45.0
2026-01-09 09:09:40,,
2026-01-09 09:09:50,,
2026-01-09 09:10:00,,
2026-01-09 09:10:10,,
2026-01-09 09:10:20,,
2026-01-09 09:10:30,58.0,47.0
2026-01-09 09:10:40,,
2026-01-09 09:10:50,,
2026-01-09 09:11:00,,
2026-01-09 09:11:10,,
2026-01-09 09:11:20,,
2026-01-09 09:11:30,59.0,48.0
2026-01-09 09:11:40,,
2026-01-09 09:11:50,,
2026-01-09 09:12:00,,
2026-01-09 09:12:10,,
2026-01-09 09:12:20,,
2026-01-09 09:12:30,61.0,45.0
2026-01-09 09:12:40,,
2026-01-09 09:12:50,,
2026-01-09 09:13:00,,
2026-01-09 09:13:10,,
2026-01-09 09:13:20,,
2026-01-09 09:13:30,61.0,45.0
2026-01-09 09:13:40,,
2026-01-09 09:13:50,,
2026-01-09 09:14:00,,
2026-01-09 09:14:10,,
2026-01-09 09:14:20,,
2026-01-09 09:14:30,63.0,44.0
2026-01-09 09:14:40,,
2026-01-09 09:14:50,,
2026-01-09 09:15:00,,
2026-01-09 09:15:10,,
2026-01-09 09:15:20,,
2026-01-09 09:15:30,63.0,43.0
2026-01-09 09:15:40,,
2026-01-09 09:15:50,,
2026-01-09 09:16:00,,
2026-01-09 09:16:10,,
2026-01-09 09:16:20,,
2026-01-09 09:16:30,62.0,43.0
2026-01-09 09:16:40,,
2026-01-09 09:16:50,,
2026-01-09 09:17:00,,
2026-01-09 09:17:10,,
2026-01-09 09:17:20,,
2026-01-09 09:17:30,62.0,46.0
2026-01-09 09:17:40,,
2026-01-09 09:17:50,,
2026-01-09 09:18:00,,
2026-01-09 09:18:10,,
2026-01-09 09:18:20,,
2026-01-09 09:18:30,62.0,45.0
2026-01-09 09:18:40,,
2026-01-09 09:18:50,,
2026-01-09 09:19:00,,
2026-01-09 09:19:10,,
2026-01-09 09:19:20,,
2026-01-09 09:19:30,62.0,45.0
2026-01-09 09:19:40,,
2026-01-09 09:19:50,,
2026-01-09 09:20:00,,
2026-01-09 09:20:10,,
2026-01-09 09:20:20,,
2026-01-09 09:20:30,61.0,47.0
2026-01-09 09:20:40,,
2026-01-09 09:20:50,,
2026-01-09 09:21:00,,
2026-01-09 09:21:10,,
2026-01-09 09:21:20,,
2026-01-09 09:21:30,63.0,46.0
2026-01-09 09:21:40,,
2026-01-09 09:21:50,,
2026-01-09 09:22:00,,
2026-01-09 09:22:10,,
2026-01-09 09:22:20,,
2026-01-09 09:22:30,64.0,44.0
2026-01-09 09:22:40,,
2026-01-09 09:22:50,,
2026-01-09 09:23:00,,
2026-01-09 09:23:10,,
2026-01-09 09:23:20,,
2026-01-09 09:23:30,63.0,44.0
2026-01-09 09:23:40,,
2026-01-09 09:23:50,,
2026-01-09 09:24:00,,
2026-01-09 09:24:10,,
2026-01-09 09:24:20,,
2026-01-09 09:24:30,64.0,44.0
2026-01-09 09:24:40,,
2026-01-09 09:24:50,,
2026-01-09 09:25:00,,
2026-01-09 09:25:10,,
2026-01-09 09:25:20,,
2026-01-09 09:25:30,63.0,46.0
2026-01-09 09:25:40,,
2026-01-09 09:25:50,,
2026-01-09 09:26:00,,
2026-01-09 09:26:10,,
2026-01-09 09:26:20,,
2026-01-09 09:26:30,64.0,49.0
2026-01-09 09:26:40,,
2026-01-09 09:26:50,,
2026-01-09 09:27:00,,
2026-01-09 09:27:10,,
2026-01-09 09:27:20,,
2026-01-09 09:27:30,63.0,45.0
2026-01-09 09:27:40,,
2026-01-09 09:27:50,,
2026-01-09 09:28:00,,
2026-01-09 09:28:10,,
2026-01-09 09:28:20,,
2026-01-09 09:28:30,63.0,46.0
2026-01-09 09:28:40,,
2026-01-09 09:28:50,,
2026-01-09 09:29:00,,
2026-01-09 09:29:10,,
2026-01-09 09:29:20,,
2026-01-09 09:29:30,63.0,44.0
2026-01-09 09:29:40,,
2026-01-09 09:29:50,,
2026-01-09 09:30:00,,
2026-01-09 09:30:10,,
2026-01-09 09:30:20,,
2026-01-09 09:30:30,65.0,44.0
2026-01-09 09:30:40,,
2026-01-09 09:30:50,,
2026-01-09 09:31:00,,
2026-01-09 09:31:10,,
2026-01-09 09:31:20,,
2026-01-09 09:31:30,63.0,48.0
2026-01-09 09:31:40,,
2026-01-09 09:31:50,,
2026-01-09 09:32:00,,
2026-01-09 09:32:10,,
2026-01-09 09:32:20,,
2026-01-09 09:32:30,64.0,46.0
2026-01-09 09:32:40,,
2026-01-09 09:32:50,,
2026-01-09 09:33:00,,
2026-01-09 09:33:10,,
2026-01-09 09:33:20,,
2026-01-09 09:33:30,63.0,48.0
2026-01-09 09:33:40,,
2026-01-09 09:33:50,,
2026-01-09 09:34:00,,
2026-01-09 09:34:10,,
2026-01-09 09:34:20,,
2026-01-09 09:34:30,64.0,45.0
2026-01-09 09:34:40,,
2026-01-09 09:34:50,,
2026-01-09 09:35:00,,
2026-01-09 09:35:10,,
2026-01-09 09:35:20,,
2026-01-09 09:35:30,64.0,43.0
2026-01-09 09:35:40,,
2026-01-09 09:35:50,,
2026-01-09 09:36:00,,
2026-01-09 09:36:10,,
2026-01-09 09:36:20,,
2026-01-09 09:36:30,65.0,43.0
2026-01-09 09:36:40,,
2026-01-09 09:36:50,,
2026-01-09 09:37:00,,
2026-01-09 09:37:10,,
2026-01-09 09:37:20,,
2026-01-09 09:37:30,64.0,45.0
2026-01-09 09:37:40,,
2026-01-09 09:37:50,,
2026-01-09 09:38:00,,
2026-01-09 09:38:10,,
2026-01-09 09:38:20,,
2026-01-09 09:38:30,65.0,48.0
2026-01-09 09:38:40,,
2026-01-09 09:38:50,,
2026-01-09 09:39:00,,
2026-01-09 09:39:10,,
2026-01-09 09:39:20,,
2026-01-09 09:39:30,65.0,44.0
2026-01-09 09:39:40,,
2026-01-09 09:39:50,,
2026-01-09 09:40:00,,
2026-01-09 09:40:10,,
2026-01-09 09:40:20,,
2026-01-09 09:40:30,65.0,48.0
2026-01-09 09:40:40,,
2026-01-09 09:40:50,,
2026-01-09 09:41:00,,
2026-01-09 09:41:10,,
2026-01-09 09:41:20,,
2026-01-09 09:41:30,64.0,46.0
2026-01-09 09:41:40,,
2026-01-09 09:41:50,,
2026-01-09 09:42:00,,
2026-01-09 09:42:10,,
2026-01-09 09:42:20,,
2026-01-09 09:42:30,65.0,45.0
2026-01-09 09:42:40,,
2026-01-09 09:42:50,,
2026-01-09 09:43:00,,
2026-01-09 09:43:10,,
2026-01-09 09:43:20,,
2026-01-09 09:43:30,66.0,45.0
2026-01-09 09:43:40,,
2026-01-09 09:43:50,,
2026-01-09 09:44:00,,
2026-01-09 09:44:10,,
2026-01-09 09:44:20,,
2026-01-09 09:44:30,67.0,42.0
2026-01-09 09:44:40,,
2026-01-09 09:44:50,,
2026-01-09 09:45:00,,
2026-01-09 09:45:10,,
2026-01-09 09:45:20,,
2026-01-09 09:45:30,65.0,45.0
2026-01-09 09:45:40,,
2026-01-09 09:45:50,,
2026-01-09 09:46:00,,
2026-01-09 09:46:10,,
2026-01-09 09:46:20,,
2026-01-09 09:46:30,65.0,44.0
2026-01-09 09:46:40,,
2026-01-09 09:46:50,,
2026-01-09 09:47:00,,
2026-01-09 09:47:10,,
2026-01-09 09:47:20,,
2026-01-09 09:47:30,66.0,43.0
2026-01-09 09:47:40,,
2026-01-09 09:47:50,,
2026-01-09 09:48:00,,
2026-01-09 09:48:10,,
2026-01-09 09:48:20,,
2026-01-09 09:48:30,67.0,42.0
2026-01-09 09:48:40,,
2026-01-09 09:48:50,,
2026-01-09 09:49:00,,
2026-01-09 09:49:10,,
2026-01-09 09:49:20,,
2026-01-09 09:49:30,65.0,41.0
2026-01-09 09:49:40,,
2026-01-09 09:49:50,,
2026-01-09 09:50:00,,
2026-01-09 09:50:10,,
2026-01-09 09:50:20,,
2026-01-09 09:50:30,65.0,45.0
2026-01-09 09:50:40,,
2026-01-09 09:50:50,,
2026-01-09 09:51:00,,
2026-01-09 09:51:10,,
2026-01-09 09:51:20,,
2026-01-09 09:51:30,65.0,43.0
2026-01-09 09:51:40,,
2026-01-09 09:51:50,,
2026-01-09 09:52:00,,
2026-01-09 09:52:10,,
2026-01-09 09:52:20,,
2026-01-09 09:52:30,66.0,43.0
2026-01-09 09:52:40,,
2026-01-09 09:52:50,,
2026-01-09 09:53:00,,
2026-01-09 09:53:10,,
2026-01-09 09:53:20,,
2026-01-09 09:53:30,65.0,44.0
2026-01-09 09:53:40,,
2026-01-09 09:53:50,,
2026-01-09 09:54:00,,
2026-01-09 09:54:10,,
2026-01-09 09:54:20,,
2026-01-09 09:54:30,65.0,45.0
2026-01-09 09:54:40,,
2026-01-09 09:54:50,,
2026-01-09 09:55:00,,
2026-01-09 09:55:10,,
2026-01-09 09:55:20,,
2026-01-09 09:55:30,65.0,44.0
2026-01-09 09:55:40,,
2026-01-09 09:55:50,,
2026-01-09 09:56:00,,
2026-01-09 09:56:10,,
2026-01-09 09:56:20,,
2026-01-09 09:56:30,65.0,44.0
2026-01-09 09:56:40,,
2026-01-09 09:56:50,,
2026-01-09 09:57:00,,
2026-01-09 09:57:10,,
2026-01-09 09:57:20,,
2026-01-09 09:57:30,65.0,46.0
2026-01-09 09:57:40,,
2026-01-09 09:57:50,,
2026-01-09 09:58:00,,
2026-01-09 09:58:10,,
2026-01-09 09:58:20,,
2026-01-09 09:58:30,66.0,43.0
2026-01-09 09:58:40,,
2026-01-09 09:58:50,,
2026-01-09 09:59:00,,
2026-01-09 09:59:10,,
2026-01-09 09:59:20,,
2026-01-09 09:59:30,66.0,47.0
2026-01-09 09:59:40,,
2026-01-09 09:59:50,,
2026-01-09 10:00:00,,
2026-01-09 10:00:10,,
2026-01-09 10:00:20,,
2026-01-09 10:00:30,65.0,45.0
2026-01-09 10:00:40,,
2026-01-09 10:00:50,,
2026-01-09 10:01:00,,
2026-01-09 10:01:10,,
2026-01-09 10:01:20,,
2026-01-09 10:01:30,64.0,46.0
2026-01-09 10:01:40,,
2026-01-09 10:01:50,,
2026-01-09 10:02:00,,
2026-01-09 10:02:10,,
2026-01-09 10:02:20,,
2026-01-09 10:02:30,57.0,49.0
2026-01-09 10:02:40,,
2026-01-09 10:02:50,,
2026-01-09 10:03:00,,
2026-01-09 10:03:10,,
2026-01-09 10:03:20,,
2026-01-09 10:03:30,57.0,49.0
2026-01-09 10:03:40,,
2026-01-09 10:03:50,,
2026-01-09 10:04:00,,
2026-01-09 10:04:10,,
2026-01-09 10:04:20,,
2026-01-09 10:04:30,57.0,47.0
2026-01-09 10:04:40,,
2026-01-09 10:04:50,,
2026-01-09 10:05:00,,
2026-01-09 10:05:10,,
2026-01-09 10:05:20,,
2026-01-09 10:05:30,58.0,46.0
2026-01-09 10:05:40,,
2026-01-09 10:05:50,,
2026-01-09 10:06:00,,
2026-01-09 10:06:10,,
2026-01-09 10:06:20,,
2026-01-09 10:06:30,57.0,52.0
2026-01-09 10:06:40,,
2026-01-09 10:06:50,,
2026-01-09 10:07:00,,
2026-01-09 10:07:10,,
2026-01-09 10:07:20,,
2026-01-09 10:07:30,56.0,51.0
2026-01-09 10:07:40,,
2026-01-09 10:07:50,,
2026-01-09 10:08:00,,
2026-01-09 10:08:10,,
2026-01-09 10:08:20,,
2026-01-09 10:08:30,53.0,52.0
2026-01-09 10:08:40,,
2026-01-09 10:08:50,,
2026-01-09 10:09:00,,
2026-01-09 10:09:10,,
2026-01-09 10:09:20,,
2026-01-09 10:09:30,47.0,56.0
2026-01-09 10:09:40,,
2026-01-09 10:09:50,,
2026-01-09 10:10:00,,
2026-01-09 10:10:10,,
2026-01-09 10:10:20,,
2026-01-09 10:10:30,,
2026-01-09 10:10:40,,
2026-01-09 10:10:50,,
2026-01-09 10:11:00,,
2026-01-09 10:11:10,,
2026-01-09 10:11:20,,
2026-01-09 10:11:30,,
2026-01-09 10:11:40,,
2026-01-09 10:11:50,,
2026-01-09 10:12:00,,
2026-01-09 10:12:10,,
2026-01-09 10:12:20,,
2026-01-09 10:12:30,,
2026-01-09 10:12:40,,
2026-01-09 10:12:50,,
2026-01-09 10:13:00,,
2026-01-09 10:13:10,,
2026-01-09 10:13:20,,
2026-01-09 10:13:30,,
2026-01-09 10:13:40,,
2026-01-09 10:13:50,,
2026-01-09 10:14:00,,
2026-01-09 10:14:10,,
2026-01-09 10:14:20,,
2026-01-09 10:14:30,,
2026-01-09 10:14:40,,
2026-01-09 10:14:50,,
2026-01-09 10:15:00,,
2026-01-09 10:15:10,,
2026-01-09 10:15:20,,
2026-01-09 10:15:30,,
2026-01-09 10:15:40,,
2026-01-09 10:15:50,,
2026-01-09 10:16:00,,
2026-01-09 10:16:10,,
2026-01-09 10:16:20,,
2026-01-09 10:16:30,,
2026-01-09 10:16:40,,
2026-01-09 10:16:50,,
2026-01-09 10:17:00,,
2026-01-09 10:17:10,,
2026-01-09 10:17:20,,
2026-01-09 10:17:30,,
2026-01-09 10:17:40,,
2026-01-09 10:17:50,,
2026-01-09 10:18:00,,
2026-01-09 10:18:10,,
2026-01-09 10:18:20,,
2026-01-09 10:18:30,,
2026-01-09 10:18:40,,
2026-01-09 10:18:50,,
2026-01-09 10:19:00,,
2026-01-09 10:19:10,,
2026-01-09 10:19:20,,
2026-01-09 10:19:30,,
2026-01-09 10:19:40,,
2026-01-09 10:19:50,,
2026-01-09 10:20:00,,
2026-01-09 10:20:10,,
2026-01-09 10:20:20,,
2026-01-09 10:20:30,,
2026-01-09 10:20:40,,
2026-01-09 10:20:50,,
2026-01-09 10:21:00,,
2026-01-09 10:21:10,,
2026-01-09 10:21:20,,
2026-01-09 10:21:30,,
2026-01-09 10:21:40,,
2026-01-09 10:21:50,,
2026-01-09 10:22:00,,
2026-01-09 10:22:10,,
2026-01-09 10:22:20,,
2026-01-09 10:22:30,,
2026-01-09 10:22:40,,
2026-01-09 10:22:50,,
2026-01-09 10:23:00,,
2026-01-09 10:23:10,,
2026-01-09 10:23:20,,
2026-01-09 10:23:30,,
2026-01-09 10:23:40,,
2026-01-09 10:23:50,,
2026-01-09 10:24:00,,
2026-01-09 10:24:10,,
2026-01-09 10:24:20,,
2026-01-09 10:24:30,,
2026-01-09 10:24:40,,
2026-01-09 10:24:50,,
2026-01-09 10:25:00,,
2026-01-09 10:25:10,,
2026-01-09 10:25:20,,
2026-01-09 10:25:30,,
2026-01-09 10:25:40,,
2026-01-09 10:25:50,,
2026-01-09 10:26:00,,
2026-01-09 10:26:10,,
2026-01-09 10:26:20,,
2026-01-09 10:26:30,,
2026-01-09 10:26:40,,
2026-01-09 10:26:50,,
2026-01-09 10:27:00,,
2026-01-09 10:27:10,,
2026-01-09 10:27:20,,
2026-01-09 10:27:30,,
2026-01-09 10:27:40,,
2026-01-09 10:27:50,,
2026-01-09 10:28:00,,
2026-01-09 10:28:10,,
2026-01-09 10:28:20,,
2026-01-09 10:28:30,,
2026-01-09 10:28:40,,
2026-01-09 10:28:50,,
2026-01-09 10:29:00,,
2026-01-09 10:29:10,,
2026-01-09 10:29:20,,
2026-01-09 10:29:30,,
2026-01-09 10:29:40,,
2026-01-09 10:29:50,,
2026-01-09 10:30:00,,
2026-01-09 10:30:10,,
2026-01-09 10:30:20,,
2026-01-09 10:30:30,,
2026-01-09 10:30:40,,
2026-01-09 10:30:50,,
2026-01-09 10:31:00,,
2026-01-09 10:31:10,,
2026-01-09 10:31:20,,
2026-01-09 10:31:30,,
2026-01-09 10:31:40,,
2026-01-09 10:31:50,,
2026-01-09 10:32:00,,
2026-01-09 10:32:10,,
2026-01-09 10:32:20,,
2026-01-09 10:32:30,,
2026-01-09 10:32:40,,
2026-01-09 10:32:50,,
2026-01-09 10:33:00,,
2026-01-09 10:33:10,,
2026-01-09 10:33:20,,
2026-01-09 10:33:30,,
2026-01-09 10:33:40,,
2026-01-09 10:33:50,,
2026-01-09 10:34:00,,
2026-01-09 10:34:10,,
2026-01-09 10:34:20,,
2026-01-09 10:34:30,,
2026-01-09 10:34:40,,
2026-01-09 10:34:50,,
2026-01-09 10:35:00,,
2026-01-09 10:35:10,,
2026-01-09 10:35:20,,
2026-01-09 10:35:30,,
2026-01-09 10:35:40,,
2026-01-09 10:35:50,,
2026-01-09 10:36:00,,
2026-01-09 10:36:10,,
2026-01-09 10:36:20,,
2026-01-09 10:36:30,60.0,56.0
2026-01-09 10:36:40,,
2026-01-09 10:36:50,,
2026-01-09 10:37:00,,
2026-01-09 10:37:10,,
2026-01-09 10:37:20,,
2026-01-09 10:37:30,57.0,65.0
2026-01-09 10:37:40,,
2026-01-09 10:37:50,,
2026-01-09 10:38:00,,
2026-01-09 10:38:10,,
2026-01-09 10:38:20,,
2026-01-09 10:38:30,57.0,52.0
2026-01-09 10:38:40,,
2026-01-09 10:38:50,,
2026-01-09 10:39:00,,
2026-01-09 10:39:10,,
2026-01-09 10:39:20,,
2026-01-09 10:39:30,52.0,59.0
2026-01-09 10:39:40,,
2026-01-09 10:39:50,,
2026-01-09 10:40:00,,
2026-01-09 10:40:10,,
2026-01-09 10:40:20,,
2026-01-09 10:40:30,54.0,62.0
2026-01-09 10:40:40,,
2026-01-09 10:40:50,,
2026-01-09 10:41:00,,
2026-01-09 10:41:10,,
2026-01-09 10:41:20,,
2026-01-09 10:41:30,57.0,61.0
2026-01-09 10:41:40,,
2026-01-09 10:41:50,,
2026-01-09 10:42:00,,
2026-01-09 10:42:10,,
2026-01-09 10:42:20,,
2026-01-09 10:42:30,60.0,53.0
2026-01-09 10:42:40,,
2026-01-09 10:42:50,,
2026-01-09 10:43:00,,
2026-01-09 10:43:10,,
2026-01-09 10:43:20,,
2026-01-09 10:43:30,,
2026-01-09 10:43:40,,
2026-01-09 10:43:50,,
2026-01-09 10:44:00,,
2026-01-09 10:44:10,,
2026-01-09 10:44:20,,
2026-01-09 10:44:30,,
2026-01-09 10:44:40,,
2026-01-09 10:44:50,,
2026-01-09 10:45:00,,
2026-01-09 10:45:10,,
2026-01-09 10:45:20,,
2026-01-09 10:45:30,,
2026-01-09 10:45:40,,
2026-01-09 10:45:50,,
2026-01-09 10:46:00,,
2026-01-09 10:46:10,,
2026-01-09 10:46:20,,
2026-01-09 10:46:30,,
2026-01-09 10:46:40,,
2026-01-09 10:46:50,,
2026-01-09 10:47:00,,
2026-01-09 10:47:10,,
2026-01-09 10:47:20,,
2026-01-09 10:47:30,,
2026-01-09 10:47:40,,
2026-01-09 10:47:50,,
2026-01-09 10:48:00,,
2026-01-09 10:48:10,,
2026-01-09 10:48:20,,
2026-01-09 10:48:30,,
2026-01-09 10:48:40,,
2026-01-09 10:48:50,,
2026-01-09 10:49:00,,
2026-01-09 10:49:10,,
2026-01-09 10:49:20,,
2026-01-09 10:49:30,55.0,49.0
2026-01-09 10:49:40,,
2026-01-09 10:49:50,,
2026-01-09 10:50:00,,
2026-01-09 10:50:10,,
2026-01-09 10:50:20,,
2026-01-09 10:50:30,52.0,63.0
2026-01-09 10:50:40,,
2026-01-09 10:50:50,,
2026-01-09 10:51:00,,
2026-01-09 10:51:10,,
2026-01-09 10:51:20,,
2026-01-09 10:51:30,,
2026-01-09 10:51:40,,
2026-01-09 10:51:50,,
2026-01-09 10:52:00,,
2026-01-09 10:52:10,,
2026-01-09 10:52:20,,
2026-01-09 10:52:30,56.0,52.0
2026-01-09 10:52:40,,
2026-01-09 10:52:50,,
2026-01-09 10:53:00,,
2026-01-09 10:53:10,,
2026-01-09 10:53:20,,
2026-01-09 10:53:30,59.0,50.0
2026-01-09 10:53:40,,
2026-01-09 10:53:50,,
2026-01-09 10:54:00,,
2026-01-09 10:54:10,,
2026-01-09 10:54:20,,
2026-01-09 10:54:30,61.0,50.0
2026-01-09 10:54:40,,
2026-01-09 10:54:50,,
2026-01-09 10:55:00,,
2026-01-09 10:55:10,,
2026-01-09 10:55:20,,
2026-01-09 10:55:30,58.0,52.0
2026-01-09 10:55:40,,
2026-01-09 10:55:50,,
2026-01-09 10:56:00,,
2026-01-09 10:56:10,,
2026-01-09 10:56:20,,
2026-01-09 10:56:30,58.0,51.0
2026-01-09 10:56:40,,
2026-01-09 10:56:50,,
2026-01-09 10:57:00,,
2026-01-09 10:57:10,,
2026-01-09 10:57:20,,
2026-01-09 10:57:30,58.0,50.0
2026-01-09 10:57:40,,
2026-01-09 10:57:50,,
2026-01-09 10:58:00,,
2026-01-09 10:58:10,,
2026-01-09 10:58:20,,
2026-01-09 10:58:30,57.0,52.0
2026-01-09 10:58:40,,
2026-01-09 10:58:50,,
2026-01-09 10:59:00,,
2026-01-09 10:59:10,,
2026-01-09 10:59:20,,
2026-01-09 10:59:30,56.0,56.0
2026-01-09 10:59:40,,
2026-01-09 10:59:50,,
2026-01-09 11:00:00,,
2026-01-09 11:00:10,,
2026-01-09 11:00:20,,
2026-01-09 11:00:30,54.0,52.0
2026-01-09 11:00:40,,
2026-01-09 11:00:50,,
2026-01-09 11:01:00,,
2026-01-09 11:01:10,,
2026-01-09 11:01:20,,
2026-01-09 11:01:30,54.0,52.0
2026-01-09 11:01:40,,
2026-01-09 11:01:50,,
2026-01-09 11:02:00,,
2026-01-09 11:02:10,,
2026-01-09 11:02:20,,
2026-01-09 11:02:30,53.0,55.0
2026-01-09 11:02:40,,
2026-01-09 11:02:50,,
2026-01-09 11:03:00,,
2026-01-09 11:03:10,,
2026-01-09 11:03:20,,
2026-01-09 11:03:30,51.0,57.0
2026-01-09 11:03:40,,
2026-01-09 11:03:50,,
2026-01-09 11:04:00,,
2026-01-09 11:04:10,,
2026-01-09 11:04:20,,
2026-01-09 11:04:30,51.0,53.0
2026-01-09 11:04:40,,
2026-01-09 11:04:50,,
2026-01-09 11:05:00,,
2026-01-09 11:05:10,,
2026-01-09 11:05:20,,
2026-01-09 11:05:30,52.0,51.0
2026-01-09 11:05:40,,
2026-01-09 11:05:50,,
2026-01-09 11:06:00,,
2026-01-09 11:06:10,,
2026-01-09 11:06:20,,
2026-01-09 11:06:30,52.0,51.0
2026-01-09 11:06:40,,
2026-01-09 11:06:50,,
2026-01-09 11:07:00,,
2026-01-09 11:07:10,,
2026-01-09 11:07:20,,
2026-01-09 11:07:30,51.0,51.0
2026-01-09 11:07:40,,
2026-01-09 11:07:50,,
2026-01-09 11:08:00,,
2026-01-09 11:08:10,,
2026-01-09 11:08:20,,
2026-01-09 11:08:30,51.0,52.0
2026-01-09 11:08:40,,
2026-01-09 11:08:50,,
2026-01-09 11:09:00,,
2026-01-09 11:09:10,,
2026-01-09 11:09:20,,
2026-01-09 11:09:30,52.0,53.0
2026-01-09 11:09:40,,
2026-01-09 11:09:50,,
2026-01-09 11:10:00,,
2026-01-09 11:10:10,,
2026-01-09 11:10:20,,
2026-01-09 11:10:30,50.0,52.0
2026-01-09 11:10:40,,
2026-01-09 11:10:50,,
2026-01-09 11:11:00,,
2026-01-09 11:11:10,,
2026-01-09 11:11:20,,
2026-01-09 11:11:30,51.0,55.0
2026-01-09 11:11:40,,
2026-01-09 11:11:50,,
2026-01-09 11:12:00,,
2026-01-09 11:12:10,,
2026-01-09 11:12:20,,
2026-01-09 11:12:30,52.0,53.0
2026-01-09 11:12:40,,
2026-01-09 11:12:50,,
2026-01-09 11:13:00,,
2026-01-09 11:13:10,,
2026-01-09 11:13:20,,
2026-01-09 11:13:30,51.0,52.0
2026-01-09 11:13:40,,
2026-01-09 11:13:50,,
2026-01-09 11:14:00,,
2026-01-09 11:14:10,,
2026-01-09 11:14:20,,
2026-01-09 11:14:30,52.0,54.0
2026-01-09 11:14:40,,
2026-01-09 11:14:50,,
2026-01-09 11:15:00,,
2026-01-09 11:15:10,,
2026-01-09 11:15:20,,
2026-01-09 11:15:30,51.0,53.0
2026-01-09 11:15:40,,
2026-01-09 11:15:50,,
2026-01-09 11:16:00,,
2026-01-09 11:16:10,,
2026-01-09 11:16:20,,
2026-01-09 11:16:30,52.0,54.0
2026-01-09 11:16:40,,
2026-01-09 11:16:50,,
2026-01-09 11:17:00,,
2026-01-09 11:17:10,,
2026-01-09 11:17:20,,
2026-01-09 11:17:30,52.0,55.0
2026-01-09 11:17:40,,
2026-01-09 11:17:50,,
2026-01-09 11:18:00,,
2026-01-09 11:18:10,,
2026-01-09 11:18:20,,
2026-01-09 11:18:30,52.0,55.0
2026-01-09 11:18:40,,
2026-01-09 11:18:50,,
2026-01-09 11:19:00,,
2026-01-09 11:19:10,,
2026-01-09 11:19:20,,
2026-01-09 11:19:30,52.0,55.0
2026-01-09 11:19:40,,
2026-01-09 11:19:50,,
2026-01-09 11:20:00,,
2026-01-09 11:20:10,,
2026-01-09 11:20:20,,
2026-01-09 11:20:30,52.0,55.0
2026-01-09 11:20:40,,
2026-01-09 11:20:50,,
2026-01-09 11:21:00,,
2026-01-09 11:21:10,,
2026-01-09 11:21:20,,
2026-01-09 11:21:30,47.0,60.0
2026-01-09 11:21:40,,
2026-01-09 11:21:50,,
2026-01-09 11:22:00,,
2026-01-09 11:22:10,,
2026-01-09 11:22:20,,
2026-01-09 11:22:30,45.0,59.0
2026-01-09 11:22:40,,
2026-01-09 11:22:50,,
2026-01-09 11:23:00,,
2026-01-09 11:23:10,,
2026-01-09 11:23:20,,
2026-01-09 11:23:30,45.0,52.0
2026-01-09 11:23:40,,
2026-01-09 11:23:50,,
2026-01-09 11:24:00,,
2026-01-09 11:24:10,,
2026-01-09 11:24:20,,
2026-01-09 11:24:30,50.0,62.0
2026-01-09 11:24:40,,
2026-01-09 11:24:50,,
2026-01-09 11:25:00,,
2026-01-09 11:25:10,,
2026-01-09 11:25:20,,
2026-01-09 11:25:30,,
2026-01-09 11:25:40,,
2026-01-09 11:25:50,,
2026-01-09 11:26:00,,
2026-01-09 11:26:10,,
2026-01-09 11:26:20,,
2026-01-09 11:26:30,,
2026-01-09 11:26:40,,
2026-01-09 11:26:50,,
2026-01-09 11:27:00,,
2026-01-09 11:27:10,,
2026-01-09 11:27:20,,
2026-01-09 11:27:30,,
2026-01-09 11:27:40,,
2026-01-09 11:27:50,,
2026-01-09 11:28:00,,
2026-01-09 11:28:10,,
2026-01-09 11:28:20,,
2026-01-09 11:28:30,,
2026-01-09 11:28:40,,
2026-01-09 11:28:50,,
2026-01-09 11:29:00,,
2026-01-09 11:29:10,,
2026-01-09 11:29:20,,
2026-01-09 11:29:30,,
2026-01-09 11:29:40,,
2026-01-09 11:29:50,,
2026-01-09 11:30:00,,
2026-01-09 11:30:10,,
2026-01-09 11:30:20,,
2026-01-09 11:30:30,40.0,66.0
2026-01-09 11:30:40,,
2026-01-09 11:30:50,,
2026-01-09 11:31:00,,
2026-01-09 11:31:10,,
2026-01-09 11:31:20,,
2026-01-09 11:31:30,,
2026-01-09 11:31:40,,
2026-01-09 11:31:50,,
2026-01-09 11:32:00,,
2026-01-09 11:32:10,,
2026-01-09 11:32:20,,
2026-01-09 11:32:30,,
2026-01-09 11:32:40,,
2026-01-09 11:32:50,,
2026-01-09 11:33:00,,
2026-01-09 11:33:10,,
2026-01-09 11:33:20,,
2026-01-09 11:33:30,,
2026-01-09 11:33:40,,
2026-01-09 11:33:50,,
2026-01-09 11:34:00,,
2026-01-09 11:34:10,,
2026-01-09 11:34:20,,
2026-01-09 11:34:30,51.0,62.0
2026-01-09 11:34:40,,
2026-01-09 11:34:50,,
2026-01-09 11:35:00,,
2026-01-09 11:35:10,,
2026-01-09 11:35:20,,
2026-01-09 11:35:30,47.0,69.0
2026-01-09 11:35:40,,
2026-01-09 11:35:50,,
2026-01-09 11:36:00,,
2026-01-09 11:36:10,,
2026-01-09 11:36:20,,
2026-01-09 11:36:30,54.0,58.0
2026-01-09 11:36:40,,
2026-01-09 11:36:50,,
2026-01-09 11:37:00,,
2026-01-09 11:37:10,,
2026-01-09 11:37:20,,
2026-01-09 11:37:30,50.0,55.0
2026-01-09 11:37:40,,
2026-01-09 11:37:50,,
2026-01-09 11:38:00,,
2026-01-09 11:38:10,,
2026-01-09 11:38:20,,
2026-01-09 11:38:30,51.0,70.0
2026-01-09 11:38:40,,
2026-01-09 11:38:50,,
2026-01-09 11:39:00,,
2026-01-09 11:39:10,,
2026-01-09 11:39:20,,
2026-01-09 11:39:30,47.0,55.0
2026-01-09 11:39:40,,
2026-01-09 11:39:50,,
2026-01-09 11:40:00,,
2026-01-09 11:40:10,,
2026-01-09 11:40:20,,
2026-01-09 11:40:30,46.0,55.0
2026-01-09 11:40:40,,
2026-01-09 11:40:50,,
2026-01-09 11:41:00,,
2026-01-09 11:41:10,,
2026-01-09 11:41:20,,
2026-01-09 11:41:30,48.0,68.0
2026-01-09 11:41:40,,
2026-01-09 11:41:50,,
2026-01-09 11:42:00,,
2026-01-09 11:42:10,,
2026-01-09 11:42:20,,
2026-01-09 11:42:30,44.0,65.0
2026-01-09 11:42:40,,
2026-01-09 11:42:50,,
2026-01-09 11:43:00,,
2026-01-09 11:43:10,,
2026-01-09 11:43:20,,
2026-01-09 11:43:30,42.0,67.0
2026-01-09 11:43:40,,
2026-01-09 11:43:50,,
2026-01-09 11:44:00,,
2026-01-09 11:44:10,,
2026-01-09 11:44:20,,
2026-01-09 11:44:30,41.0,70.0
2026-01-09 11:44:40,,
2026-01-09 11:44:50,,
2026-01-09 11:45:00,,
2026-01-09 11:45:10,,
2026-01-09 11:45:20,,
2026-01-09 11:45:30,41.0,69.0
2026-01-09 11:45:40,,
2026-01-09 11:45:50,,
2026-01-09 11:46:00,,
2026-01-09 11:46:10,,
2026-01-09 11:46:20,,
2026-01-09 11:46:30,38.0,58.0
2026-01-09 11:46:40,,
2026-01-09 11:46:50,,
2026-01-09 11:47:00,,
2026-01-09 11:47:10,,
2026-01-09 11:47:20,,
2026-01-09 11:47:30,45.0,72.0
2026-01-09 11:47:40,,
2026-01-09 11:47:50,,
2026-01-09 11:48:00,,
2026-01-09 11:48:10,,
2026-01-09 11:48:20,,
2026-01-09 11:48:30,43.0,73.0
2026-01-09 11:48:40,,
2026-01-09 11:48:50,,
2026-01-09 11:49:00,,
2026-01-09 11:49:10,,
2026-01-09 11:49:20,,
2026-01-09 11:49:30,45.0,69.0
2026-01-09 11:49:40,,
2026-01-09 11:49:50,,
2026-01-09 11:50:00,,
2026-01-09 11:50:10,,
2026-01-09 11:50:20,,
2026-01-09 11:50:30,39.0,55.0
2026-01-09 11:50:40,,
2026-01-09 11:50:50,,
2026-01-09 11:51:00,,
2026-01-09 11:51:10,,
2026-01-09 11:51:20,,
2026-01-09 11:51:30,44.0,69.0
2026-01-09 11:51:40,,
2026-01-09 11:51:50,,
2026-01-09 11:52:00,,
2026-01-09 11:52:10,,
2026-01-09 11:52:20,,
2026-01-09 11:52:30,40.0,54.0
2026-01-09 11:52:40,,
2026-01-09 11:52:50,,
2026-01-09 11:53:00,,
2026-01-09 11:53:10,,
2026-01-09 11:53:20,,
2026-01-09 11:53:30,44.0,67.0
2026-01-09 11:53:40,,
2026-01-09 11:53:50,,
2026-01-09 11:54:00,,
2026-01-09 11:54:10,,
2026-01-09 11:54:20,,
2026-01-09 11:54:30,42.0,65.0
2026-01-09 11:54:40,,
2026-01-09 11:54:50,,
2026-01-09 11:55:00,,
2026-01-09 11:55:10,,
2026-01-09 11:55:20,,
2026-01-09 11:55:30,43.0,69.0
2026-01-09 11:55:40,,
2026-01-09 11:55:50,,
2026-01-09 11:56:00,,
2026-01-09 11:56:10,,
2026-01-09 11:56:20,,
2026-01-09 11:56:30,40.0,53.0
2026-01-09 11:56:40,,
2026-01-09 11:56:50,,
2026-01-09 11:57:00,,
2026-01-09 11:57:10,,
2026-01-09 11:57:20,,
2026-01-09 11:57:30,43.0,54.0
2026-01-09 11:57:40,,
2026-01-09 11:57:50,,
2026-01-09 11:58:00,,
2026-01-09 11:58:10,,
2026-01-09 11:58:20,,
2026-01-09 11:58:30,,
2026-01-09 11:58:40,,
2026-01-09 11:58:50,,
2026-01-09 11:59:00,,
2026-01-09 11:59:10,,
2026-01-09 11:59:20,,
2026-01-09 11:59:30,48.0,65.0
2026-01-09 11:59:40,,
2026-01-09 11:59:50,,
2026-01-09 12:00:00,,
2026-01-09 12:00:10,,
2026-01-09 12:00:20,,
2026-01-09 12:00:30,,
2026-01-09 12:00:40,,
2026-01-09 12:00:50,,
2026-01-09 12:01:00,,
2026-01-09 12:01:10,,
2026-01-09 12:01:20,,
2026-01-09 12:01:30,49.0,54.0
2026-01-09 12:01:40,,
2026-01-09 12:01:50,,
2026-01-09 12:02:00,,
2026-01-09 12:02:10,,
2026-01-09 12:02:20,,
2026-01-09 12:02:30,53.0,63.0
2026-01-09 12:02:40,,
2026-01-09 12:02:50,,
2026-01-09 12:03:00,,
2026-01-09 12:03:10,,
2026-01-09 12:03:20,,
2026-01-09 12:03:30,48.0,56.0
2026-01-09 12:03:40,,
2026-01-09 12:03:50,,
2026-01-09 12:04:00,,
2026-01-09 12:04:10,,
2026-01-09 12:04:20,,
2026-01-09 12:04:30,51.0,59.0
2026-01-09 12:04:40,,
2026-01-09 12:04:50,,
2026-01-09 12:05:00,,
2026-01-09 12:05:10,,
2026-01-09 12:05:20,,
2026-01-09 12:05:30,40.0,64.0
2026-01-09 12:05:40,,
2026-01-09 12:05:50,,
2026-01-09 12:06:00,,
2026-01-09 12:06:10,,
2026-01-09 12:06:20,,
2026-01-09 12:06:30,43.0,60.0
2026-01-09 12:06:40,,
2026-01-09 12:06:50,,
2026-01-09 12:07:00,,
2026-01-09 12:07:10,,
2026-01-09 12:07:20,,
2026-01-09 12:07:30,42.0,68.0
2026-01-09 12:07:40,,
2026-01-09 12:07:50,,
2026-01-09 12:08:00,,
2026-01-09 12:08:10,,
2026-01-09 12:08:20,,
2026-01-09 12:08:30,45.0,69.0
2026-01-09 12:08:40,,
2026-01-09 12:08:50,,
2026-01-09 12:09:00,,
2026-01-09 12:09:10,,
2026-01-09 12:09:20,,
2026-01-09 12:09:30,51.0,63.0
2026-01-09 12:09:40,,
2026-01-09 12:09:50,,
2026-01-09 12:10:00,,
2026-01-09 12:10:10,,
2026-01-09 12:10:20,,
2026-01-09 12:10:30,53.0,61.0
2026-01-09 12:10:40,,
2026-01-09 12:10:50,,
2026-01-09 12:11:00,,
2026-01-09 12:11:10,,
2026-01-09 12:11:20,,
2026-01-09 12:11:30,57.0,57.0
2026-01-09 12:11:40,,
2026-01-09 12:11:50,,
2026-01-09 12:12:00,,
2026-01-09 12:12:10,,
2026-01-09 12:12:20,,
2026-01-09 12:12:30,58.0,55.0
2026-01-09 12:12:40,,
2026-01-09 12:12:50,,
2026-01-09 12:13:00,,
2026-01-09 12:13:10,,
2026-01-09 12:13:20,,
2026-01-09 12:13:30,60.0,55.0
2026-01-09 12:13:40,,
2026-01-09 12:13:50,,
2026-01-09 12:14:00,,
2026-01-09 12:14:10,,
2026-01-09 12:14:20,,
2026-01-09 12:14:30,60.0,51.0
2026-01-09 12:14:40,,
2026-01-09 12:14:50,,
2026-01-09 12:15:00,,
2026-01-09 12:15:10,,
2026-01-09 12:15:20,,
2026-01-09 12:15:30,57.0,50.0
2026-01-09 12:15:40,,
2026-01-09 12:15:50,,
2026-01-09 12:16:00,,
2026-01-09 12:16:10,,
2026-01-09 12:16:20,,
2026-01-09 12:16:30,55.0,48.0
2026-01-09 12:16:40,,
2026-01-09 12:16:50,,
2026-01-09 12:17:00,,
2026-01-09 12:17:10,,
2026-01-09 12:17:20,,
2026-01-09 12:17:30,54.0,47.0
2026-01-09 12:17:40,,
2026-01-09 12:17:50,,
2026-01-09 12:18:00,,
2026-01-09 12:18:10,,
2026-01-09 12:18:20,,
2026-01-09 12:18:30,54.0,46.0
2026-01-09 12:18:40,,
2026-01-09 12:18:50,,
2026-01-09 12:19:00,,
2026-01-09 12:19:10,,
2026-01-09 12:19:20,,
2026-01-09 12:19:30,53.0,46.0
2026-01-09 12:19:40,,
2026-01-09 12:19:50,,
2026-01-09 12:20:00,,
2026-01-09 12:20:10,,
2026-01-09 12:20:20,,
2026-01-09 12:20:30,54.0,46.0
2026-01-09 12:20:40,,
2026-01-09 12:20:50,,
2026-01-09 12:21:00,,
2026-01-09 12:21:10,,
2026-01-09 12:21:20,,
2026-01-09 12:21:30,52.0,47.0
2026-01-09 12:21:40,,
2026-01-09 12:21:50,,
2026-01-09 12:22:00,,
2026-01-09 12:22:10,,
2026-01-09 12:22:20,,
2026-01-09 12:22:30,51.0,49.0
2026-01-09 12:22:40,,
2026-01-09 12:22:50,,
2026-01-09 12:23:00,,
2026-01-09 12:23:10,,
2026-01-09 12:23:20,,
2026-01-09 12:23:30,52.0,47.0
2026-01-09 12:23:40,,
2026-01-09 12:23:50,,
2026-01-09 12:24:00,,
2026-01-09 12:24:10,,
2026-01-09 12:24:20,,
2026-01-09 12:24:30,52.0,47.0
2026-01-09 12:24:40,,
2026-01-09 12:24:50,,
2026-01-09 12:25:00,,
2026-01-09 12:25:10,,
2026-01-09 12:25:20,,
2026-01-09 12:25:30,46.0,53.0
2026-01-09 12:25:40,,
2026-01-09 12:25:50,,
2026-01-09 12:26:00,,
2026-01-09 12:26:10,,
2026-01-09 12:26:20,,
2026-01-09 12:26:30,45.0,53.0
2026-01-09 12:26:40,,
2026-01-09 12:26:50,,
2026-01-09 12:27:00,,
2026-01-09 12:27:10,,
2026-01-09 12:27:20,,
2026-01-09 12:27:30,46.0,49.0
2026-01-09 12:27:40,,
2026-01-09 12:27:50,,
2026-01-09 12:28:00,,
2026-01-09 12:28:10,,
2026-01-09 12:28:20,,
2026-01-09 12:28:30,46.0,48.0
2026-01-09 12:28:40,,
2026-01-09 12:28:50,,
2026-01-09 12:29:00,,
2026-01-09 12:29:10,,
2026-01-09 12:29:20,,
2026-01-09 12:29:30,43.0,56.0
2026-01-09 12:29:40,,
2026-01-09 12:29:50,,
2026-01-09 12:30:00,,
2026-01-09 12:30:10,,
2026-01-09 12:30:20,,
2026-01-09 12:30:30,47.0,51.0
2026-01-09 12:30:40,,
2026-01-09 12:30:50,,
2026-01-09 12:31:00,,
2026-01-09 12:31:10,,
2026-01-09 12:31:20,,
2026-01-09 12:31:30,56.0,50.0
2026-01-09 12:31:40,,
2026-01-09 12:31:50,,
2026-01-09 12:32:00,,
2026-01-09 12:32:10,,
2026-01-09 12:32:20,,
2026-01-09 12:32:30,56.0,46.0
2026-01-09 12:32:40,,
2026-01-09 12:32:50,,
2026-01-09 12:33:00,,
2026-01-09 12:33:10,,
2026-01-09 12:33:20,,
2026-01-09 12:33:30,56.0,45.0
2026-01-09 12:33:40,,
2026-01-09 12:33:50,,
2026-01-09 12:34:00,,
2026-01-09 12:34:10,,
2026-01-09 12:34:20,,
2026-01-09 12:34:30,55.0,44.0
2026-01-09 12:34:40,,
2026-01-09 12:34:50,,
2026-01-09 12:35:00,,
2026-01-09 12:35:10,,
2026-01-09 12:35:20,,
2026-01-09 12:35:30,56.0,45.0
2026-01-09 12:35:40,,
2026-01-09 12:35:50,,
2026-01-09 12:36:00,,
2026-01-09 12:36:10,,
2026-01-09 12:36:20,,
2026-01-09 12:36:30,55.0,45.0
2026-01-09 12:36:40,,
2026-01-09 12:36:50,,
2026-01-09 12:37:00,,
2026-01-09 12:37:10,,
2026-01-09 12:37:20,,
2026-01-09 12:37:30,52.0,50.0
2026-01-09 12:37:40,,
2026-01-09 12:37:50,,
2026-01-09 12:38:00,,
2026-01-09 12:38:10,,
2026-01-09 12:38:20,,
2026-01-09 12:38:30,55.0,47.0
2026-01-09 12:38:40,,
2026-01-09 12:38:50,,
2026-01-09 12:39:00,,
2026-01-09 12:39:10,,
2026-01-09 12:39:20,,
2026-01-09 12:39:30,55.0,48.0
2026-01-09 12:39:40,,
2026-01-09 12:39:50,,
2026-01-09 12:40:00,,
2026-01-09 12:40:10,,
2026-01-09 12:40:20,,
2026-01-09 12:40:30,51.0,54.0
2026-01-09 12:40:40,,
2026-01-09 12:40:50,,
2026-01-09 12:41:00,,
2026-01-09 12:41:10,,
2026-01-09 12:41:20,,
2026-01-09 12:41:30,52.0,56.0
2026-01-09 12:41:40,,
2026-01-09 12:41:50,,
2026-01-09 12:42:00,,
2026-01-09 12:42:10,,
2026-01-09 12:42:20,,
2026-01-09 12:42:30,56.0,56.0
2026-01-09 12:42:40,,
2026-01-09 12:42:50,,
2026-01-09 12:43:00,,
2026-01-09 12:43:10,,
2026-01-09 12:43:20,,
2026-01-09 12:43:30,53.0,60.0
2026-01-09 12:43:40,,
2026-01-09 12:43:50,,
2026-01-09 12:44:00,,
2026-01-09 12:44:10,,
2026-01-09 12:44:20,,
2026-01-09 12:44:30,52.0,59.0
2026-01-09 12:44:40,,
2026-01-09 12:44:50,,
2026-01-09 12:45:00,,
2026-01-09 12:45:10,,
2026-01-09 12:45:20,,
2026-01-09 12:45:30,54.0,61.0
2026-01-09 12:45:40,,
2026-01-09 12:45:50,,
2026-01-09 12:46:00,,
2026-01-09 12:46:10,,
2026-01-09 12:46:20,,
2026-01-09 12:46:30,54.0,57.0
2026-01-09 12:46:40,,
2026-01-09 12:46:50,,
2026-01-09 12:47:00,,
2026-01-09 12:47:10,,
2026-01-09 12:47:20,,
2026-01-09 12:47:30,54.0,55.0
2026-01-09 12:47:40,,
2026-01-09 12:47:50,,
2026-01-09 12:48:00,,
2026-01-09 12:48:10,,
2026-01-09 12:48:20,,
2026-01-09 12:48:30,63.0,55.0
2026-01-09 12:48:40,,
2026-01-09 12:48:50,,
2026-01-09 12:49:00,,
2026-01-09 12:49:10,,
2026-01-09 12:49:20,,
2026-01-09 12:49:30,61.0,51.0
2026-01-09 12:49:40,,
2026-01-09 12:49:50,,
2026-01-09 12:50:00,,
2026-01-09 12:50:10,,
2026-01-09 12:50:20,,
2026-01-09 12:50:30,64.0,49.0
2026-01-09 12:50:40,,
2026-01-09 12:50:50,,
2026-01-09 12:51:00,,
2026-01-09 12:51:10,,
2026-01-09 12:51:20,,
2026-01-09 12:51:30,66.0,46.0
2026-01-09 12:51:40,,
2026-01-09 12:51:50,,
2026-01-09 12:52:00,,
2026-01-09 12:52:10,,
2026-01-09 12:52:20,,
2026-01-09 12:52:30,52.0,64.0
2026-01-09 12:52:40,,
2026-01-09 12:52:50,,
2026-01-09 12:53:00,,
2026-01-09 12:53:10,,
2026-01-09 12:53:20,,
2026-01-09 12:53:30,51.0,60.0
2026-01-09 12:53:40,,
2026-01-09 12:53:50,,
2026-01-09 12:54:00,,
2026-01-09 12:54:10,,
2026-01-09 12:54:20,,
2026-01-09 12:54:30,48.0,65.0
